id,event_type,event_cause,status,latitude,longitude,corridor,zone,police_station,direction,start_datetime,hour_of_day,day_of_week,is_weekend,month,requires_road_closure,priority,severity_tier,veh_type,description,duration_to_close_min
FKID000001,unplanned,vehicle_breakdown,resolved,12.9218755,77.6451585,ORR East 1,Unknown,HSR Layout,unknown,2024-01-30 04:07:24.173000+00:00,9,1,0,1,False,High,High,heavy_vehicle,starting problem,10.37758925
FKID000003,unplanned,tree_fall,closed,13.0061469,77.5794348,Non-corridor,Unknown,Sadashivanagar,unknown,2024-03-07 17:56:55.061000+00:00,23,3,0,3,True,Low,Low,none,tree fall,9465.174807333333
FKID000004,unplanned,vehicle_breakdown,closed,12.95398,77.5852333,Non-corridor,Unknown,Wilson Garden,unknown,2024-01-30 04:56:32.348000+00:00,10,1,0,1,False,Low,Low,private_bus,[location] ಪೈಪ್ [person] ವಾಹನ ಆಫ್ ಆಗಿರುತ್ತದೆ ಸರ್,38.74983805
FKID000010,unplanned,water_logging,closed,13.0008457,77.6813712,ORR East 2,Unknown,K.R. Pura,unknown,2024-03-07 18:01:40.182000+00:00,23,3,0,3,False,High,High,none,woter logging [person] moment ph [phone],9348.299649083334
FKID000018,unplanned,tree_fall,closed,12.9233517,77.5904883,Non-corridor,Unknown,Jayanagara,unknown,2024-03-07 19:39:29.764000+00:00,1,4,0,3,False,Low,Low,none,ssmrv junction towards 20th main ಬಳಿ ಮರ ಬಿದ್ದಿರುತ್ತೆ,293.3450075
FKID000020,unplanned,vehicle_breakdown,closed,12.9071221,77.6286395,Hosur Road,Unknown,Madiwala,unknown,2024-03-07 19:25:04.302000+00:00,0,4,0,3,False,High,High,heavy_vehicle,ಬೊಮ್ಮನಹಳ್ಳಿ ಟವರ್ಡ್ಸ್ ಸಿಟಿ ಟೆಕ್ನಿಕಲ್ ಪ್ರಾಬ್ಲಮ್ ನಿಂದ ವೆಹಿಕಲ್ ಬ್ರೇಕ್ ಡೌನ್ ಆಗಿರುತ್ತದೆ,27.2487523
FKID000021,unplanned,tree_fall,closed,12.927375,77.5806883,Non-corridor,Unknown,Jayanagara,unknown,2024-03-07 19:45:16.034000+00:00,1,4,0,3,True,Low,Low,none,,2928.5208131000004
FKID000025,unplanned,tree_fall,closed,12.9463911,77.597326,Non-corridor,Unknown,Wilson Garden,unknown,2024-03-07 06:09:19.361000+00:00,11,3,0,3,True,Low,Low,none,no,843.3240253
FKID000028,unplanned,pot_holes,closed,12.9635109,77.6642122,Non-corridor,Unknown,HAL Old Airport,unknown,2024-01-30 08:25:57.212000+00:00,13,1,0,1,False,Low,Low,none,a,9.079776783333333
FKID000033,unplanned,tree_fall,closed,12.92757,77.5832051,Non-corridor,Unknown,Jayanagara,unknown,2024-03-07 20:06:03.523000+00:00,1,4,0,3,False,Low,Low,none,,2907.6902057166667
FKID000041,unplanned,others,closed,12.9936273,77.5844677,Bellary Road 1,Unknown,High ground,unknown,2024-03-07 20:20:31.140000+00:00,1,4,0,3,True,High,High,none,near cm office [person] towards b02 junction sir,106.41915116666668
FKID000047,unplanned,others,closed,13.0262806,77.5442344,Tumkur Road,Unknown,Yeshwanthpura,unknown,2024-03-07 20:27:15.443000+00:00,1,4,0,3,False,High,High,none,mei signal off due to power problem,133.52983253333335
FKID000048,unplanned,tree_fall,closed,12.9938639,77.5844374,Bellary Road 1,Unknown,High ground,unknown,2024-03-07 20:41:41.999000+00:00,2,4,0,3,False,High,High,none,,1829.3005564666666
FKID000049,unplanned,vehicle_breakdown,closed,12.9188682,77.6687736,ORR East 1,Unknown,Bellandur,unknown,2024-01-30 21:27:52.454000+00:00,2,2,0,1,False,High,High,bmtc_bus,bmtc buss off -road due to break down..fire station jn towards [location],55.541728516666666
FKID000053,unplanned,vehicle_breakdown,closed,12.9849833,77.5883633,Bellary Road 1,Unknown,High ground,unknown,2024-01-30 21:47:40.463000+00:00,3,2,0,1,False,High,High,private_car,"lrde ಜಂಕ್ಷನ್ ಯಿಂದ ಬಸವೇಶ್ವರ ಜಂಕ್ಷನ್ ಕಡೆ ಬರುವ ಮದ್ಯದಲ್ಲಿ ಕಾರು ಪಂಚರ್ ಆಗಿದ್ದು,ಟ್ರಾಫಿಕ್ ಸ್ಲೋ ಮುಮೆಂಟ್ ಇರುತ್ತದೆ ಸರ್",69.32987603333332
FKID000055,unplanned,road_conditions,closed,12.9842019,77.7336286,Non-corridor,Unknown,Whitefield,unknown,2024-01-30 21:54:56.083000+00:00,3,2,0,1,False,Low,Low,none,,61.27697078333333
FKID000057,unplanned,vehicle_breakdown,closed,12.9848257,77.7527586,Non-corridor,Unknown,Mahadevapura,unknown,2024-01-30 22:06:02.276000+00:00,3,2,0,1,False,Low,Low,private_car,gear jam not moving traffic slow moving,36.41233746666667
FKID000058,unplanned,tree_fall,closed,12.9932986,77.5837571,Bellary Road 1,Unknown,High ground,unknown,2024-03-07 20:51:39.532000+00:00,2,4,0,3,False,High,High,none,,1819.0784875333334
FKID000059,unplanned,tree_fall,closed,12.9937523,77.5842482,Bellary Road 1,Unknown,High ground,unknown,2024-03-07 20:47:40.640000+00:00,2,4,0,3,False,High,High,none,,1823.1111353833332
FKID000060,unplanned,tree_fall,closed,12.9938868,77.5841876,Bellary Road 1,Unknown,High ground,unknown,2024-03-07 20:45:19.752000+00:00,2,4,0,3,False,High,High,none,,1825.6380844833334
FKID000061,unplanned,vehicle_breakdown,resolved,12.9368467,77.6928653,ORR East 1,Unknown,HAL Old Airport,unknown,2024-01-30 23:05:02.339000+00:00,4,2,0,1,False,High,High,private_car,kadubisanahalli toward devarabisnahalli car starting problem,10.513486133333334
FKID000063,unplanned,vehicle_breakdown,closed,12.9513113,77.4994888,Non-corridor,Unknown,Jnanabharathi,unknown,2024-01-30 23:12:23.123000+00:00,4,2,0,1,False,Low,Low,bmtc_bus,ಬಿಎಂಟಿಸಿ ಬಸ್ ಗೇರ್ ರಾಡ್ ಕಟ್ ಆಗಿ ಕೆಟ್ಟು ನಿಂತಿದೆ ಸರ್,83.22766023333334
FKID000066,unplanned,tree_fall,closed,12.9165983,77.583705,Non-corridor,Unknown,J.P. Nagar,unknown,2024-03-07 20:58:06.297000+00:00,2,4,0,3,False,Low,Low,none,[location] sir 9 th main 46 crs trdd bsnl office tree fallen on main road closed,321.23818236666665
FKID000069,unplanned,vehicle_breakdown,closed,12.9740913,77.5452252,West of Chord Road,Unknown,Vijayanagara,unknown,2024-01-31 00:33:27.663000+00:00,6,2,0,1,False,High,High,bmtc_bus,vehicle movment very slow,44.18835605
FKID000070,unplanned,vehicle_breakdown,closed,12.9740971,77.5449011,West of Chord Road,Unknown,Vijayanagara,unknown,2024-01-31 00:36:02.277000+00:00,6,2,0,1,False,High,High,bmtc_bus,,41.797760616666665
FKID000071,unplanned,vehicle_breakdown,closed,12.9688926,77.569795,Non-corridor,Unknown,Chamarajpet,unknown,2024-01-31 01:24:44.373000+00:00,6,2,0,1,False,Low,Low,auto,"[location] road jn towards mill road jn this vehicle back wheel puncher, traffic little bit slow moving sir",26.158530816666666
FKID000072,unplanned,pot_holes,closed,12.9838737,77.5286068,Magadi Road,Unknown,Kamakshipalya,unknown,2024-01-30 23:46:07.351000+00:00,5,2,0,1,False,High,High,none,,8639.783111666668
FKID000076,unplanned,pot_holes,closed,12.9161187,77.5856548,Non-corridor,Unknown,J.P. Nagar,unknown,2024-03-07 21:11:51.734000+00:00,2,4,0,3,False,Low,Low,none,[location] sir 47 th cross road infront of milana hospital big pathole sir,5754.0936329333335
FKID000080,unplanned,others,closed,12.9449039,77.4949618,Non-corridor,Unknown,Jnanabharathi,unknown,2024-03-07 21:25:26.425000+00:00,2,4,0,3,False,Low,Low,none,bmtc bus offroad in front of adishakti temple,15.88912515
FKID000081,unplanned,tree_fall,closed,12.9873133,77.6163481,Non-corridor,Unknown,Pulikeshinagar(F.Town),unknown,2024-03-07 21:17:00.312000+00:00,2,4,0,3,False,Low,Low,none,ರಸ್ತೆ ಮಧ್ಯದಲ್ಲೇ ಮರ ಬಿದ್ದಿರುವುದರಿಂದ ಸುಗಮ ಸಂಚಾರಕ್ಕೆ ಸ್ವಲ್ಪ ನಿಧಾನ ಗತಿಯಲ್ಲಿ ಇರುತ್ತದೆ,116.8119772
FKID000086,unplanned,vehicle_breakdown,closed,12.8482637,77.6713737,Non-corridor,Unknown,Electronic City,unknown,2024-01-31 02:47:16.032000+00:00,8,2,0,1,False,Low,Low,lcv,lgv breake down veersandar to [location] near ec 1,83.47854003333333
FKID000087,unplanned,vehicle_breakdown,closed,12.96672,77.6093294,Mysore Road,Unknown,Ashok Nagar,unknown,2024-01-31 05:03:24.794000+00:00,10,2,0,1,False,High,High,bmtc_bus,ಡಿಸೋಜ ಟುವರ್ಡ್ಸ್ ಮದರ್ ತೆರೇಸಾ,52.75157615
FKID000088,unplanned,vehicle_breakdown,closed,13.0253205,77.6400845,ORR North 1,Unknown,Banaswadi,unknown,2024-03-07 21:35:50.715000+00:00,3,4,0,3,False,High,High,private_bus,front wheel tyre burst,74.82553706666666
FKID000090,unplanned,water_logging,closed,12.9641056,77.5825203,Mysore Road,Unknown,Halasuru Gate,unknown,2024-01-31 03:04:31.974000+00:00,8,2,0,1,False,High,High,none,sjp road chebar open gai de trfice no problem madam,8282.429940516666
FKID000093,unplanned,vehicle_breakdown,closed,12.9480512,77.5343585,Mysore Road,Unknown,Byatarayanapura,unknown,2024-01-31 04:21:01.833000+00:00,9,2,0,1,False,High,High,heavy_vehicle,nayadahallie towards bhel incoming side traffic no problem,47.68990556666667
FKID000095,unplanned,tree_fall,closed,13.0078566,77.5920655,Non-corridor,Unknown,R.T. Nagar,unknown,2024-03-07 21:47:02.800000+00:00,3,4,0,3,False,Low,Low,none,tv tower tree falling,8.620181266666666
FKID000099,unplanned,tree_fall,closed,13.0022504,77.5722138,Non-corridor,Unknown,Sadashivanagar,unknown,2024-03-07 21:37:11.187000+00:00,3,4,0,3,True,Low,Low,none,tree fall,8761.173063133332
FKID000107,unplanned,vehicle_breakdown,closed,12.9238693,77.5536044,ORR West 1,Unknown,Banashankari,unknown,2024-01-31 05:41:26.253000+00:00,11,2,0,1,False,High,High,others,vehicle off road @ [person] due to clutch problem,141.02791743333333
FKID000113,unplanned,construction,closed,13.0331905,77.5901915,Bellary Road 1,Unknown,Hebbala,unknown,2024-03-07 22:40:56.720000+00:00,4,4,0,3,False,High,High,none,keb cable work @anand [person],545.3734030166667
FKID000122,unplanned,tree_fall,closed,12.9392829,77.5596125,Non-corridor,Unknown,Basavanagudi,unknown,2024-03-07 23:06:49.704000+00:00,4,4,0,3,True,Low,Low,none,bbmp tree cut maduvaru bandiruttare sir.,61.79462865
FKID000123,unplanned,vehicle_breakdown,closed,12.9614398,77.5600867,Mysore Road,Unknown,Chamarajpet,unknown,2024-01-31 08:57:24.573000+00:00,14,2,0,1,False,High,High,lcv,heat,102.3569732
FKID000131,unplanned,vehicle_breakdown,closed,13.114305,77.60655,Bellary Road 2,Unknown,Yelahanka,unknown,2024-01-31 20:34:20.329000+00:00,2,3,0,2,False,High,High,heavy_vehicle,[location] onflyover to wards airport hgv lary tyer bust sir,102.53794968333334
FKID000132,unplanned,vehicle_breakdown,closed,12.9900159,77.5025425,Magadi Road,Unknown,Kamakshipalya,unknown,2024-01-31 20:33:08.407000+00:00,2,3,0,2,False,High,High,bmtc_bus,brekdown traffick slov momnet,106.48373361666667
FKID000134,unplanned,vehicle_breakdown,closed,12.9216832,77.6199372,Hosur Road,Unknown,Madiwala,unknown,2024-01-31 19:45:59.207000+00:00,1,3,0,2,True,High,High,heavy_vehicle,ಅಯ್ಯಪ್ಪ ಜಂಕ್ಷನ್ ಇಂದ ಹೋಗುವ ಮಾರ್ಗ ಮಧ್ಯೆ ಕಸದ ಲಾರಿ ಬ್ರೇಕ್ ಡೌನ್ ಆಗಿರುತ್ತದೆ ಸರ್,75.3592525
FKID000138,unplanned,pot_holes,closed,13.0161873,77.7093516,Non-corridor,Unknown,K.R. Pura,unknown,2024-01-21 00:50:18.118000+00:00,6,6,1,1,True,Low,Low,none,path holes traffic slow movement sir,365.2268505833334
FKID000142,unplanned,water_logging,closed,12.938565,77.6979933,ORR East 1,Unknown,HAL Old Airport,unknown,2024-03-07 23:17:27.277000+00:00,4,4,0,3,False,High,High,none,panathur towards doddakannelli road bad condition  consider bbmp informed,49.972616783333336
FKID000143,unplanned,vehicle_breakdown,closed,12.9690624,77.5872736,Mysore Road,Unknown,Halasuru Gate,unknown,2024-03-07 23:36:30.807000+00:00,5,4,0,3,True,High,High,bmtc_bus,bmtc bus breck down startig agatilla sir,111.6212591
FKID000157,unplanned,vehicle_breakdown,closed,12.8700974,77.6533824,Hosur Road,Unknown,Electronic City,unknown,2024-03-08 00:00:08.664000+00:00,5,4,0,3,False,High,High,bmtc_bus,ಹೊಸ ರೋಡ್ ಸಿಗ್ನಲ್ ಸರ್ ಟೂ ವರ್ಡ್ಸ್ ಹೊಸೂರ ಸ್ಟಾರ್ಟೆರ್ ಪ್ರಾಬ್ಲಮ್ ವೀಲ್ ಜಾಮ್ ಸರ್,52.83199456666667
FKID000159,unplanned,water_logging,closed,12.9211317,77.6627683,ORR East 1,Unknown,Bellandur,unknown,2024-01-25 06:56:05.726000+00:00,12,3,0,1,False,High,High,none,[location] downramp to agar water logging traffic slow moving,9653.8610076
FKID000161,unplanned,others,closed,12.9793286,77.5105419,Non-corridor,Unknown,Jnanabharathi,unknown,2024-03-08 00:49:05.768000+00:00,6,4,0,3,False,Low,Low,none,30 minutes clear bmtc bus air pipe cut agide,81.46960444999999
FKID000162,unplanned,others,closed,12.94819783,77.53467664,Mysore Road,Unknown,Byatarayanapura,unknown,2024-01-31 23:11:54.561000+00:00,4,3,0,2,False,High,High,none,vehicle starting problem,15.3042995
FKID000163,unplanned,tree_fall,closed,13.022765,77.6014354,Non-corridor,Unknown,R.T. Nagar,unknown,2024-03-08 00:28:29.411000+00:00,5,4,0,3,True,Low,Low,none,tree fall dinnuru main rd towards pushpanjali,178.15932105
FKID000166,planned,construction,closed,13.1511992,77.620242,Bellary Road 2,Unknown,Chikkajala,unknown,2024-02-01 00:08:01.156000+00:00,5,3,0,2,False,High,High,none,"ನಮಸ್ತೆ ಸರ್, ಟೊಯೋಟಾ ಶೋರೂಮ್ ಹತ್ತಿರ ಟುವರ್ಡ್ಸ್ ಬೆಂಗಳೂರು ಸಿಟಿ ಕಡೆ ರೋಡ್  ಕೆಲಸ ಮಾಡುತ್ತಿದ್ದರಿಂದ ಟ್ರಾಫಿಕ್ ಮೂಮೆಂಟ್ಸ್ ಸ್ಲೋ  ಆಗಿರುತ್ತದೆ",31.910260883333333
FKID000168,unplanned,pot_holes,closed,13.1212507,77.6179465,Non-corridor,North Zone 2,Yelahanka,unknown,2023-11-20 21:45:57.142000+00:00,3,1,0,11,False,Low,Low,none,[location] main road [location] potholes sir,1510.57253935
FKID000171,unplanned,vehicle_breakdown,closed,12.9664142,77.5125512,Non-corridor,Unknown,Jnanabharathi,unknown,2024-02-01 00:57:55.555000+00:00,6,3,0,2,False,Low,Low,truck,starting problem,11.80107465
FKID000172,unplanned,vehicle_breakdown,closed,12.9758786,77.5643384,Magadi Road,Unknown,Magadi Road,unknown,2024-03-08 01:06:29.002000+00:00,6,4,0,3,False,High,High,auto,traffic normal sir,24.504338233333332
FKID000174,unplanned,tree_fall,closed,12.9124656,77.5805324,Non-corridor,Unknown,J.P. Nagar,unknown,2024-03-07 05:51:32.361000+00:00,11,3,0,3,False,Low,Low,none,[location] sir 32 nd main 5 th cross 1 st phase jp nagar tree fallen on road side,1228.0686473666667
FKID000176,unplanned,vehicle_breakdown,closed,13.0378641,77.5222897,Tumkur Road,Unknown,Peenya,unknown,2024-02-01 01:56:47.544000+00:00,7,3,0,2,False,High,High,lcv,[person],86.29591815
FKID000183,unplanned,vehicle_breakdown,closed,13.0436683,77.6067467,ORR North 1,Unknown,Hebbala,unknown,2024-02-01 02:41:28.522000+00:00,8,3,0,2,False,High,High,bmtc_bus,bmtc volvo bus off road due to wheel jam near lumbini garden towards veeranapalya sir,18.84050655
FKID000184,unplanned,vehicle_breakdown,closed,13.0145688,77.5835164,Bellary Road 1,Unknown,Sadashivanagar,unknown,2024-02-01 03:01:29.624000+00:00,8,3,0,2,False,High,High,lcv,tyre puncture,23.641425966666667
FKID000185,unplanned,vehicle_breakdown,closed,13.0186759,77.5588615,Tumkur Road,Unknown,Yeshwanthpura,unknown,2024-03-08 04:17:45.450000+00:00,9,4,0,3,False,High,High,lcv,10minutes it will be cleared sir,36.504006333333336
FKID000186,unplanned,vehicle_breakdown,closed,12.9494883,77.5368741,Mysore Road,Unknown,Byatarayanapura,unknown,2024-03-08 04:15:18.097000+00:00,9,4,0,3,True,High,High,ksrtc_bus,,23.382822833333332
FKID000187,unplanned,vehicle_breakdown,closed,13.0229482,77.601028,Non-corridor,Unknown,R.T. Nagar,unknown,2024-03-08 04:24:30.158000+00:00,9,4,0,3,False,Low,Low,others,traffic slow,104.21347743333334
FKID000188,unplanned,vehicle_breakdown,closed,12.9928917,77.5854867,Bellary Road 1,Unknown,High ground,unknown,2024-02-01 02:03:46.297000+00:00,7,3,0,2,False,High,High,private_bus,private bus cluch fail ..vehicle stopped in side road  ..traffic moving side road,86.29412574999999
FKID000189,unplanned,vehicle_breakdown,closed,12.9625233,77.6415686,Old Airport Road,Unknown,Jeevanbheemanagar,unknown,2024-03-08 04:27:41.649000+00:00,9,4,0,3,False,High,High,private_car,,70.8526748
FKID000197,unplanned,vehicle_breakdown,closed,12.9891874,77.5070709,Magadi Road,Unknown,Kamakshipalya,unknown,2024-03-08 04:03:17.004000+00:00,9,4,0,3,False,High,High,heavy_vehicle,wheel puncher..,72.9697583
FKID000199,unplanned,construction,closed,13.16120295,77.62691818,Bellary Road 2,Unknown,Chikkajala,unknown,2024-02-01 04:22:39.844000+00:00,9,3,0,2,False,High,High,none,road work,60.798384383333335
FKID000202,unplanned,others,closed,12.8569988,77.5889807,Bannerghata Road,Unknown,Hulimavu,unknown,2024-02-01 05:05:45.838000+00:00,10,3,0,2,False,High,High,none,bmts bus offload in gottigere bus stop.starting problam,119.59072880000001
FKID000203,unplanned,vehicle_breakdown,closed,12.9446407,77.5969852,Non-corridor,Unknown,Wilson Garden,unknown,2024-02-01 03:56:43.720000+00:00,9,3,0,2,False,Low,Low,bmtc_bus,vaccum problem,78.98550595
FKID000205,unplanned,vehicle_breakdown,closed,13.0414238,77.545608,ORR North 2,Unknown,Jalahalli,unknown,2024-03-08 05:42:27.352000+00:00,11,4,0,3,False,High,High,truck,,138.03128305
FKID000206,unplanned,vehicle_breakdown,closed,12.95983785,77.64811735,Old Airport Road,Unknown,Jeevanbheemanagar,unknown,2024-02-01 05:57:58.222000+00:00,11,3,0,2,False,High,High,lcv,vehicle breakdown at old airport road opp [person] hotel,28.376774483333335
FKID000208,unplanned,vehicle_breakdown,closed,12.9197329,77.5835635,Non-corridor,Unknown,Jayanagara,unknown,2024-03-08 05:42:59.334000+00:00,11,4,0,3,False,Low,Low,bmtc_bus,,93.05635131666666
FKID000214,unplanned,vehicle_breakdown,closed,12.8885722,77.640446,Hosur Road,Unknown,Electronic City,unknown,2024-02-01 06:35:40.613000+00:00,12,3,0,2,False,High,High,others,traffic no problem sir,11.49699995
FKID000216,unplanned,construction,closed,13.0450698,77.6440587,Non-corridor,Unknown,Hennuru,unknown,2024-03-08 05:53:36.201000+00:00,11,4,0,3,False,Low,Low,none,"ನಮಸ್ತೆ ಸರ್, ಹೆಣ್ಣೂರ್ ಬಾಗ್ಲೂರ್ ಮುಖ್ಯ ರಸ್ತೆ ಗೆದ್ದಲಹಳ್ಳಿ ಸಿಮೆಂಟ್ ರಸ್ತೆ ಮಾಡುತ್ತಿರುವುದರಿಂದ ವಡ್ದರ್ಪಾಳ್ಯ ಕಡೆಯಿಂದ ಗೆದ್ದಲಹಳ್ಳಿ ಹೋಗುವ ಕಡೆಗೆ ನಿಧಾನಗತಿಯಲ್ಲಿರುತ್ತದೆ ಸಂಚಾರ ನಮಸ್ತೆ ಸರ್",9655.520589099999
FKID000217,unplanned,vehicle_breakdown,resolved,12.9541849,77.5435568,Mysore Road,Unknown,Byatarayanapura,unknown,2024-02-01 07:13:22.381000+00:00,12,3,0,2,False,High,High,bmtc_bus,bolt cut,66.23017465000001
FKID000218,unplanned,others,closed,12.9679023,77.5680413,Non-corridor,Unknown,Chamarajpet,unknown,2024-03-08 06:26:58.707000+00:00,11,4,0,3,False,Low,Low,none,vehicle starting problem sir,199.88949181666666
FKID000224,unplanned,vehicle_breakdown,closed,12.9013118,77.6322397,Hosur Road,Unknown,Madiwala,unknown,2024-02-01 08:30:57.503000+00:00,14,3,0,2,False,High,High,private_bus,private bus offroaded on ec flyover inbetween gb palya towords hongsandra metro staion towords bommanahalli traffic movement slow ide sir,75.03727443333334
FKID000226,unplanned,others,closed,13.0379483,77.6257684,Hennur Main Road,Unknown,K.G. Halli,unknown,2024-03-08 06:28:21.435000+00:00,11,4,0,3,False,High,High,none,bmtc bus is stucked at service road,43.87439846666667
FKID000234,unplanned,vehicle_breakdown,closed,13.0176948,77.553788,Tumkur Road,Unknown,Yeshwanthpura,unknown,2024-02-01 20:14:54.004000+00:00,1,4,0,2,False,High,High,others,there is a bit of traffic congestion.,22.174727083333334
FKID000243,unplanned,tree_fall,closed,12.9441328,77.5010682,Non-corridor,Unknown,Jnanabharathi,unknown,2024-03-08 07:07:56.737000+00:00,12,4,0,3,True,Low,Low,none,,105.48940756666666
FKID000244,unplanned,tree_fall,closed,12.8785528,77.6720521,Non-corridor,Unknown,Electronic City,unknown,2024-03-08 07:16:00.240000+00:00,12,4,0,3,False,Low,Low,none,heavy rain tree fall sir,2198.129693766667
FKID000245,unplanned,vehicle_breakdown,closed,12.9643404,77.5855854,Mysore Road,Unknown,Halasuru Gate,unknown,2024-02-01 21:00:35.479000+00:00,2,4,0,2,False,High,High,lcv,lgv ವಾಹನವು ಬ್ರೇಕ್ ಡೌನ್ ಆಗಿದ್ದು ಸೂಲ್ಪ ಸಮಯದಲ್ಲಿ ಸರಿ ಮಾಡಿಕೊಂಡು ಹೋಗುತ್ತೇವೆ ಎಂದು ತಿಳಿಸಿರುತ್ತಾರೆ ಸರ್,57.51257438333334
FKID000246,unplanned,tree_fall,closed,12.8785573,77.6719048,Non-corridor,Unknown,Electronic City,unknown,2024-03-08 07:18:53.631000+00:00,12,4,0,3,False,Low,Low,none,heavy rain tree fall sir,2195.455855816667
FKID000249,unplanned,vehicle_breakdown,closed,13.0451384,77.5070153,Tumkur Road,Unknown,Peenya,unknown,2024-02-01 21:11:45.068000+00:00,2,4,0,2,False,High,High,heavy_vehicle,,33.33879541666667
FKID000250,unplanned,vehicle_breakdown,closed,12.9474732,77.5340694,Mysore Road,Unknown,Byatarayanapura,unknown,2024-03-08 07:25:21.653000+00:00,12,4,0,3,False,High,High,private_bus,city incoming side bhel 2nd gate opposite mahindra showroom slow moving traffic,39.6093981
FKID000254,unplanned,vehicle_breakdown,closed,13.0355513,77.5265219,Tumkur Road,Unknown,Peenya,unknown,2024-03-08 07:56:14.949000+00:00,13,4,0,3,False,High,High,private_car,peenya flyover incoming car off road due to starting problem at peenya industry [location] station on flyover vehicles are one side moving towards goragontepalya.,10.150965166666667
FKID000255,unplanned,tree_fall,closed,12.92335,77.58296,Non-corridor,Unknown,Jayanagara,unknown,2024-03-08 08:06:30.352000+00:00,13,4,0,3,True,Low,Low,none,,66.3340463
FKID000256,unplanned,vehicle_breakdown,closed,12.9390583,77.6946217,ORR East 1,Unknown,HAL Old Airport,unknown,2024-02-01 23:19:25.609000+00:00,4,4,0,2,False,High,High,bmtc_bus,ನಮಸ್ಕಾರ ಮೇಡಂ,19.115834
FKID000257,unplanned,tree_fall,resolved,12.8509801,77.6601903,Non-corridor,Unknown,Electronic City,unknown,2024-03-08 08:01:56.993000+00:00,13,4,0,3,False,Low,Low,none,ವಟೆರಾ ಜಂಕ್ಷನ್ ಹತ್ತಿರ ಮರ ಬಿದ್ದಿದ್ದು ಒಂದು ಲೈನ್ ನಲ್ಲಿ ವಾಹನಗಳ ಸಂಚಾರ ಇರುತ್ತದೆ ಸರ್,64.12170315
FKID000260,unplanned,others,closed,13.0145576,77.5696436,Non-corridor,Unknown,Sadashivanagar,unknown,2024-02-02 01:06:28.867000+00:00,6,4,0,2,True,Low,Low,none,ಸದರಿ ವಹಿಕಲ್ ರಸ್ತೆಯಲ್ಲಿ ಬಿಟ್ಟು ಡ್ರೈವರ್ ವಾಹನ ಬಿಟ್ಟು ಹೋಗಿರಿತ್ತಾನೆ ಸರ್.,42.96236663333333
FKID000264,unplanned,road_conditions,closed,12.9697862,77.7499252,Non-corridor,Unknown,Whitefield,unknown,2024-02-02 04:22:15.702000+00:00,9,4,0,2,False,Low,Low,none,immadihalli junction,1107.1190462833333
FKID000265,unplanned,others,closed,12.9228111,77.7365506,Non-corridor,Unknown,Whitefield,unknown,2024-02-02 03:37:48.589000+00:00,9,4,0,2,False,Low,Low,none,gunjur govt school road work traffic slow movement sir,87.31756581666667
FKID000267,unplanned,vehicle_breakdown,closed,12.96652735,77.60810502,Mysore Road,Unknown,Ashok Nagar,unknown,2024-03-08 08:45:13.150000+00:00,14,4,0,3,False,High,High,lcv,,66.13607151666666
FKID000268,unplanned,vehicle_breakdown,closed,12.926187,77.6772301,ORR East 1,Unknown,Bellandur,unknown,2024-02-02 04:47:47.027000+00:00,10,4,0,2,False,High,High,bmtc_bus,call me [phone]. bellandur flyover towards [location].,13.551236183333334
FKID000271,unplanned,vehicle_breakdown,closed,13.029877,77.5377738,Tumkur Road,Unknown,Yeshwanthpura,unknown,2024-02-02 05:02:28.323000+00:00,10,4,0,2,False,High,High,others,starting problem traffic no issues sir,30.63011775
FKID000273,unplanned,vehicle_breakdown,closed,12.8353407,77.6791817,Non-corridor,Unknown,Electronic City,unknown,2024-02-02 06:42:32.042000+00:00,12,4,0,2,False,Low,Low,heavy_vehicle,hgv vehicle gearbox problem sir,18.7735204
FKID000274,unplanned,vehicle_breakdown,closed,12.9163498,77.6122067,Non-corridor,Unknown,Mico Layout,unknown,2024-02-02 06:51:47.563000+00:00,12,4,0,2,False,Low,Low,lcv,slow traffic movement from 29th main road towards 16th main of [person].,77.0688961
FKID000283,unplanned,water_logging,closed,12.9616717,77.6308433,Non-corridor,Unknown,Halasur,unknown,2024-03-08 09:08:49.430000+00:00,14,4,0,3,False,Low,Low,none,,820.8788695333334
FKID000294,unplanned,others,closed,12.9827733,77.5622665,Non-corridor,Unknown,Sheshadripuram,unknown,2024-02-02 10:56:03.633000+00:00,16,4,0,2,False,Low,Low,none,fire accident,25.367629383333334
FKID000299,unplanned,vehicle_breakdown,closed,12.9520875,77.5407653,Mysore Road,Unknown,Byatarayanapura,unknown,2024-03-08 18:19:44.590000+00:00,23,4,0,3,False,High,High,heavy_vehicle,good morning sir out going side near [person] temple vehicle break down sir traffic normal ide sir,15.771932999999999
FKID000301,unplanned,accident,closed,12.9595784,77.6492766,Old Airport Road,Unknown,Jeevanbheemanagar,unknown,2024-02-02 19:05:48.642000+00:00,0,5,1,2,False,High,High,none,self and small accindent tata ace [person] breaked near [location] to towards city traffic slow moving sir 🙏,35.956496816666665
FKID000303,unplanned,vehicle_breakdown,resolved,12.9557117,77.6916217,Old Airport Road,Unknown,HAL Old Airport,unknown,2024-02-02 19:27:18.371000+00:00,0,5,1,2,False,High,High,truck,"vehicle breakdown due to steering problem , slow movements from sd road to [person] bridge.",27.47141106666667
FKID000304,unplanned,others,closed,12.9379783,77.5214433,Mysore Road,Unknown,Byatarayanapura,unknown,2024-02-02 20:31:33.404000+00:00,2,5,1,2,False,High,High,none,"vehicle offroad due to air jam, traffic no problem",1922.4556106166667
FKID000309,unplanned,others,closed,12.9357223,77.5134413,Mysore Road,Unknown,Jnanabharathi,unknown,2024-02-02 21:22:52.364000+00:00,2,5,1,2,False,High,High,none,battery issue,17.062712316666666
FKID000313,unplanned,vehicle_breakdown,closed,13.0200506,77.7094059,Non-corridor,Unknown,K.R. Pura,unknown,2024-02-02 21:52:18.741000+00:00,3,5,1,2,False,Low,Low,lcv,ಭಟ್ಟರಹಳ್ಳಿ ಜಂಕ್ಷನ್ ನಿಂದ ಮೇಡಳ್ಳಿ ಜಂಕ್ಷನ್ ಹೋಗುವ ಕಡೆ ವೆಹಿಕಲ್ ಬ್ರೇಕ್ ಡೌನ್ ಆಗಿ ನಿಂತಿದೆ ಸಾರ್,35.281999049999996
FKID000315,unplanned,others,closed,12.9137365,77.6774246,Non-corridor,Unknown,Bellandur,unknown,2024-02-02 22:16:40.569000+00:00,3,5,1,2,False,Low,Low,none,[person] at kaikondralli,1.0946760500000001
FKID000317,unplanned,others,closed,12.9137307,77.6775918,Non-corridor,Unknown,Bellandur,unknown,2024-02-02 22:14:43.198000+00:00,3,5,1,2,False,Low,Low,none,local fair going on.. [person] at kaikondralli,3015.3421913166667
FKID000321,unplanned,vehicle_breakdown,closed,12.9061591,77.5856052,ORR West 1,Unknown,J.P. Nagar,unknown,2024-02-03 00:09:29.436000+00:00,5,5,1,2,False,High,High,private_car,,20.211203416666667
FKID000322,unplanned,vehicle_breakdown,closed,12.9964326,77.5846186,Bellary Road 1,Unknown,High ground,unknown,2024-02-02 22:36:20.220000+00:00,4,5,1,2,False,High,High,ksrtc_bus,ಆರ್ ಪಿ ರೋಡತ್ತಿರ.. ಬ್ರೇಕ್ ಡೌನ್ ಆಗಿರುತ್ತದೆ ಸರ್.. ಸಂಚಾರಕ್ಕೆ ಯಾವುದೇ ತರ [person] ಇರುವುದಿಲ್ಲ.,141.64393971666667
FKID000328,unplanned,accident,closed,12.9735765,77.5693008,Non-corridor,Unknown,Chamarajpet,unknown,2024-03-08 19:47:42.569000+00:00,1,5,1,3,False,Low,Low,none,,78.2774947
FKID000330,unplanned,vehicle_breakdown,closed,12.9354371,77.536311,ORR West 1,Unknown,Banashankari,unknown,2024-02-03 04:03:29.149000+00:00,9,5,1,2,False,High,High,truck,,36.08605643333333
FKID000336,unplanned,vehicle_breakdown,closed,12.8878816,77.6407286,Hosur Road,Unknown,Electronic City,unknown,2024-02-03 06:03:55.432000+00:00,11,5,1,2,False,High,High,lcv,lgv vehical offroad on ec fly over towards [location] near [location] sir,31.520573033333335
FKID000337,unplanned,construction,closed,12.9692805,77.7006521,ORR East 2,Unknown,HAL Old Airport,unknown,2024-03-08 20:25:49.408000+00:00,1,5,1,3,False,High,High,none,[person] working in progress traffic normal,8801.107604216666
FKID000338,unplanned,vehicle_breakdown,closed,13.0451892,77.5070112,Tumkur Road,Unknown,Peenya,unknown,2024-02-03 05:52:22.963000+00:00,11,5,1,2,False,High,High,bmtc_bus,,132.2670364
FKID000343,unplanned,vehicle_breakdown,closed,12.9898004,77.5721914,Non-corridor,Unknown,Sheshadripuram,unknown,2024-02-03 06:54:14.671000+00:00,12,5,1,2,False,Low,Low,bmtc_bus,vehicle breakdown,72.34147603333332
FKID000344,unplanned,vehicle_breakdown,closed,12.92227542,77.61942577,Hosur Road,Unknown,Madiwala,unknown,2024-02-03 06:52:55.219000+00:00,12,5,1,2,False,High,High,bmtc_bus,"ದರ್ಗಾ ಬಸ್ ಸ್ಟಾಪ್ ಹತ್ತಿರ ಎಂ ಪಿ ಎಸ್ ಹೋಗುವ ಕಡೆಗೆ [person] ಜ್ಯಾಮ್ ಆಗಿ ಅಪ್ಲೋಡ್ ಆಗಿರುತ್ತೆ, ಸರ್",96.5241556
FKID000345,unplanned,others,closed,12.913843,77.6774956,Non-corridor,Unknown,Bellandur,unknown,2024-02-03 06:27:05.244000+00:00,11,5,1,2,False,Low,Low,none,local festival fair until 11:00pm,2522.9359043
FKID000348,unplanned,tree_fall,closed,13.0386532,77.5740578,Non-corridor,Unknown,Kodigehalli,unknown,2024-03-08 22:12:26.502000+00:00,3,5,1,3,False,Low,Low,none,[person] main road tree faal traffic normal,508.2992390666667
FKID000349,unplanned,vehicle_breakdown,closed,12.9154072,77.5653126,ORR West 1,Unknown,Banashankari,unknown,2024-03-08 21:40:42.644000+00:00,3,5,1,3,False,High,High,others,vehicle breakdown due to clutch and break problem informed to mechanic,75.99775528333333
FKID000354,unplanned,vehicle_breakdown,closed,12.961075,77.6373946,Old Airport Road,Unknown,Halasur,unknown,2024-02-03 08:48:46.200000+00:00,14,5,1,2,False,High,High,taxi,,10.359373833333333
FKID000358,unplanned,vehicle_breakdown,closed,13.03895,77.5895433,Bellary Road 1,Unknown,Kodigehalli,unknown,2024-02-03 09:11:19.744000+00:00,14,5,1,2,False,High,High,lcv,starting problem,10.859754400000002
FKID000366,unplanned,vehicle_breakdown,closed,12.9955054,77.6656028,ORR North 1,Unknown,Banaswadi,unknown,2024-02-03 17:21:22.875000+00:00,22,5,1,2,False,High,High,heavy_vehicle,vehicle starting problem sir,80.29286535
FKID000369,unplanned,vehicle_breakdown,closed,12.9241031,77.6488026,ORR East 1,Unknown,HSR Layout,unknown,2024-02-03 18:44:43.549000+00:00,0,6,1,2,False,High,High,heavy_vehicle,,16.53580991666667
FKID000372,unplanned,others,closed,12.9329717,77.5086981,Mysore Road,Unknown,Jnanabharathi,unknown,2024-02-03 20:10:54.133000+00:00,1,6,1,2,False,High,High,none,private bus off-road at near [location] sir,36.87994801666667
FKID000377,unplanned,vehicle_breakdown,closed,12.9930661,77.6072646,Non-corridor,Unknown,Pulikeshinagar(F.Town),unknown,2024-02-03 21:34:57.918000+00:00,3,6,1,2,False,Low,Low,bmtc_bus,bus off road @haines junction sir,83.28090113333333
FKID000380,unplanned,vehicle_breakdown,closed,12.9946463,77.757638,Non-corridor,Unknown,Mahadevapura,unknown,2024-02-03 22:46:09.273000+00:00,4,6,1,2,False,Low,Low,private_car,slow moving traffic towards belathur,23.753298683333334
FKID000382,unplanned,vehicle_breakdown,closed,12.8404633,77.6521017,Non-corridor,Unknown,Electronic City,unknown,2024-02-03 23:29:58.574000+00:00,4,6,1,2,False,Low,Low,bmtc_bus,,73.46585520000001
FKID000383,unplanned,vehicle_breakdown,closed,12.990066,77.5051704,Magadi Road,Unknown,Kamakshipalya,unknown,2024-02-03 23:31:11.889000+00:00,5,6,1,2,False,High,High,bmtc_bus,due to break liver cut [location] bus off road traffic slow movement towards sumanahalli,72.26638113333334
FKID000384,unplanned,vehicle_breakdown,closed,13.0332299,77.5882243,Bellary Road 1,Unknown,Kodigehalli,unknown,2024-02-03 23:13:38.216000+00:00,4,6,1,2,False,High,High,lcv,[person] broken,92.67076003333334
FKID000385,unplanned,vehicle_breakdown,closed,12.9559289,77.5459051,Mysore Road,Unknown,Byatarayanapura,unknown,2024-02-04 00:21:22.298000+00:00,5,6,1,2,False,High,High,bmtc_bus,yes,14.5656122
FKID000387,unplanned,vehicle_breakdown,closed,13.0198953,77.7095235,Non-corridor,Unknown,K.R. Pura,unknown,2024-02-04 00:26:38.536000+00:00,5,6,1,2,False,Low,Low,ksrtc_bus,ಟೆಕ್ನಿಕಲ್ ಡಿಫಾಲ್ಟ್ sir,12.90432295
FKID000395,unplanned,vehicle_breakdown,closed,13.030071,77.536943,Tumkur Road,Unknown,Yeshwanthpura,unknown,2024-02-04 02:41:48.749000+00:00,8,6,1,2,False,High,High,heavy_vehicle,one side moving sir near cmti signel [location],102.77983354999999
FKID000397,unplanned,others,closed,13.1025028,77.5994852,Bellary Road 2,Unknown,Yelahanka,unknown,2024-02-04 02:09:27.438000+00:00,7,6,1,2,False,High,High,none,kogilu towards sante circle electrical pool damge sir traffic slow moment sir,1654.0888025333334
FKID000398,unplanned,vehicle_breakdown,closed,13.0455545,77.505774,Tumkur Road,Unknown,Peenya,unknown,2024-02-04 01:41:44.993000+00:00,7,6,1,2,False,High,High,ksrtc_bus,ksrtc bus off road due to fan belt cut traffic no issues main track towerds incoming city traffic one side movement sir,104.3606748
FKID000399,unplanned,vehicle_breakdown,closed,12.99601,77.75823,Non-corridor,Unknown,Mahadevapura,unknown,2024-03-09 01:53:07.107000+00:00,7,5,1,3,False,Low,Low,lcv,slow moving traffic towards belathur junction,11.195320116666666
FKID000402,unplanned,vehicle_breakdown,closed,12.9519615,77.4996318,Non-corridor,Unknown,Jnanabharathi,unknown,2024-02-04 03:36:36.640000+00:00,9,6,1,2,False,Low,Low,bmtc_bus,break down,79.53191238333334
FKID000404,unplanned,accident,closed,13.0982087,77.5712693,Non-corridor,Unknown,Yelahanka,unknown,2024-03-09 02:08:51.761000+00:00,7,5,1,3,False,Low,Low,none,between tractor and tata ace accident,0.8491233333333333
FKID000407,unplanned,vehicle_breakdown,resolved,12.9605694,77.5042779,Non-corridor,Unknown,Jnanabharathi,unknown,2024-02-04 05:37:12.522000+00:00,11,6,1,2,False,Low,Low,bmtc_bus,vehicle is breakdown due to diesel pipe cut.,17.161744300000002
FKID000410,unplanned,vehicle_breakdown,closed,12.9485683,77.5934648,Non-corridor,Unknown,Wilson Garden,unknown,2024-03-09 02:21:23.324000+00:00,7,5,1,3,False,Low,Low,others,10 to siddapur junction bbmp vehicle breakdown  traffic freely moving,69.83975466666668
FKID000413,unplanned,vehicle_breakdown,closed,13.0290051,77.5402099,Tumkur Road,Unknown,Yeshwanthpura,unknown,2024-03-09 03:00:00.758000+00:00,8,5,1,3,False,High,High,heavy_vehicle,"mutyalamma towards gg palya, one side movement",10.261219083333334
FKID000416,unplanned,vehicle_breakdown,closed,13.0102,77.5903783,Non-corridor,Unknown,R.T. Nagar,unknown,2024-02-04 05:55:55.109000+00:00,11,6,1,2,False,Low,Low,auto,cqal cross towards jc nagar ps auto break down traffic normal movement sir near cqal junction sir,15.854282233333333
FKID000417,unplanned,vehicle_breakdown,closed,12.9592991,77.6545459,Old Airport Road,Unknown,Jeevanbheemanagar,unknown,2024-02-04 06:04:14.562000+00:00,11,6,1,2,False,High,High,lcv,"starting problem, isro junction towards [person]",40.82496125
FKID000420,unplanned,vehicle_breakdown,closed,12.9675759,77.6063726,Mysore Road,Unknown,Ashok Nagar,unknown,2024-03-09 05:14:41.106000+00:00,10,5,1,3,False,High,High,lcv,lgv vehicle off road due to tyre blast near old ps junction,39.93153236666667
FKID000421,unplanned,tree_fall,closed,12.9392078,77.5800529,Non-corridor,Unknown,Basavanagudi,unknown,2024-03-09 06:34:21.300000+00:00,12,5,1,3,True,Low,Low,none,south end towards khaji tree fall road close sir,52.854736083333336
FKID000425,unplanned,water_logging,closed,12.948058,77.5739248,Non-corridor,Unknown,Basavanagudi,unknown,2024-03-09 06:43:02.908000+00:00,12,5,1,3,False,Low,Low,none,,45.86103
FKID000430,unplanned,others,closed,12.975762,77.5646846,Magadi Road,Unknown,Magadi Road,unknown,2024-03-09 07:00:11.949000+00:00,12,5,1,3,False,High,High,none,due to puncture a good auto off-road near [location] junction traffic flowing normal,24.955134649999998
FKID000431,unplanned,vehicle_breakdown,closed,12.9156273,77.5694489,Non-corridor,Unknown,Banashankari,unknown,2024-02-04 08:13:13.875000+00:00,13,6,1,2,False,Low,Low,bmtc_bus,bmtc bus offloaded at [location] traffic moving slow sir towords [person] sir,22.23222121666667
FKID000434,unplanned,vehicle_breakdown,closed,13.2675104,77.7198706,Non-corridor,Unknown,Devanahalli Airport,unknown,2024-02-04 09:47:43.456000+00:00,15,6,1,2,False,Low,Low,heavy_vehicle,,32.981926566666665
FKID000442,unplanned,vehicle_breakdown,closed,12.9443726,77.597203,Non-corridor,Unknown,Wilson Garden,unknown,2024-02-04 19:20:45.167000+00:00,0,0,0,2,True,Low,Low,bmtc_bus,no,24.749764333333335
FKID000450,unplanned,vehicle_breakdown,closed,12.9879767,77.5094764,Magadi Road,Unknown,Kamakshipalya,unknown,2024-02-04 19:54:13.391000+00:00,1,0,0,2,False,High,High,truck,starting problem..,107.40422818333333
FKID000456,unplanned,water_logging,closed,12.966254,77.625327,Non-corridor,Unknown,Halasur,unknown,2024-03-09 07:47:29.202000+00:00,13,5,1,3,False,Low,Low,none,road full of water logging slow movement towards asc junction from 23..,634.7593560833334
FKID000457,unplanned,tree_fall,closed,12.9063647,77.5797301,ORR West 1,Unknown,J.P. Nagar,unknown,2024-03-09 07:49:18.726000+00:00,13,5,1,3,False,High,High,none,,628.0100223833334
FKID000458,unplanned,vehicle_breakdown,closed,12.9454287,77.5282021,ORR West 1,Unknown,Byatarayanapura,unknown,2024-02-04 22:31:03.444000+00:00,4,0,0,2,False,High,High,bmtc_bus,,39.407815049999996
FKID000461,unplanned,accident,closed,13.0379984,77.5219185,Tumkur Road,Unknown,Peenya,unknown,2024-02-04 23:10:41.678000+00:00,4,0,0,2,False,High,High,none,accident at [location] on flyover towards outgoing,34.37267258333333
FKID000464,unplanned,vehicle_breakdown,closed,13.0456229,77.5063447,Tumkur Road,Unknown,Peenya,unknown,2024-02-05 00:06:55.264000+00:00,5,0,0,2,False,High,High,private_car,car off-road at 8th mile on flyover towards city incoming traffic one side moving sir,45.264776866666665
FKID000467,unplanned,vehicle_breakdown,closed,12.9481048,77.5732898,Non-corridor,Unknown,Basavanagudi,unknown,2024-02-05 00:51:42.163000+00:00,6,0,0,2,False,Low,Low,bmtc_bus,traffic normal,45.61544075
FKID000471,unplanned,vehicle_breakdown,closed,12.9897616,77.5020282,Magadi Road,Unknown,Kamakshipalya,unknown,2024-02-05 01:50:50.055000+00:00,7,0,0,2,False,High,High,truck,lorry off road due to diesel,77.75613968333333
FKID000472,unplanned,others,closed,12.9694415,77.7006984,ORR East 2,Unknown,HAL Old Airport,unknown,2024-02-05 02:57:14.503000+00:00,8,0,0,2,False,High,High,none,a,170.56828548333334
FKID000473,unplanned,others,closed,13.0020031,77.6796905,ORR East 2,Unknown,K.R. Pura,unknown,2024-02-05 03:06:41.418000+00:00,8,0,0,2,False,High,High,none,pc 19132,18.06991683333333
FKID000474,unplanned,vehicle_breakdown,closed,13.0418888,77.5476664,ORR North 2,Unknown,Jalahalli,unknown,2024-02-05 03:31:36.146000+00:00,9,0,0,2,False,High,High,bmtc_bus,,90.19006885
FKID000477,unplanned,water_logging,closed,12.9613179,77.6318647,Non-corridor,Unknown,Halasur,unknown,2024-03-09 07:59:17.654000+00:00,13,5,1,3,False,Low,Low,none,water loging [person] towards commando hospital,1043.3983678333332
FKID000479,unplanned,vehicle_breakdown,closed,13.0757816,77.5904347,Bellary Road 2,Unknown,Yelahanka,unknown,2024-02-05 05:39:24.680000+00:00,11,0,0,2,False,High,High,private_car,jakkur cross on flyover towards airport due to empty fuel traffic moment slow sir,12.225998116666666
FKID000480,unplanned,water_logging,closed,12.9613255,77.6317795,Non-corridor,Unknown,Halasur,unknown,2024-03-09 08:02:46.293000+00:00,13,5,1,3,False,Low,Low,none,water loging commando hospital towards [person],1039.9556850166666
FKID000482,unplanned,water_logging,closed,13.0102806,77.6978433,Non-corridor,Unknown,K.R. Pura,unknown,2024-02-05 07:24:13.608000+00:00,12,0,0,2,False,Low,Low,none,water loging grt towards city sir vehicle movement slow sor,3481.07047895
FKID000492,unplanned,tree_fall,closed,12.9289423,77.6179915,Hosur Road,Unknown,Adugodi,unknown,2024-03-09 08:04:54.844000+00:00,13,5,1,3,False,High,High,none,,62.19627536666667
FKID000495,unplanned,vehicle_breakdown,closed,13.0929683,77.59668,Bellary Road 2,Unknown,Yelahanka,unknown,2024-02-05 12:36:33.524000+00:00,18,0,0,2,False,High,High,heavy_vehicle,hgv vehicle offroad@ vidyashilpa towards city  sir,76.96167763333332
FKID000500,unplanned,vehicle_breakdown,closed,12.9681574,77.6061899,Mysore Road,Unknown,Ashok Nagar,unknown,2024-02-05 19:23:35.292000+00:00,0,1,0,2,False,High,High,heavy_vehicle,,61.782266433333334
FKID000501,unplanned,vehicle_breakdown,closed,12.9561486,77.7009942,Varthur Road,Unknown,HAL Old Airport,unknown,2024-02-05 19:22:40.347000+00:00,0,1,0,2,False,High,High,heavy_vehicle,"marattalli bridge service road towards [location],",37.483846299999996
FKID000503,unplanned,vehicle_breakdown,closed,12.9458905,77.5284091,ORR West 1,Unknown,Byatarayanapura,unknown,2024-02-05 19:51:05.237000+00:00,1,1,0,2,False,High,High,others,got  off road nayandallli towards bapujinagar.... vehicle starting problem,39.58132188333333
FKID000504,unplanned,congestion,closed,13.041233,77.6223217,Hennur Main Road,Unknown,Hennuru,unknown,2024-02-05 20:46:01.535000+00:00,2,1,0,2,False,High,High,none,[person] towards keb slow movement due to [location] work,41.08258143333333
FKID000505,unplanned,others,closed,12.9653189,77.5842525,Mysore Road,Unknown,Halasuru Gate,unknown,2024-02-05 21:06:58.614000+00:00,2,1,0,2,False,High,High,none,[location] [person] no problem sir,1862.94228465
FKID000506,unplanned,water_logging,closed,12.9063813,77.585974,ORR West 1,Unknown,J.P. Nagar,unknown,2024-02-05 21:20:00.750000+00:00,2,1,0,2,False,High,High,none,[location] sir puttenahalli underpass water logging,3321.72448815
FKID000513,unplanned,others,closed,12.9424905,77.7467855,Non-corridor,Unknown,Whitefield,unknown,2024-03-09 10:26:12.959000+00:00,15,5,1,3,False,Low,Low,none,bescom cable work is going on so traffic slow movement in varthur sector sir,567.0433455166666
FKID000515,unplanned,tree_fall,closed,12.9696333,77.603115,Mysore Road,Unknown,Ashok Nagar,unknown,2024-03-09 11:35:35.241000+00:00,17,5,1,3,False,High,High,none,[location] ರಸ್ತೆಯಲ್ಲಿ ಒಂದು ದೊಡ್ಡ ಮರ ಫುಟ್ ಪಾತ್ ಮೇಲೆ ಬಿದ್ದಿದ್ದು ಆದರ ಕೆಲವು ಕೊಂಬೆಗಳು ರಸ್ತೆಯ ಮೇಲೆ ಬಿದ್ದಿರುತ್ತವೆ. ಸಂಚಾರಕ್ಕೆ ಯಾವುದೇ ತೊಂದರೆ ಇರುವುದಿಲ್ಲ. ಸಾಕ್ರೆಡ್ ಹಾರ್ಟ್ [person] ಪಾತ್,2191.5870473500004
FKID000520,unplanned,vehicle_breakdown,closed,13.030281,77.585662,Bellary Road 1,Unknown,Kodigehalli,unknown,2024-02-05 22:08:54.832000+00:00,3,1,0,2,False,High,High,lcv,vehicle offload due to bolt cut at veterinary college towards city,110.65663531666668
FKID000521,unplanned,pot_holes,closed,13.1211683,77.6179233,Non-corridor,Unknown,Yelahanka,unknown,2024-02-05 22:07:06.730000+00:00,3,1,0,2,False,Low,Low,none,potholes sir,6478.14761105
FKID000525,unplanned,tree_fall,closed,12.9318535,77.5838672,Non-corridor,Unknown,Jayanagara,unknown,2024-03-09 18:25:26.076000+00:00,23,5,1,3,False,Low,Low,none,canara jn towards syndicate jn one side traffic moving sir,1938.8078038166668
FKID000527,unplanned,tree_fall,closed,12.9264413,77.5808446,Non-corridor,Unknown,Jayanagara,unknown,2024-03-09 18:33:14.368000+00:00,0,6,1,3,False,Low,Low,none,33 cross road traffic no problem sir,7741.090977233333
FKID000528,unplanned,tree_fall,closed,12.9216,77.5807633,Non-corridor,Unknown,Jayanagara,unknown,2024-03-09 18:48:36.647000+00:00,0,6,1,3,True,Low,Low,none,5 main road 38 th towards 39 a cross just 100 miter road close traffic no problem sir,7725.8088132
FKID000529,unplanned,tree_fall,closed,12.9222233,77.5836883,Non-corridor,Unknown,Jayanagara,unknown,2024-03-09 19:00:11.103000+00:00,0,6,1,3,False,Low,Low,none,traffic one side moving sir no problem sir,7714.292728683333
FKID000531,unplanned,vehicle_breakdown,closed,12.9841406,77.7519672,Non-corridor,Unknown,Mahadevapura,unknown,2024-03-09 19:02:31.996000+00:00,0,6,1,3,False,Low,Low,truck,slow moving traffic,75.83953751666667
FKID000533,unplanned,others,closed,12.953515,77.5003879,Non-corridor,Unknown,Jnanabharathi,unknown,2024-02-05 22:22:41.522000+00:00,3,1,0,2,False,Low,Low,none,"bmtc bus off-road at [location], traffic moment normal sir..",19.413640933333333
FKID000535,unplanned,vehicle_breakdown,closed,13.0028466,77.5838445,Bellary Road 1,Unknown,Sadashivanagar,unknown,2024-02-06 00:07:14.214000+00:00,5,1,0,2,False,High,High,others,vehicle break down,21.48659638333333
FKID000537,unplanned,vehicle_breakdown,closed,12.9597916,77.6415806,Old Airport Road,Unknown,Halasur,unknown,2024-02-05 23:35:37.408000+00:00,5,1,0,2,False,High,High,bmtc_bus,bmtc bus off road [location] flyover towards 17th main traffic slow movements sir,10.285472433333332
FKID000538,unplanned,vehicle_breakdown,closed,12.9364,77.5185545,Mysore Road,Unknown,Byatarayanapura,unknown,2024-02-05 22:57:32.119000+00:00,4,1,0,2,False,High,High,bmtc_bus,,78.04236811666667
FKID000539,unplanned,vehicle_breakdown,closed,13.0293051,77.5402265,Tumkur Road,Unknown,Yeshwanthpura,unknown,2024-03-09 20:03:56.128000+00:00,1,6,1,3,False,High,High,others,"[person] towards gg palya, one side movement",8.949905016666666
FKID000541,unplanned,vehicle_breakdown,closed,12.9608088,77.6386153,Old Airport Road,Unknown,Halasur,unknown,2024-03-09 20:20:48.504000+00:00,1,6,1,3,False,High,High,bmtc_bus,,85.34070533333333
FKID000542,unplanned,tree_fall,closed,12.93269,77.5886561,Non-corridor,Unknown,Jayanagara,unknown,2024-03-09 19:30:11.949000+00:00,1,6,1,3,False,Low,Low,none,one side traffic moving sir,7684.336017833333
FKID000543,unplanned,water_logging,closed,12.9766224,77.6009202,Old Madras Road,Unknown,Cubbon Park,unknown,2024-03-09 20:23:55.744000+00:00,1,6,1,3,False,High,High,none,water logging & sanitary blockege   no traffic  problem,6102.368835766667
FKID000544,unplanned,vehicle_breakdown,closed,13.0019858,77.5838626,Bellary Road 1,Unknown,Sadashivanagar,unknown,2024-03-09 19:27:13.135000+00:00,0,6,1,3,False,High,High,lcv,starting problem sir,74.08036368333335
FKID000556,unplanned,vehicle_breakdown,closed,12.9462817,77.6072168,Hosur Road,Unknown,Adugodi,unknown,2024-02-06 02:34:32.057000+00:00,8,1,0,2,False,High,High,heavy_vehicle,vehicle break down adugodi near bosch u turn towards city,57.48541201666667
FKID000563,unplanned,accident,closed,13.050612,77.5933747,Bellary Road 1,Unknown,Hebbala,unknown,2024-02-06 04:47:36.961000+00:00,10,1,0,2,False,High,High,none,ಕೆಂಪಾಪುರ ಟೂವರ್ಡ್ಸ್ ಏರ್ಪೋರ್ಟ್ ಕಡೆಗೆ ಮೇನ್ ಟ್ರ್ಯಾಕ್ ಅಲ್ಲಿ ಡಿವೈಡರ್ಗೆ ಕಾರು ಆಕ್ಸಿಡೆಂಟ್ ಮಾಡಿಕೊಂಡಿದೆ ಸರ್,16.25948615
FKID000567,unplanned,vehicle_breakdown,closed,13.0168373,77.5840601,Bellary Road 1,Unknown,Sadashivanagar,unknown,2024-03-09 23:09:17.618000+00:00,4,6,1,3,False,High,High,bmtc_bus,puncture at ತರಳಬಾಳು junction incoming side,88.67010386666668
FKID000568,unplanned,vehicle_breakdown,closed,13.0468824,77.5756714,ORR North 2,Unknown,Kodigehalli,unknown,2024-03-10 00:15:37.663000+00:00,5,6,1,3,False,High,High,lcv,ಭದ್ರಪ್ಪ towards nagashettihalli,49.33388356666667
FKID000569,unplanned,road_conditions,closed,12.9018662,77.6011464,Bannerghata Road,Unknown,Mico Layout,unknown,2024-02-06 06:21:46.910000+00:00,11,1,0,2,False,High,High,none,in [location] junction signal light bescom work in progress so traffic moving slowly from roobi to hsbc junction sir,41.26528335
FKID000578,unplanned,vehicle_breakdown,closed,13.0879383,77.5940317,Bellary Road 2,Unknown,Yelahanka,unknown,2024-02-06 18:31:15.819000+00:00,0,2,0,2,False,High,High,private_bus,vehicle offroad@ alasandara flyover towards bypass sir,35.9550146
FKID000582,unplanned,vehicle_breakdown,closed,13.0396997,77.5182903,Tumkur Road,Unknown,Peenya,unknown,2024-03-10 01:03:49.259000+00:00,6,6,1,3,False,High,High,bmtc_bus,100 ft road towards [location] bus off road traffic one side movement,11.41129385
FKID000586,unplanned,accident,closed,13.1250833,77.6124167,Bellary Road 2,Unknown,Yelahanka,unknown,2024-02-06 18:59:47.791000+00:00,0,2,0,2,False,High,High,none,accident @ bsf towards city sir,65.95049823333333
FKID000587,unplanned,vehicle_breakdown,closed,12.9800539,77.5727642,Non-corridor,Unknown,Upparpet,unknown,2024-02-06 19:26:44.765000+00:00,0,2,0,2,False,Low,Low,bmtc_bus,,110.95514761666666
FKID000588,unplanned,vehicle_breakdown,closed,12.85678142,77.66416602,Non-corridor,Unknown,Electronic City,unknown,2024-02-06 20:58:39.824000+00:00,2,2,0,2,False,Low,Low,heavy_vehicle,gs palya down ramp towards hosuru,28.716758966666664
FKID000589,unplanned,vehicle_breakdown,closed,12.9679697,77.5909676,Mysore Road,Unknown,Halasuru Gate,unknown,2024-02-06 19:37:01.233000+00:00,1,2,0,2,False,High,High,bmtc_bus,hc11752,131.20510380000002
FKID000590,unplanned,vehicle_breakdown,resolved,12.9567473,77.5342133,Mysore Road,Unknown,Chamarajpet,unknown,2024-02-06 20:52:03.228000+00:00,2,2,0,2,False,High,High,bmtc_bus,stairing problem,102.62026928333333
FKID000597,unplanned,vehicle_breakdown,closed,13.0286023,77.5361493,Tumkur Road,Unknown,Yeshwanthpura,unknown,2024-03-10 03:51:02.209000+00:00,9,6,1,3,False,High,High,heavy_vehicle,starting probel vaccume lock aagide,125.82290351666667
FKID000598,unplanned,vehicle_breakdown,closed,12.9875809,77.619241,Non-corridor,Unknown,Pulikeshinagar(F.Town),unknown,2024-02-06 22:39:39.884000+00:00,4,2,0,2,False,Low,Low,heavy_vehicle,yes,51.529733783333334
FKID000599,unplanned,vehicle_breakdown,closed,12.9614333,77.5606533,Mysore Road,Unknown,Chamarajpet,unknown,2024-02-06 21:29:36.014000+00:00,2,2,0,2,False,High,High,bmtc_bus,,3.73901635
FKID000604,unplanned,vehicle_breakdown,closed,12.9436333,77.7471783,Non-corridor,Unknown,Whitefield,unknown,2024-02-07 01:42:39.444000+00:00,7,2,0,2,False,Low,Low,bmtc_bus,bus break down varthur college towards varthur ps,18.3825912
FKID000605,unplanned,vehicle_breakdown,closed,13.0299352,77.5366387,Tumkur Road,Unknown,Yeshwanthpura,unknown,2024-02-07 02:47:40.423000+00:00,8,2,0,2,False,High,High,heavy_vehicle,starting problem sir near cmti signel from [location],7.900588366666667
FKID000609,unplanned,vehicle_breakdown,closed,12.9163228,77.570324,Non-corridor,Unknown,Banashankari,unknown,2024-02-07 04:10:22.184000+00:00,9,2,0,2,False,Low,Low,bmtc_bus,bmtc bus starting problem sir traffic slow movements sir,14.79356025
FKID000610,unplanned,vehicle_breakdown,closed,13.0413323,77.6224696,Hennur Main Road,Unknown,Hennuru,unknown,2024-02-07 04:38:21.517000+00:00,10,2,0,2,False,High,High,heavy_vehicle,tyer puncher,100.59974936666667
FKID000612,unplanned,vehicle_breakdown,closed,12.9857333,77.5266267,Magadi Road,Unknown,Kamakshipalya,unknown,2024-03-10 03:59:18.657000+00:00,9,6,1,3,False,High,High,others,n,102.56760073333334
FKID000615,unplanned,others,closed,12.9858915,77.5264086,Magadi Road,Unknown,Kamakshipalya,unknown,2024-03-10 04:31:04.775000+00:00,10,6,1,3,False,High,High,none,n,156.8681104
FKID000623,unplanned,others,closed,13.019261,77.6558323,ORR North 1,Unknown,Banaswadi,unknown,2024-02-07 06:53:40.838000+00:00,12,2,0,2,False,High,High,none,current off,65.11967595
FKID000631,unplanned,vehicle_breakdown,closed,12.9627,77.5653883,Mysore Road,Unknown,Chamarajpet,unknown,2024-03-10 04:55:48.993000+00:00,10,6,1,3,False,High,High,bmtc_bus,side alli ide traffic no problem sir,46.61182065
FKID000632,unplanned,vehicle_breakdown,closed,13.0473308,77.5011321,Non-corridor,Unknown,Peenya,unknown,2024-02-07 11:55:57.819000+00:00,17,2,0,2,False,Low,Low,heavy_vehicle,peenya flyover outgoing [location] station on flyover hgv off road vehicles one side moving towards nelamangala.,41.68652611666666
FKID000633,unplanned,vehicle_breakdown,closed,12.9560094,77.7279445,Varthur Road,Unknown,Whitefield,unknown,2024-03-10 05:10:21.599000+00:00,10,6,1,3,False,High,High,bmtc_bus,ready to 30 minutes,37.8018373
FKID000634,unplanned,vehicle_breakdown,closed,12.8883535,77.5620501,Non-corridor,Unknown,Thalagattapura,unknown,2024-03-10 05:17:55.147000+00:00,10,6,1,3,False,Low,Low,heavy_vehicle,vehicle off roaded due to technical reason,118.13179021666666
FKID000635,unplanned,vehicle_breakdown,closed,13.0083988,77.6957918,Non-corridor,Unknown,K.R. Pura,unknown,2024-02-07 17:25:21.645000+00:00,22,2,0,2,False,Low,Low,others,vehicle front tyre blast towards hoskote,58.84397311666667
FKID000636,unplanned,vehicle_breakdown,closed,13.0014249,77.5837935,Bellary Road 1,Unknown,Sadashivanagar,unknown,2024-02-07 18:53:13.143000+00:00,0,3,0,2,False,High,High,private_car,[person] to cauvery,40.3799524
FKID000638,unplanned,others,closed,12.9834332,77.5950398,CBD 2,Unknown,Cubbon Park,unknown,2024-02-07 19:26:43.183000+00:00,0,3,0,2,False,High,High,none,chamber plate damaged placed a barricade,8750.818675366667
FKID000646,unplanned,others,closed,13.0454386,77.5020767,Non-corridor,Unknown,Peenya,unknown,2024-02-07 20:51:58.144000+00:00,2,3,0,2,False,Low,Low,none,[location] flyover cleaning work progress on near [location] on flyover towards city traffic normal moving sir,187.72091528333334
FKID000650,unplanned,vehicle_breakdown,closed,13.044785,77.6266483,Hennur Main Road,Unknown,Hennuru,unknown,2024-02-07 22:10:03.484000+00:00,3,3,0,2,False,High,High,heavy_vehicle,,92.29220731666666
FKID000655,unplanned,others,closed,12.9775418,77.5742287,Non-corridor,Unknown,Upparpet,unknown,2024-03-10 06:14:23.988000+00:00,11,6,1,3,False,Low,Low,none,ಖಾಸಗಿ ಸ್ಲೀಪರ್ ಬಸ್ ಗೇರ್ ಬ್ಲಾಕ್ ಆಗಿ ಆಫ್ ರೋಡ್ ಆಗಿರುತ್ತದೆ,48.6091393
FKID000657,unplanned,accident,closed,12.9011982,77.5443666,Non-corridor,Unknown,K.S. Layout,unknown,2024-02-07 23:35:47.409000+00:00,5,3,0,2,False,Low,Low,none,date 25/03/2026 ರಂದು ಉತ್ತರಹಳ್ಳಿ ರಸ್ತೆಯಿಂದ ಚಿನ್ನ ಸಂದ್ರ ಕಡೆಗೆ  ಹೋಗುವ ನಾಯಿ ಅಡ್ಡ ಬಂದು ನನ್ನ ಕಾರನ್ನು,4.357959916666667
FKID000658,unplanned,vehicle_breakdown,closed,12.9667804,77.5874869,Mysore Road,Unknown,Halasuru Gate,unknown,2024-02-07 23:13:12.801000+00:00,4,3,0,2,False,High,High,lcv,[location] ಕ್ಕೆ ತೊಂದ್ರೆ ಆಗತಾ ಇದೆ...,4.0160994500000005
FKID000664,unplanned,others,closed,13.0391876,77.5193964,Tumkur Road,Unknown,Peenya,unknown,2024-02-08 00:15:55.584000+00:00,5,3,0,2,False,High,High,none,[location] flyover cleaning work progress on [location] circle on flyover towards city traffic normal sir,1303.7770233833332
FKID000668,unplanned,vehicle_breakdown,closed,12.9427928,77.5974063,Non-corridor,Unknown,Wilson Garden,unknown,2024-03-10 06:59:26.933000+00:00,12,6,1,3,False,Low,Low,lcv,,41.98896968333334
FKID000673,unplanned,vehicle_breakdown,closed,12.976579,77.5888679,Non-corridor,Unknown,Cubbon Park,unknown,2024-03-10 07:07:12.650000+00:00,12,6,1,3,False,Low,Low,bmtc_bus,,99.42997704999999
FKID000674,unplanned,others,closed,12.9096044,77.6762233,Non-corridor,Unknown,Bellandur,unknown,2024-03-10 07:25:47.403000+00:00,12,6,1,3,False,Low,Low,none,local fair going on huge crowd that's why traffic slow movement until 11pm,2267.11059435
FKID000676,unplanned,vehicle_breakdown,closed,12.9636778,77.585023,Mysore Road,Unknown,Halasuru Gate,unknown,2024-02-08 03:07:01.062000+00:00,8,3,0,2,False,High,High,bmtc_bus,vehical break down,49.17207883333333
FKID000681,unplanned,vehicle_breakdown,closed,13.0292386,77.5365365,Tumkur Road,Unknown,Yeshwanthpura,unknown,2024-02-08 04:24:44.508000+00:00,9,3,0,2,False,High,High,lcv,one side traffic movement,7.371330166666667
FKID000684,unplanned,vehicle_breakdown,closed,12.9558203,77.7157905,Varthur Road,Unknown,Whitefield,unknown,2024-02-08 04:22:14.183000+00:00,9,3,0,2,False,High,High,lcv,engine problem 30 minutes to repair,59.29006258333333
FKID000685,unplanned,vehicle_breakdown,closed,12.9806035,77.5707879,Non-corridor,Unknown,Chamarajpet,unknown,2024-02-08 04:28:19.101000+00:00,9,3,0,2,False,Low,Low,others,diesel nile,15.77857665
FKID000692,unplanned,water_logging,closed,12.9064837,77.5859033,ORR West 1,Unknown,J.P. Nagar,unknown,2024-02-03 21:43:39.588000+00:00,3,6,1,2,False,High,High,none,ನಮಸ್ತೆ ಸರ್ ರಿಂಗ್ ರೋಡ್ ಲಿ ಬರುವ ಪುಟ್ಟೇನಹಳ್ಳಿ ಅಂಡರಪಾಸ್ ಲಿ ಮಳೆ ನೀರು ಚೇಂಬರ್ ಲಿ ಹೋಗದೆ ರೋಡಲ್ಲಿ ನಿಂತಿರುವುದರಿಂದ ಅಪಘಾತ ಆಗುವ ಸಂಭವ ಇರುತ್ತದೆ ಸರ್,6178.0393693333335
FKID000695,unplanned,vehicle_breakdown,closed,13.01855644,77.55852789,Tumkur Road,Unknown,Yeshwanthpura,unknown,2024-02-08 05:20:48.412000+00:00,10,3,0,2,False,High,High,bmtc_bus,tyre puncture sir,45.83979136666667
FKID000697,unplanned,vehicle_breakdown,closed,12.99612,77.5847715,Bellary Road 1,Unknown,High ground,unknown,2024-03-10 09:33:24.446000+00:00,15,6,1,3,False,High,High,heavy_vehicle,"ಆರ್ ಪಿ ರೋಡ್ ನಲ್ಲಿ ಔಟ್ ಗೋಯಿಂಗ್ ಸೈಡ್ ರೈಲ್ವೆ [location] ಬ್ರಿಡ್ಜ್ ಒಂದು ಸಿಮೆಂಟ್ ಮಿಕ್ಸರ್ ಲಾರಿ ಆಫ್ ರೋಡ್ ಆಗಿದ್ದು, ಔಟ್ ಗೋಯಿಂಗ್ ಸಂಚಾರ ನಿಧಾನವಾಗಿ ಇರುತ್ತೆ.",105.14612633333333
FKID000700,unplanned,vehicle_breakdown,closed,13.0040559,77.5830881,Bellary Road 1,Unknown,Sadashivanagar,unknown,2024-03-10 13:20:36.875000+00:00,18,6,1,3,False,High,High,heavy_vehicle,cauvery underpass heavy truk struck,27.93791925
FKID000701,unplanned,vehicle_breakdown,closed,13.0393024,77.5190934,Tumkur Road,Unknown,Peenya,unknown,2024-02-08 07:10:57.869000+00:00,12,3,0,2,False,High,High,bmtc_bus,"bmtc bus off road near [location] cross, opp: bsnl office, [location], out going, starting problem sir",12.276266133333333
FKID000706,unplanned,tree_fall,closed,12.9774516,77.580309,Non-corridor,Unknown,Upparpet,unknown,2024-03-10 18:51:33.457000+00:00,0,0,0,3,True,Low,Low,none,traffic divrted,56.79600258333333
FKID000708,unplanned,vehicle_breakdown,closed,13.0858183,77.5937033,Bellary Road 2,Unknown,Yelahanka,unknown,2024-02-08 10:09:11.762000+00:00,15,3,0,2,False,High,High,heavy_vehicle,vehicle offroad@ alalsandara flyover towards bypass sir,45.69163531666666
FKID000712,unplanned,vehicle_breakdown,closed,12.9859933,77.5793638,Non-corridor,Unknown,High ground,unknown,2024-03-10 21:16:41.308000+00:00,2,0,0,3,False,Low,Low,bmtc_bus,ರೇಶ್ಯೂ ಜಂಕ್ಷನ್ ನಿಂದ ಶಿವಾನಂದ ಜಂಕ್ಷನ್ ಕಡೆಗೆ ಹೋಗುವ [person] ಈ ವಾಹನವು ಕೆಟ್ಟ ನಿಂತಿರುತ್ತದೆ,42.935636433333336
FKID000714,unplanned,others,closed,12.9540483,77.5913017,Non-corridor,Unknown,Wilson Garden,unknown,2024-03-10 20:52:16.174000+00:00,2,0,0,3,False,Low,Low,none,bwssb ವಾಟರ್ ಲಿಕೆಜ ಸರ್ 🙏,280.83443520000003
FKID000715,unplanned,others,closed,12.9216667,77.6213533,Hosur Road,Unknown,Madiwala,unknown,2024-02-08 18:07:51.907000+00:00,23,3,0,2,False,High,High,none,ಎಂಪೆ ಕೃಪಾ ನಿಧಿಯಿಂದ ಎಂ ಪಿ ಎಸ್ ಬರುವ ಕಡೆಗೆ ಪಂಚರಾಗಿ ಅಪ್ಲೋಡ್ ಆಗಿದ್ದು 20 ನಿಮಿಷದಲ್ಲಿ,26.72452003333333
FKID000719,unplanned,vehicle_breakdown,closed,12.9872076,77.5801517,Non-corridor,Unknown,High ground,unknown,2024-02-08 19:07:12.341000+00:00,0,4,0,2,False,Low,Low,ksrtc_bus,vehicle break down,95.82774763333333
FKID000720,unplanned,vehicle_breakdown,closed,12.901769,77.7072031,Non-corridor,Unknown,Whitefield,unknown,2024-03-10 22:44:57.426000+00:00,4,0,0,3,False,Low,Low,others,water tanker breakdown nera belunus hospital towards carmelram,34.2924117
FKID000721,unplanned,vehicle_breakdown,closed,12.9842607,77.6002114,Non-corridor,Unknown,Shivajinagar,unknown,2024-03-10 23:13:23.589000+00:00,4,0,0,3,False,Low,Low,heavy_vehicle,bbmp garbage vahicle breakdown in pathole,129.19878353333334
FKID000725,unplanned,vehicle_breakdown,closed,13.0400857,77.5186436,Tumkur Road,Unknown,Peenya,unknown,2024-03-10 23:26:49.109000+00:00,4,0,0,3,False,High,High,bmtc_bus,towards city,19.84877475
FKID000732,unplanned,others,closed,12.9876992,77.5138278,Magadi Road,Unknown,Kamakshipalya,unknown,2024-02-08 20:00:23.311000+00:00,1,4,0,2,False,High,High,none,vehicle starting problem,611.3854716000001
FKID000744,unplanned,vehicle_breakdown,closed,12.995394,77.5505958,West of Chord Road,Unknown,Vijayanagara,unknown,2024-03-11 01:23:49.149000+00:00,6,0,0,3,False,High,High,ksrtc_bus,self not working...,115.28882806666667
FKID000745,unplanned,vehicle_breakdown,resolved,12.9757009,77.5572382,Magadi Road,Unknown,Magadi Road,unknown,2024-02-08 21:42:19.086000+00:00,3,4,0,2,False,High,High,bmtc_bus,,7.7180967
FKID000748,unplanned,vehicle_breakdown,closed,12.9591872,77.7012264,Varthur Road,Unknown,HAL Old Airport,unknown,2024-02-08 21:30:42.663000+00:00,3,4,0,2,False,High,High,bmtc_bus,ಬಿಎಂಟಿಸಿ ಬಸ್ ಪಂಚರ್ ಆಗಿ ಆಫ್ ರೋಡ್ ಆಗಿದೆ ಸರ್,98.82358633333334
FKID000749,unplanned,others,closed,13.01862439,77.55800419,Tumkur Road,Unknown,Yeshwanthpura,unknown,2024-02-08 22:02:29.726000+00:00,3,4,0,2,False,High,High,none,passenger auto line for lpg gas sir,1327.4565705999998
FKID000752,unplanned,vehicle_breakdown,closed,13.04244,77.5917,Bellary Road 1,Unknown,Hebbala,unknown,2024-02-08 22:32:06.891000+00:00,4,4,0,2,False,High,High,ksrtc_bus,due to gear problem,12.097447016666667
FKID000755,unplanned,vehicle_breakdown,closed,12.9233673,77.6003486,Bannerghata Road,Unknown,Mico Layout,unknown,2024-03-11 02:02:17.213000+00:00,7,0,0,3,False,High,High,lcv,starting problem,10.48741705
FKID000756,unplanned,vehicle_breakdown,closed,13.051243,77.5079024,Non-corridor,Unknown,Chikkabanavara,unknown,2024-02-08 23:49:22.811000+00:00,5,4,0,2,False,Low,Low,bmtc_bus,battery problem,73.79083653333333
FKID000757,unplanned,vehicle_breakdown,closed,12.9163992,77.6343214,ORR East 1,Unknown,HSR Layout,unknown,2024-02-08 23:42:28.176000+00:00,5,4,0,2,False,High,High,bmtc_bus,bmtc bus off road due to clutch problem 5 th  twords 14 th main near 14 main up ramp,40.523691066666665
FKID000763,unplanned,vehicle_breakdown,closed,12.9559951,77.5460193,Mysore Road,Unknown,Byatarayanapura,unknown,2024-03-11 02:05:29.012000+00:00,7,0,0,3,False,High,High,heavy_vehicle,break fail,25.035437483333332
FKID000766,unplanned,vehicle_breakdown,closed,12.9608839,77.5583387,Mysore Road,Unknown,Chamarajpet,unknown,2024-03-11 02:32:45.775000+00:00,8,0,0,3,False,High,High,private_bus,,48.54255426666667
FKID000769,unplanned,vehicle_breakdown,closed,12.9869252,77.5800472,Non-corridor,Unknown,High ground,unknown,2024-02-09 02:32:59.328000+00:00,8,4,0,2,True,Low,Low,bmtc_bus,near [person] bhavay towards shivanand circle,27.657876616666666
FKID000773,unplanned,vehicle_breakdown,closed,13.0299318,77.5364118,Tumkur Road,Unknown,Yeshwanthpura,unknown,2024-02-09 04:58:27.398000+00:00,10,4,0,2,False,High,High,others,bbmp lorry starting problem traffic no issues,148.41387268333335
FKID000775,unplanned,others,closed,12.9625255,77.5948692,Mysore Road,Unknown,Halasuru Gate,unknown,2024-03-11 05:29:58.825000+00:00,10,0,0,3,False,High,High,none,lgv tyre blast sir in shantinagar [location].,154.96781246666666
FKID000778,unplanned,vehicle_breakdown,closed,12.993745,77.5852617,Bellary Road 1,Unknown,High ground,unknown,2024-03-11 03:52:06.167000+00:00,9,0,0,3,False,High,High,lcv,vehicle battery problem [location] towards old highgrounds junction sir.,29.79319548333333
FKID000781,unplanned,vehicle_breakdown,closed,12.8904509,77.5642971,Non-corridor,Unknown,K.S. Layout,unknown,2024-03-11 04:16:54.855000+00:00,9,0,0,3,False,Low,Low,bmtc_bus,,119.41805864999999
FKID000783,unplanned,vehicle_breakdown,closed,13.0157783,77.5729483,Non-corridor,Unknown,Sadashivanagar,unknown,2024-02-09 05:41:10.009000+00:00,11,4,0,2,False,Low,Low,bmtc_bus,new bel road toward sadashivanagar traffic station junction due to starting problem sir traffic movement slow sir,30.14560906666667
FKID000787,unplanned,vehicle_breakdown,closed,12.9612079,77.5590824,Mysore Road,Unknown,Chamarajpet,unknown,2024-02-09 05:58:22.559000+00:00,11,4,0,2,False,High,High,bmtc_bus,wheel jam traffic moment slow ide,79.44030501666666
FKID000789,unplanned,vehicle_breakdown,closed,13.0201267,77.65254,ORR North 1,Unknown,Banaswadi,unknown,2024-02-09 07:11:04.999000+00:00,12,4,0,2,False,High,High,private_car,battery down,33.73741513333333
FKID000791,unplanned,vehicle_breakdown,closed,12.9417005,77.7471249,Non-corridor,Unknown,Whitefield,unknown,2024-03-11 07:28:57.639000+00:00,12,0,0,3,False,Low,Low,others,cab [vehicle] starting problem near varthur college so traffic slow movement towards varthur ps sir,71.70723046666667
FKID000792,unplanned,vehicle_breakdown,closed,12.9663381,77.5869429,Mysore Road,Unknown,Halasuru Gate,unknown,2024-02-09 08:42:23.102000+00:00,14,4,0,2,False,High,High,private_bus,ಸಂಚಾರಕ್ಕೆ ಯಾವದೇ ತೊಂದ್ರೆ ಇರುವುದಿಲ್ಲ,41.48662983333334
FKID000798,unplanned,tree_fall,closed,12.9840583,77.5490758,West of Chord Road,Unknown,Magadi Road,unknown,2024-03-11 09:52:47.561000+00:00,15,0,0,3,False,High,High,none,tree fallen in the woc road sir.,31.80648258333333
FKID000800,unplanned,vehicle_breakdown,closed,12.8699916,77.6534081,Hosur Road,Unknown,Electronic City,unknown,2024-02-09 09:38:11.683000+00:00,15,4,0,2,False,High,High,private_bus,private bus off-road in [location] towards [location],47.110916849999995
FKID000807,unplanned,others,closed,13.01608,77.5840883,Bellary Road 1,Unknown,Sadashivanagar,unknown,2024-03-11 18:29:46.603000+00:00,23,0,0,3,False,High,High,none,"taralabalu income side, [location] passing lorry, starting problem offload near [location] underpass, now traffic no problem.",32.5370269
FKID000817,unplanned,tree_fall,closed,13.0702135,77.5650728,Non-corridor,Unknown,Yelahanka,unknown,2024-02-09 12:22:25.867000+00:00,17,4,0,2,False,Low,Low,none,tindlu circle towards [location] circle ಕಡೆಗೆ canter ಮೇಲೆ ಮರ ಬಿದ್ದಿರುತ್ತದೆ ಪಾದಚಾರಿ ಮೇಲೆ ಮರದ ಕೊಂಬೆ ಬಿದ್ದು ಪಾದಚಾರಿಗೆ [person] ಆಸ್ಪತ್ರೆಗೆ ಕಳುಹಿಸಲಾಗಿದೆ ಸರ್,358.28831121666667
FKID000818,unplanned,vehicle_breakdown,closed,13.0082792,77.694241,Non-corridor,Unknown,K.R. Pura,unknown,2024-02-09 16:50:06.769000+00:00,22,4,0,2,False,Low,Low,heavy_vehicle,vehicle off-road due to vaccum cable cut at devasandra market towards city,95.20728398333334
FKID000821,unplanned,vehicle_breakdown,closed,12.8558596,77.6643521,Non-corridor,Unknown,Electronic City,unknown,2024-02-09 19:06:11.723000+00:00,0,5,1,2,False,Low,Low,heavy_vehicle,ಕೊನಪ್ಪನ ಅಗ್ರಹಾರ ಸಿಗ್ನಲ್ ಟು ವರ್ಡ್ ಬೆಂಗಳೂರು ಸಿಟಿ ಸರ್.,38.20984111666667
FKID000823,unplanned,pot_holes,closed,12.8996615,77.6008692,Bannerghata Road,Unknown,Mico Layout,unknown,2024-02-09 21:25:07.114000+00:00,2,5,1,2,False,High,High,none,infrontof [person] temple [person] sir,1487.2023295833335
FKID000824,unplanned,vehicle_breakdown,closed,12.9668588,77.5948388,Mysore Road,Unknown,Halasuru Gate,unknown,2024-02-09 19:10:26.633000+00:00,0,5,1,2,False,High,High,bmtc_bus,ಬ್ರೇಕ್ ಡೌನ್,20.381774716666666
FKID000826,unplanned,water_logging,closed,12.9554994,77.7176068,Varthur Road,Unknown,Whitefield,unknown,2024-03-11 20:08:25.226000+00:00,1,1,0,3,False,High,High,none,within 30 minutes normal sir,1484.0019410666669
FKID000827,unplanned,construction,closed,12.9584994,77.6017538,Non-corridor,Unknown,Ashok Nagar,unknown,2024-02-09 21:35:10.199000+00:00,3,5,1,2,True,Low,Low,none,ಬೋರ್ ವೆಲ್ [location] ಇದೆ ಸರ್ ಟ್ರಾಫಿಕ್ ನಾರ್ಮಲ್,5820.239507183333
FKID000828,unplanned,accident,closed,12.9350306,77.6918587,ORR East 1,Unknown,HAL Old Airport,unknown,2024-02-09 22:55:15.249000+00:00,4,5,1,2,False,High,High,none,ನಮಸ್ಕಾರ ಸರ್ ಸೆಸ್ನಾ ಜಂಕ್ಷನ್ ಇಂದ ವೆಲ್ಸ್ ಫಾರ್ಗೋ ಜಂಕ್ಷನ್ ಕಡೆಗೆ [person] ರಸ್ತೆಯಲ್ಲಿ  ಸೆಲ್ಫ್ ಆಕ್ಸಿಡೆಂಟಾಗಿ  ವಾನ ಡ್ಯಾಮೇಜ್ ಆಗಿರುತ್ತದೆ  [person] ಯಾವುದೇ ಗಾಯವಾಗಿರುವುದಿಲ್ಲ  ವಾಹನ ಮಾತ್ರ  ಜಗನ್ ಗೊಂಡಿರುತ್ತದೆ ಟ್ರಾಫಿಕ್ ಸ್ವಲ್ಪ ನಿಧಾನಕ್ಕೆ ಇರುತ್ತದೆ ಮೇಡಂ,52.74507428333333
FKID000829,unplanned,others,closed,12.996365,77.6693982,ORR North 1,Unknown,Mahadevapura,unknown,2024-03-11 20:21:12.270000+00:00,1,1,0,3,False,High,High,none,starting problem,1.0338238833333333
FKID000831,unplanned,vehicle_breakdown,closed,13.19304,77.6503512,Non-corridor,Unknown,Chikkajala,unknown,2024-02-09 22:57:20.880000+00:00,4,5,1,2,False,Low,Low,truck,ನಮಸ್ತೆ ಸರ್ ಸಾದಳ್ಳಿ ಟೋಲ್ ಹತ್ತಿರ ಟುವರ್ಡ್ಸ್ ದೇವನಹಳ್ಳಿ ಕಡೆಗೆ ಲಾರಿ ಗೂಡ್ಸ್ ವೆಹಿಕಲ್ ವೆಹಿಕಲ್ ಬ್ರೇಕ್ ಡೌನ್ ಆಗಿ ನಿಂತಿರುತ್ತದೆ ಟ್ರಾಫಿಕ್ ಮೂವ್ಮೆಂಟ್ಗೆ ಯಾವುದೇ ತೊಂದರೆ ಇರುವುದಿಲ್ಲ ಸಾರ್ 🙏🏼,53.862429883333334
FKID000841,unplanned,vehicle_breakdown,closed,12.9568791,77.7010188,Varthur Road,Unknown,HAL Old Airport,unknown,2024-03-11 20:46:39.120000+00:00,2,1,0,3,False,High,High,heavy_vehicle,,62.645947
FKID000843,unplanned,vehicle_breakdown,closed,12.9217117,77.6607233,ORR East 1,Unknown,Bellandur,unknown,2024-03-11 21:15:50.667000+00:00,2,1,0,3,False,High,High,private_bus,due to clutch plate problem,1.2778825666666667
FKID000844,unplanned,vehicle_breakdown,closed,12.9822698,77.5674251,Non-corridor,Unknown,Sheshadripuram,unknown,2024-03-11 21:19:32.689000+00:00,2,1,0,3,False,Low,Low,ksrtc_bus,starting problem,58.697027133333336
FKID000845,unplanned,vehicle_breakdown,closed,12.957054,77.567463,Non-corridor,Unknown,V.V.Puram (C.Pet),unknown,2024-03-11 21:14:14.812000+00:00,2,1,0,3,False,Low,Low,bmtc_bus,bmtc bus vehicle breakdown at 5th main chamrajpet junction,75.01906000000001
FKID000857,unplanned,construction,closed,12.936298,77.7054278,Non-corridor,Unknown,HAL Old Airport,unknown,2024-02-10 04:28:53.826000+00:00,9,5,1,2,False,Low,Low,none,kptcl work at panattur main road towards kadubeesanahalli sir.traffic slow moving sir.single line traffic moving sir,969.3087973999999
FKID000858,unplanned,vehicle_breakdown,closed,12.9752244,77.5761558,Non-corridor,Unknown,Upparpet,unknown,2024-02-10 04:19:01.747000+00:00,9,5,1,2,False,Low,Low,bmtc_bus,volvo bmtcbus starting problem,22.188365633333333
FKID000859,unplanned,vehicle_breakdown,closed,13.0031325,77.5841819,Bellary Road 1,Unknown,Sadashivanagar,unknown,2024-02-10 04:24:10.690000+00:00,9,5,1,2,False,High,High,auto,tayr pancher,53.13025051666667
FKID000860,unplanned,vehicle_breakdown,closed,12.9276259,77.5460056,ORR West 1,Unknown,Banashankari,unknown,2024-02-10 04:31:41.910000+00:00,10,5,1,2,False,High,High,bmtc_bus,ಜಾಯಿಂಟ್ ಕಟ್ ಆಗಿದೆ ಸರ್,62.22422101666667
FKID000866,unplanned,accident,closed,12.9665363,77.5443086,Non-corridor,Unknown,Vijayanagara,unknown,2024-02-10 06:51:01.540000+00:00,12,5,1,2,False,Low,Low,none,,1.8313234166666668
FKID000869,unplanned,vehicle_breakdown,closed,13.0244934,77.7174868,Non-corridor,Unknown,K.R. Pura,unknown,2024-03-11 21:35:54.165000+00:00,3,1,0,3,False,Low,Low,lcv,[person] towards hosakote punchare only traffic no problem sir,81.64968848333334
FKID000876,unplanned,vehicle_breakdown,closed,12.9592719,77.654759,Old Airport Road,Unknown,Jeevanbheemanagar,unknown,2024-02-10 06:53:04.299000+00:00,12,5,1,2,False,High,High,lcv,"starting problem, k02 junction towards [person]",15.971929466666667
FKID000877,unplanned,vehicle_breakdown,closed,12.9622744,77.5945028,Non-corridor,Unknown,Halasuru Gate,unknown,2024-02-10 06:56:37.119000+00:00,12,5,1,2,False,Low,Low,bmtc_bus,,78.58225675
FKID000893,unplanned,vehicle_breakdown,closed,13.00279424,77.58406429,Bellary Road 1,Unknown,Sadashivanagar,unknown,2024-02-10 11:45:07.682000+00:00,17,5,1,2,False,High,High,private_bus,gear box problem,114.21673276666667
FKID000896,unplanned,vehicle_breakdown,closed,12.9563716,77.6949677,Old Airport Road,Unknown,HAL Old Airport,unknown,2024-03-12 00:22:47.869000+00:00,5,1,0,3,False,High,High,bmtc_bus,18977,1.2535275166666666
FKID000900,unplanned,vehicle_breakdown,closed,13.00709146,77.58401066,Bellary Road 1,Unknown,Sadashivanagar,unknown,2024-02-10 13:39:34.587000+00:00,19,5,1,2,False,High,High,truck,,49.60811926666667
FKID000905,unplanned,construction,closed,12.9362566,77.7054884,Non-corridor,Unknown,HAL Old Airport,unknown,2024-02-10 20:07:04.223000+00:00,1,6,1,2,False,Low,Low,none,kptcl cable work progressing at panattur railway bridge in fornt of  vandana tejas appartment both side traffic slow movement it causing traffic connection sir,366.65548681666667
FKID000907,unplanned,others,closed,12.9538444,77.543374,Mysore Road,Unknown,Byatarayanapura,unknown,2024-03-12 04:11:43.768000+00:00,9,1,0,3,False,High,High,none,bus [person] bididdu  traffic slow moment ide sir,76.24653713333333
FKID000909,unplanned,water_logging,closed,12.9435587,77.5799456,Non-corridor,Unknown,Basavanagudi,unknown,2024-03-12 04:32:46.958000+00:00,10,1,0,3,False,Low,Low,none,[location] sir rv teacher college junction nalli chember  neeru thumbi road ge hariyuthide sir.,137.85110428333334
FKID000914,unplanned,vehicle_breakdown,closed,12.8860621,77.641471,Hosur Road,Unknown,Hulimavu,unknown,2024-03-12 04:58:04.217000+00:00,10,1,0,3,False,High,High,lcv,vechile off-road near [location] main road due to rear wheel puncture sir,79.27560286666667
FKID000915,unplanned,vehicle_breakdown,closed,12.9342472,77.6101148,Hosur Road,Unknown,Madiwala,unknown,2024-03-12 05:52:12.853000+00:00,11,1,0,3,False,High,High,private_bus,,96.84268413333332
FKID000917,unplanned,others,closed,12.9819597,77.5945755,CBD 2,Unknown,Cubbon Park,unknown,2024-02-10 21:52:45.163000+00:00,3,6,1,2,False,High,High,none,ಪೊಲೀಸ್ ತಿಮ್ಮಿಯ್ಯಾ ಜುಂಕ್ಷನ್ ಪುಟ್ಟಪತ್ ಚೇಂಬರ್ ಓಪನ್ ಆಗಿ ವಾಟರ್ loging ಆಗಿದೆ ಸರ್,75.09085913333334
FKID000926,unplanned,vehicle_breakdown,closed,12.9890204,77.5078025,Magadi Road,Unknown,Kamakshipalya,unknown,2024-02-11 01:42:58.594000+00:00,7,6,1,2,False,High,High,others,ashraya junction magadi main road ಟವರ್ಸ್ sunkadakatte city outgoing side sir,17.01463426666667
FKID000930,unplanned,vehicle_breakdown,closed,13.0471916,77.5014881,Non-corridor,Unknown,Peenya,unknown,2024-02-10 23:49:09.684000+00:00,5,6,1,2,False,Low,Low,lcv,[location] on flyover towards city lgv off road due to tyre puncher sir traffic one side moving sir,10.597155033333333
FKID000931,unplanned,road_conditions,closed,13.1816817,77.6939433,Non-corridor,Unknown,Chikkajala,unknown,2024-03-12 06:45:53.036000+00:00,12,1,0,3,False,Low,Low,none,ನಮಸ್ತೆ ಸರ್ . ಮೈನಹಳ್ಳಿ ಹತ್ತಿರ ಮೋರೆ ನೀರಿನ ಪೈಪ್ ಡ್ಯಾಮೇಜ್ ಆಗಿದ್ದು ವಾಹನಗಳ ಸಂಚಾರಕ್ಕೆ ಅರ್ಚನೆ ಉಂಟಾಗಿದ್ದು ವಾಹನಗಳ ಸಂಚಾರವು ನಿಧಾನಗತಿಯಲ್ಲಿ ಸಾಗುತ್ತಿರುತ್ತದೆ,1386.89255105
FKID000933,unplanned,road_conditions,closed,13.1111288,77.5797915,Non-corridor,Unknown,Yelahanka,unknown,2024-02-10 23:42:49.790000+00:00,5,6,1,2,False,Low,Low,none,ದೊಡ್ಡಬಳ್ಳಾಪುರ ಮುಖ್ಯ ರಸ್ತೆ ಪುಟ್ಟೇನಹಳ್ಳಿ ಡಿಪೋ ಮುಂಭಾಗ ಬಿಡಬ್ಲ್ಯೂಎಸ್ಎಸ್ಬಿ ಕಾಮಗಾರಿ ಮಾಡುತ್ತಿದ್ದು ಟ್ರಾಫಿಕ್ ಸ್ಲೋ ಮೊಮೆಂಟ್ ಇರುತ್ತದೆ ಸರ್,5799.80037435
FKID000937,unplanned,vehicle_breakdown,closed,12.95713835,77.56971817,Non-corridor,Unknown,V.V.Puram (C.Pet),unknown,2024-02-11 03:11:28.173000+00:00,8,6,1,2,True,Low,Low,bmtc_bus,bmtc bus off-road because of issue air pike broken……within 20 min it will clear,39.4856103
FKID000939,unplanned,vehicle_breakdown,closed,13.045425,77.5054829,Tumkur Road,Unknown,Peenya,unknown,2024-02-11 02:48:29.333000+00:00,8,6,1,2,False,High,High,heavy_vehicle,lorry off road on before h cross service road towards city incoming traffic one side movement sir,16.270418616666667
FKID000941,unplanned,vehicle_breakdown,closed,12.9790645,77.5156233,Non-corridor,Unknown,Jnanabharathi,unknown,2024-02-11 04:37:27.620000+00:00,10,6,1,2,False,Low,Low,bmtc_bus,bmtc ev bus break down due to vaccume leak,138.70672721666668
FKID000942,unplanned,accident,closed,12.9663999,77.5870528,Mysore Road,Unknown,Halasuru Gate,unknown,2024-02-11 05:14:07.652797+00:00,10,6,1,2,False,High,High,none,,32.826353266666665
FKID000952,unplanned,procession,closed,12.8980183,77.626445,Non-corridor,Unknown,Madiwala,unknown,2024-02-11 08:06:14.594000+00:00,13,6,1,2,False,Low,Low,none,ಬೇಗೂರು ರೋಡ್ ಆಂಜನೇಯ ದೇವಸ್ಥಾನದಲ್ಲಿ ಪಲ್ಲಕ್ಕಿ ಉತ್ಸವ ಇರುವುದರಿಂದ ಬೊಮ್ಮನಹಳ್ಳಿ ಯಿಂದ ಬೇಗೂರು ಸಂಚಾರ ನಿಧಾನಗತಿಯಲ್ಲಿ ಇರುತ್ತದೆ ಸರ್,36.537950349999996
FKID000956,planned,procession,closed,12.8897429,77.5634232,Non-corridor,Unknown,K.S. Layout,unknown,2024-02-11 08:52:04.910000+00:00,14,6,1,2,False,Low,Low,none,due to [location] festival outgoing and  incoming traffic slow movement,29.108712066666666
FKID000957,unplanned,vehicle_breakdown,closed,13.0663282,77.6406836,Non-corridor,Unknown,Hennuru,unknown,2024-02-11 08:41:04.564000+00:00,14,6,1,2,False,Low,Low,bmtc_bus,near [location] off road due to traffic slowovent sir,92.15842395
FKID000962,unplanned,others,closed,13.0422012,77.5146886,Tumkur Road,Unknown,Peenya,unknown,2024-02-11 12:11:59.066000+00:00,17,6,1,2,False,High,High,none,nhai   ಥಾರ್  work going on sir [person] towards 8th [person] outgoing side sir,355.29140055
FKID000964,unplanned,vehicle_breakdown,closed,13.0026038,77.5839949,Bellary Road 1,Unknown,Sadashivanagar,unknown,2024-02-11 10:46:05.646000+00:00,16,6,1,2,False,High,High,private_car,from cauvery towards pg halli,12.875058366666668
FKID000966,unplanned,vehicle_breakdown,closed,12.9384057,77.697696,ORR East 1,Unknown,HAL Old Airport,unknown,2024-02-11 18:06:59.074000+00:00,23,6,1,2,False,High,High,heavy_vehicle,kadubisanahalli towards panattur junction,6.304003066666667
FKID000972,unplanned,vehicle_breakdown,closed,12.9832891,77.5953313,CBD 2,Unknown,Cubbon Park,unknown,2024-02-11 19:30:45.453000+00:00,1,0,0,2,False,High,High,heavy_vehicle,golf 1 towards coffe board,83.6431582
FKID000973,unplanned,vehicle_breakdown,closed,12.9365505,77.5123592,Mysore Road,Unknown,Jnanabharathi,unknown,2024-02-11 20:17:33.275000+00:00,1,0,0,2,False,High,High,bmtc_bus,the bmtc bus is due to vacuum default so not moving towards benglore university at railway under pass brigade,54.19506535
FKID000975,unplanned,vehicle_breakdown,closed,13.0198211,77.7095427,Non-corridor,Unknown,K.R. Pura,unknown,2024-02-11 23:27:31.808000+00:00,4,0,0,2,True,Low,Low,heavy_vehicle,starting problem,21.735800349999998
FKID000976,unplanned,vehicle_breakdown,closed,13.0198231,77.709122,Non-corridor,Unknown,K.R. Pura,unknown,2024-02-11 23:22:29.915000+00:00,4,0,0,2,False,Low,Low,lcv,ಮೇಡಳ್ಳಿ ಜಂಕ್ಷನ್ ನಿಂದ ಭಟ್ಟರಹಳ್ಳಿ ಜಂಕ್ಷನ್ ಗೆ ಹೋಗುವ ಕಡೆ ವೆಹಿಕಲ್ ಬ್ರೇಕ್ ಡೌನ್ ಆಗಿ ನಿಂತಿದೆ ಸಾರ್,27.90641395
FKID000979,unplanned,vehicle_breakdown,closed,12.9937886,77.5849123,Bellary Road 1,Unknown,High ground,unknown,2024-02-12 00:00:02.313000+00:00,5,0,0,2,False,High,High,bmtc_bus,ಸ್ಟಾಟಿಕ್ 11..to.. b02 juntcion ಹತ್ತಿರ ಎಲೆಕ್ಟ್ರಿಕಲ್ ಬಸ್ ಆಫ್ ರೋಡ್ ಆಗಿದ್ದು.. ವೀಲ್  ಜಾಮ್ ಆಗಿದೆ..,26.02119336666667
FKID000983,unplanned,vehicle_breakdown,closed,12.9801083,77.5708729,Non-corridor,Unknown,Chamarajpet,unknown,2024-02-12 04:26:42.018000+00:00,9,0,0,2,True,Low,Low,bmtc_bus,at khode jcn sir traffic no problem sir side [person] sir,2.318516516666667
FKID000984,unplanned,vehicle_breakdown,closed,12.9801735,77.5929881,CBD 2,Unknown,Cubbon Park,unknown,2024-02-12 04:34:01.574000+00:00,10,0,0,2,False,High,High,bmtc_bus,bus puncher,25.868294600000002
FKID000990,unplanned,vehicle_breakdown,closed,13.0414102,77.5470988,ORR North 2,Unknown,Jalahalli,unknown,2024-03-12 17:43:32.173000+00:00,23,1,0,3,False,High,High,heavy_vehicle,,70.6369603
FKID000992,unplanned,vehicle_breakdown,closed,12.9804886,77.5708977,Non-corridor,Unknown,Chamarajpet,unknown,2024-02-12 19:11:44.423000+00:00,0,1,0,2,True,Low,Low,private_bus,pf to khode sir ಕಲ್ಚ್  ಪ್ಲೇಟ್ ಕಟ್ ಆಗಿದೆ ಸರ್,19.236815733333334
FKID000995,unplanned,others,closed,12.9360849,77.7056496,Non-corridor,Unknown,HAL Old Airport,unknown,2024-02-12 19:27:43.143000+00:00,0,1,0,2,False,Low,Low,none,"kptcl working panathur railway bridge to [location], traffic slow movement sir",3812.035816
FKID000996,unplanned,congestion,closed,13.0411557,77.6225932,Hennur Main Road,Unknown,Hennuru,unknown,2024-02-12 20:53:12.041000+00:00,2,1,0,2,False,High,High,none,[location] work at keb junction slow movement,81.69610738333334
FKID000999,unplanned,vehicle_breakdown,closed,13.039201,77.5203316,Tumkur Road,Unknown,Peenya,unknown,2024-03-12 18:24:53.862000+00:00,23,1,0,3,False,High,High,heavy_vehicle,engine  problem sir,77.64849921666668
FKID001001,unplanned,road_conditions,closed,12.9694217,77.7007883,ORR East 2,Unknown,HAL Old Airport,unknown,2024-02-12 21:13:34.676000+00:00,2,1,0,2,True,High,High,none,[person] work  in  frogrec traffic is slow movement,1.9296002833333332
FKID001002,unplanned,construction,closed,12.9693517,77.7006465,ORR East 2,Unknown,HAL Old Airport,unknown,2024-02-12 21:11:59.857000+00:00,2,1,0,2,True,High,High,none,[location] work,2852.1638163166667
FKID001009,unplanned,vehicle_breakdown,closed,12.9963614,77.6682457,ORR North 1,Unknown,Banaswadi,unknown,2024-03-12 21:03:57.084000+00:00,2,2,0,3,False,High,High,private_bus,technical problem sir,43.703668050000005
FKID001010,unplanned,vehicle_breakdown,closed,13.0081647,77.6955524,Non-corridor,Unknown,K.R. Pura,unknown,2024-03-12 20:27:29.843000+00:00,1,2,0,3,False,Low,Low,bmtc_bus,vehicle brakedown devasandra towards city,18.12563553333333
FKID001011,unplanned,vehicle_breakdown,closed,12.9568439,77.6751699,Old Airport Road,Unknown,HAL Old Airport,unknown,2024-03-12 19:47:13.393000+00:00,1,2,0,3,False,High,High,bmtc_bus,traffic slow moment,69.32541208333333
FKID001012,unplanned,others,closed,13.1209019,77.5763685,Non-corridor,Unknown,Yelahanka,unknown,2024-03-12 20:42:02.528000+00:00,2,2,0,3,False,Low,Low,none,[location] main road near crpf kirdcl water work sir,43.829488833333336
FKID001013,unplanned,vehicle_breakdown,closed,12.9567235,77.5475467,Mysore Road,Unknown,Byatarayanapura,unknown,2024-03-12 21:11:51.788000+00:00,2,2,0,3,False,High,High,others,.,107.36787663333332
FKID001017,unplanned,vehicle_breakdown,closed,13.0176013,77.5596392,Tumkur Road,Unknown,Yeshwanthpura,unknown,2024-02-12 22:46:33.918000+00:00,4,1,0,2,False,High,High,lcv,,141.42639348333333
FKID001019,unplanned,water_logging,closed,12.8996916,77.6010757,Bannerghata Road,Unknown,Mico Layout,unknown,2024-02-12 23:27:45.322000+00:00,4,1,0,2,False,High,High,none,infrontof [person] drainage water leakage so traffic moving slowly from [person] to hsbc junction sir,5883.57713725
FKID001035,unplanned,vehicle_breakdown,closed,13.0005948,77.6200809,Non-corridor,Unknown,Pulikeshinagar(F.Town),unknown,2024-03-12 23:51:38.431000+00:00,5,2,0,3,False,Low,Low,heavy_vehicle,,99.77792416666666
FKID001041,unplanned,vehicle_breakdown,closed,12.942454,77.622838,Non-corridor,Unknown,Adugodi,unknown,2024-02-13 01:40:15.438000+00:00,7,1,0,2,False,Low,Low,auto,,71.35226383333334
FKID001042,unplanned,vehicle_breakdown,closed,13.0565039,77.5943245,Bellary Road 1,Unknown,Hebbala,unknown,2024-02-13 01:50:43.487000+00:00,7,1,0,2,False,High,High,bmtc_bus,starting problem,60.9291782
FKID001043,unplanned,vehicle_breakdown,closed,12.9170307,77.5858757,Non-corridor,Unknown,Jayanagara,unknown,2024-02-13 02:58:35.009000+00:00,8,1,0,2,False,Low,Low,heavy_vehicle,vehicle break down,13.084814833333333
FKID001051,unplanned,vehicle_breakdown,closed,12.8905851,77.598181,Bannerghata Road,Unknown,Mico Layout,unknown,2024-02-13 04:45:57.925000+00:00,10,1,0,2,False,High,High,others,school bus off-road due to clutch plate problem,10.573012383333333
FKID001053,unplanned,pot_holes,closed,12.9807943,77.6027084,CBD 1,Unknown,Shivajinagar,unknown,2024-02-13 04:28:01.225000+00:00,9,1,0,2,False,High,High,none,"manhole bad condition, vahicle not allowed",6152.18195165
FKID001054,unplanned,others,closed,12.9363555,77.7054446,Non-corridor,Unknown,HAL Old Airport,unknown,2024-02-13 05:03:37.758000+00:00,10,1,0,2,False,Low,Low,none,kptcl cable work progress near by bhoganahalli towards panattur railway bridge sir due traffic slow moment sir,9602.698774133334
FKID001057,unplanned,vehicle_breakdown,closed,13.0418851,77.5937286,ORR North 1,Unknown,Hebbala,unknown,2024-03-13 02:12:05.452000+00:00,7,2,0,3,False,High,High,heavy_vehicle,"this hgv off road by starting problem at hebbala fly over towards city sir,  traffic movement slow.",42.808710616666666
FKID001058,unplanned,pot_holes,closed,12.9609276,77.6385425,Old Airport Road,Unknown,Halasur,unknown,2024-03-13 02:21:15.366000+00:00,7,2,0,3,False,High,High,none,potholes in domluru water tank junction,6055.445450866667
FKID001060,unplanned,vehicle_breakdown,closed,13.0199453,77.5526338,Tumkur Road,Unknown,Yeshwanthpura,unknown,2024-02-13 04:38:28.292000+00:00,10,1,0,2,False,High,High,lcv,traffic no problem,29.313113633333334
FKID001061,unplanned,vehicle_breakdown,closed,13.0539229,77.5309493,Non-corridor,Unknown,Jalahalli,unknown,2024-02-13 05:31:05.294000+00:00,11,1,0,2,False,Low,Low,private_bus,,28.7572406
FKID001063,unplanned,vehicle_breakdown,resolved,13.1841605,77.5665142,Non-corridor,Unknown,Yelahanka,unknown,2024-02-13 06:02:31.092000+00:00,11,1,0,2,False,Low,Low,bmtc_bus,[location] main road wheel and axel opp bmtc bus starting problem sir,83.15463388333333
FKID001068,unplanned,vehicle_breakdown,closed,12.9220685,77.6452956,ORR East 1,Unknown,HSR Layout,unknown,2024-03-13 03:23:38.959000+00:00,8,2,0,3,False,High,High,heavy_vehicle,"lorry offroad at 19th main jn, towards [location].",27.226681883333335
FKID001079,unplanned,vehicle_breakdown,closed,12.9888459,77.5084844,Magadi Road,Unknown,Kamakshipalya,unknown,2024-03-13 04:12:00.522000+00:00,9,2,0,3,False,High,High,private_bus,near [location] sir city outgoing,33.101952716666666
FKID001080,unplanned,vehicle_breakdown,closed,13.0436361,77.6023637,ORR North 1,Unknown,Hebbala,unknown,2024-03-13 04:35:04.351000+00:00,10,2,0,3,False,High,High,lcv,,64.03269065
FKID001083,unplanned,vehicle_breakdown,closed,12.9529107,77.5414651,Mysore Road,Unknown,Byatarayanapura,unknown,2024-02-13 06:38:59.810000+00:00,12,1,0,2,False,High,High,private_car,[location] out goning side near [location] sir,21.942543016666665
FKID001084,unplanned,others,closed,12.9900024,77.5886416,Bellary Road 1,Unknown,High ground,unknown,2024-02-13 07:11:10.292000+00:00,12,1,0,2,False,High,High,none,[location] near by [location] infrant of the modern art gallery,4.012004933333333
FKID001085,unplanned,vehicle_breakdown,resolved,13.084527,77.5502631,Non-corridor,Unknown,Sheshadripuram,unknown,2024-02-13 06:53:20.224000+00:00,12,1,0,2,True,Low,Low,bmtc_bus,,24.017026933333334
FKID001086,unplanned,vehicle_breakdown,closed,12.9523244,77.5412771,Mysore Road,Unknown,Byatarayanapura,unknown,2024-02-13 07:09:12.255000+00:00,12,1,0,2,False,High,High,private_car,it wil taken to 30 mnts to remove from here,9.573394949999999
FKID001088,unplanned,others,closed,12.9900342,77.5886347,Bellary Road 1,Unknown,High ground,unknown,2024-02-13 07:15:14.499000+00:00,12,1,0,2,False,High,High,none,palace road near by [person] infrant of the modern art gallary bwssb water chamber opened sir water polling on road sir,3801.1654547
FKID001089,unplanned,congestion,closed,13.0414031,77.6222596,Hennur Main Road,Unknown,Hennuru,unknown,2024-02-13 07:29:11.620000+00:00,12,1,0,2,False,High,High,none,towards keb junction slow movement due to [location] work,70.369317
FKID001091,unplanned,vehicle_breakdown,closed,12.9171408,77.5871072,Non-corridor,Unknown,Jayanagara,unknown,2024-03-13 04:35:16.579000+00:00,10,2,0,3,False,Low,Low,heavy_vehicle,,14.661646350000002
FKID001095,unplanned,tree_fall,closed,13.0184029,77.5840124,Bellary Road 1,Unknown,Sadashivanagar,unknown,2024-03-13 05:22:56.176000+00:00,10,2,0,3,False,High,High,none,,20.392180399999997
FKID001098,unplanned,vehicle_breakdown,closed,12.9630288,77.5956645,Mysore Road,Unknown,Halasuru Gate,unknown,2024-02-13 08:32:06.690000+00:00,14,1,0,2,False,High,High,bmtc_bus,,35.98495698333333
FKID001099,unplanned,vehicle_breakdown,closed,13.0301289,77.6308545,Airport New South Road,Unknown,K.G. Halli,unknown,2024-03-13 06:04:48.427000+00:00,11,2,0,3,False,High,High,private_car,,64.49834003333333
FKID001106,unplanned,water_logging,closed,12.9573525,77.5522228,Mysore Road,Unknown,Chamarajpet,unknown,2024-03-13 06:14:19.137000+00:00,11,2,0,3,False,High,High,none,water logging traffic slow moving,1341.8618717
FKID001107,unplanned,water_logging,closed,12.9960033,77.5847614,Bellary Road 1,Unknown,High ground,unknown,2024-03-13 06:17:39.199000+00:00,11,2,0,3,False,High,High,none,due to rain,3913.5393192166666
FKID001109,unplanned,vehicle_breakdown,closed,12.9201367,77.6653608,ORR East 1,Unknown,Bellandur,unknown,2024-02-13 18:23:41.997000+00:00,23,1,0,2,False,High,High,heavy_vehicle,ibblur jn due to vehicle off road sir,32.482557983333336
FKID001111,unplanned,others,closed,13.0400366,77.5180661,Tumkur Road,Unknown,Peenya,unknown,2024-02-13 11:07:16.906000+00:00,16,1,0,2,True,High,High,none,s m circle main track outgoing nhai (thar )roadwork progress all vehicles divert to the service road.,425.9449986166667
FKID001115,unplanned,others,closed,13.1021402,77.5863437,Non-corridor,Unknown,Yelahanka,unknown,2024-02-13 19:28:48.438000+00:00,0,2,0,2,True,Low,Low,none,[location] towards yeshwantpur road connecting bridge attached pillar work single road side traffic moving sir,3387.139090366667
FKID001119,unplanned,vehicle_breakdown,closed,13.0198509,77.7095301,Non-corridor,Unknown,K.R. Pura,unknown,2024-02-13 19:22:43.709000+00:00,0,2,0,2,True,Low,Low,others,starting problem,68.54527198333334
FKID001122,unplanned,vehicle_breakdown,closed,13.1764266,77.6358722,Bellary Road 2,Unknown,Chikkajala,unknown,2024-02-13 20:01:34.822000+00:00,1,2,0,2,False,High,High,heavy_vehicle,,141.574881
FKID001132,unplanned,vehicle_breakdown,closed,13.0195099,77.7089706,Non-corridor,Unknown,K.R. Pura,unknown,2024-03-13 07:39:29.304000+00:00,13,2,0,3,False,Low,Low,bmtc_bus,ಮೇಡಳ್ಳಿ ಜಂಕ್ಷನ್ ನಿಂದ ಭಟ್ಟರಹಳ್ಳಿ ಜಂಕ್ಷನ್ ಸರ್ವಿಸ್ ರಸ್ತೆ ಕಡೆ bmtc ಬಸ್ ಬ್ರೇಕ್ ಡೌನ್ ಆಗಿ ನಿಂತಿದೆ ಸಾರ್,87.93818821666667
FKID001139,unplanned,water_logging,closed,12.975208,77.6067009,Old Madras Road,Unknown,Cubbon Park,unknown,2024-02-13 21:17:32.729000+00:00,2,2,0,2,False,High,High,none,water logging due to chamber open,36.627531100000006
FKID001140,unplanned,vehicle_breakdown,closed,13.0996569,77.5888485,Non-corridor,Unknown,Yelahanka,unknown,2024-02-13 21:29:40.204000+00:00,2,2,0,2,False,Low,Low,heavy_vehicle,sheshadripura college eicher vehicle string lock cut hagide sir traffic slow mument sir,60.76119708333333
FKID001143,unplanned,vehicle_breakdown,closed,12.9630808,77.5850315,Mysore Road,Unknown,Halasuru Gate,unknown,2024-02-13 22:29:51.516000+00:00,3,2,0,2,True,High,High,bmtc_bus,[person] to townhall jc road sir,33.748134783333334
FKID001145,unplanned,vehicle_breakdown,closed,12.9240053,77.6726147,ORR East 1,Unknown,Bellandur,unknown,2024-03-13 08:56:29.470000+00:00,14,2,0,3,False,High,High,bmtc_bus,,3.437997633333333
FKID001149,unplanned,vehicle_breakdown,closed,13.0420868,77.5150301,Tumkur Road,Unknown,Peenya,unknown,2024-02-13 23:04:20.297000+00:00,4,2,0,2,False,High,High,bmtc_bus,"bmtc bus off road, [location], opp: premier sanjeevini hospital, out going sir, normal traffic  sir",114.61164653333334
FKID001153,unplanned,vehicle_breakdown,closed,12.9665042,77.6075367,Mysore Road,Unknown,Ashok Nagar,unknown,2024-02-13 23:37:37.741000+00:00,5,2,0,2,False,High,High,lcv,ಈ ವಾಹನ ಸಿಗ್ನಲ್ ಲೈಟ್ ಜಂಕ್ಷನ್ ಹತ್ತಿರ ಗೇರ್ ಬಾಕ್ಸ್ ಡೌನ್ ಆಗಿದ್ದು ರಸ್ತೆಯ ಮಧ್ಯ ನಿಂತಿದ್ದು  ಸದರಿ ವಾಹನವನ್ನು ರಸ್ತೆಯ ಎಡ ಬದಿಯಲ್ಲಿ ನಿಲ್ಲಿಸಿರುತ್ತಾರೆ [location] ನಿದಾನ ಗತಿಯಲ್ಲಿ ಇರುತ್ತದೆ ಸರ್,95.59043028333333
FKID001154,unplanned,vehicle_breakdown,closed,12.906819,77.6288036,Hosur Road,Unknown,Madiwala,unknown,2024-02-14 02:53:28.140000+00:00,8,2,0,2,False,High,High,bmtc_bus,bommanahalli circle bmtc bus starting problem sir,11.97852685
FKID001155,unplanned,vehicle_breakdown,closed,12.9900274,77.5051489,Magadi Road,Unknown,Kamakshipalya,unknown,2024-02-14 03:37:01.537000+00:00,9,2,0,2,False,High,High,bmtc_bus,vehicle break down,24.2304184
FKID001159,unplanned,vehicle_breakdown,closed,12.9571556,77.5510504,Mysore Road,Unknown,Byatarayanapura,unknown,2024-03-13 19:05:22.925000+00:00,0,3,0,3,False,High,High,heavy_vehicle,incoming side opposite bharat petroleum starting problem sir,22.292497583333333
FKID001162,unplanned,others,closed,13.0716765,77.5931489,Bellary Road 2,Unknown,Hebbala,unknown,2024-03-13 19:10:26.721000+00:00,0,3,0,3,False,High,High,none,tyre puncture,76.19266588333333
FKID001165,unplanned,vehicle_breakdown,closed,12.9399901,77.6955035,ORR East 1,Unknown,HAL Old Airport,unknown,2024-02-14 04:45:46.195000+00:00,10,2,0,2,False,High,High,bmtc_bus,this vehicle offliaded due to starting problem  cobra 6      [phone],109.25451818333333
FKID001169,unplanned,vehicle_breakdown,closed,13.0236136,77.599707,Non-corridor,Unknown,R.T. Nagar,unknown,2024-02-14 05:48:37.455000+00:00,11,2,0,2,False,Low,Low,bmtc_bus,traffic normal movememt,89.5580396
FKID001170,unplanned,vehicle_breakdown,closed,12.9750333,77.5855417,Non-corridor,Unknown,Halasuru Gate,unknown,2024-03-13 19:36:18.482000+00:00,1,3,0,3,False,Low,Low,heavy_vehicle,post office road towards [location] circle,20.751736666666666
FKID001172,unplanned,others,closed,13.02652,77.7205359,Non-corridor,Unknown,K.R. Pura,unknown,2024-02-14 06:03:36.452000+00:00,11,2,0,2,False,Low,Low,none,bmtc bus puncture at medahalli service road towards hosakote,180.91461453333335
FKID001173,unplanned,vehicle_breakdown,closed,13.0197621,77.7088026,Non-corridor,Unknown,K.R. Pura,unknown,2024-02-14 05:53:00.875000+00:00,11,2,0,2,False,Low,Low,bmtc_bus,bmtc bus off road due to breakjam from [location] to [location] service road,62.10533875
FKID001174,unplanned,vehicle_breakdown,closed,13.1758867,77.6357701,Bellary Road 2,Unknown,Chikkajala,unknown,2024-02-14 06:51:10.160000+00:00,12,2,0,2,False,High,High,bmtc_bus,near kote cross junction service road towards chikkajala,4.185284566666667
FKID001178,unplanned,construction,closed,13.0483105,77.6452213,Non-corridor,Unknown,Hennuru,unknown,2024-03-13 20:03:19.155000+00:00,1,3,0,3,False,Low,Low,none,ಸರ್ ನಮಸ್ತೆ ಹೆಣ್ಣೂರು ಬಾಗಲೂರು ಮುಖ್ಯ ರಸ್ತೆಯಲ್ಲಿ ವೈಟ್ ಟಾಪಿಂಗ್ ಕಾಮಗಾರಿ ನಡೆಯುತ್ತಿರುವರಿಂದ ಗೆದ್ದಲಳ್ಳಿ ಬಸ್ ಸ್ಟಾಪ್ ಹತ್ತಿರ ವಾಹನಗಳ ಸಂಚಾರವು ನಿಧಾನಗತಿಯಲ್ಲಿ ಸಾಗುತ್ತಿದೆ ಸರ್,365.8770966
FKID001181,unplanned,vehicle_breakdown,closed,13.0333853,77.5409753,ORR North 2,Unknown,Yeshwanthpura,unknown,2024-02-14 19:19:59.864000+00:00,0,3,0,2,False,High,High,heavy_vehicle,"vehicle off road due to brrak jam, mutyalamma to gg palya",47.697048333333335
FKID001189,unplanned,construction,closed,13.0379671,77.6258529,Hennur Main Road,Unknown,K.G. Halli,unknown,2024-02-14 19:46:40.535000+00:00,1,3,0,2,False,High,High,none,[person] [location] work sir traffic moment slow sir,4766.704643183333
FKID001194,unplanned,vehicle_breakdown,closed,12.907183,77.600723,Bannerghata Road,Unknown,Mico Layout,unknown,2024-02-14 20:11:10.169000+00:00,1,3,0,2,False,High,High,bmtc_bus,,62.15927346666667
FKID001196,unplanned,water_logging,closed,13.1104781,77.5800625,Non-corridor,Unknown,Yelahanka,unknown,2024-02-14 20:36:31.805000+00:00,2,3,0,2,False,Low,Low,none,dodda ballapura main road puttenahalli bmtc bus depo opp ಡ್ರೈನೆಜ್ ಪ್ರಾಬ್ಲಮ್ sir,1638.5179018833333
FKID001197,unplanned,vehicle_breakdown,closed,13.0483814,77.6455068,Non-corridor,Unknown,Hennuru,unknown,2024-03-13 21:17:45.221000+00:00,2,3,0,3,False,Low,Low,others,good morning sir bbmp vehicl  ofload near [location] bus stop sir,12.48767995
FKID001203,unplanned,vehicle_breakdown,closed,12.907229,77.6007892,Bannerghata Road,Unknown,Mico Layout,unknown,2024-02-14 20:52:21.751000+00:00,2,3,0,2,False,High,High,bmtc_bus,bmtc bus upload near gd mara towards incoming sir,27.9523293
FKID001205,unplanned,vehicle_breakdown,closed,12.9363562,77.7053961,Non-corridor,Unknown,HAL Old Airport,unknown,2024-02-14 20:38:15.130000+00:00,2,3,0,2,False,Low,Low,heavy_vehicle,water tanker off road due desile,63.467518033333334
FKID001207,unplanned,construction,closed,12.9098753,77.54994617,Non-corridor,Unknown,K.S. Layout,unknown,2024-02-14 21:38:44.640000+00:00,3,3,0,2,False,Low,Low,none,bescom work under progress so traffic movement  till tomorrow,624.2569785666667
FKID001214,unplanned,vehicle_breakdown,closed,13.0177383,77.5573517,Tumkur Road,Unknown,Yeshwanthpura,unknown,2024-02-14 23:23:18.637000+00:00,4,3,0,2,False,High,High,lcv,rear wheel tyre brust ypr up ramp towards city,25.9073017
FKID001215,unplanned,vehicle_breakdown,closed,13.0454864,77.5020961,Non-corridor,Unknown,Peenya,unknown,2024-02-15 00:17:11.456000+00:00,5,3,0,2,False,Low,Low,taxi,[person] turn on flyover cab off-road towards outgoing  traffic one side movement,17.485272716666667
FKID001218,unplanned,vehicle_breakdown,closed,12.9485754,77.5929669,Non-corridor,Unknown,Wilson Garden,unknown,2024-02-15 00:07:31.783000+00:00,5,3,0,2,False,Low,Low,lcv,,80.1326431
FKID001223,unplanned,vehicle_breakdown,closed,13.1903461,77.6453381,Bellary Road 2,Unknown,Chikkajala,unknown,2024-03-13 22:21:38.900000+00:00,3,3,0,3,False,High,High,private_car,starting problem sir,29.472658016666667
FKID001225,unplanned,vehicle_breakdown,closed,13.0041761,77.5537173,Non-corridor,Unknown,Malleshwaram,unknown,2024-03-13 22:36:45.126000+00:00,4,3,0,3,False,Low,Low,ksrtc_bus,starting problem,32.38240151666667
FKID001233,unplanned,vehicle_breakdown,closed,12.9654216,77.6175057,Non-corridor,Unknown,Halasur,unknown,2024-02-14 23:17:04.194000+00:00,4,3,0,2,True,Low,Low,bmtc_bus,vehicle can't  moved because of tyre burst road need tobe closed for a time ...,130.85829606666667
FKID001234,unplanned,vehicle_breakdown,closed,12.96594,77.6253299,Non-corridor,Unknown,Halasur,unknown,2024-02-15 00:35:20.275000+00:00,6,3,0,2,False,Low,Low,private_car,vechile break down,42.75810368333334
FKID001236,unplanned,vehicle_breakdown,closed,12.9632557,77.6414175,Old Airport Road,Unknown,Jeevanbheemanagar,unknown,2024-02-15 01:37:19.806000+00:00,7,3,0,2,False,High,High,bmtc_bus,gear problem,2.195204283333333
FKID001240,unplanned,vehicle_breakdown,closed,13.0292483,77.5709898,Non-corridor,Unknown,Sadashivanagar,unknown,2024-03-13 23:35:15.157000+00:00,5,3,0,3,False,Low,Low,bmtc_bus,starting problem,3.172573133333333
FKID001245,unplanned,vehicle_breakdown,closed,12.9959916,77.6672023,ORR North 1,Unknown,Banaswadi,unknown,2024-02-15 05:04:00.888000+00:00,10,3,0,2,False,High,High,private_bus,chian cut problem sir,126.05797051666667
FKID001247,unplanned,vehicle_breakdown,closed,12.9843255,77.6412465,Old Madras Road,Unknown,Jeevanbheemanagar,unknown,2024-02-15 04:35:02.373000+00:00,10,3,0,2,False,High,High,bmtc_bus,,65.22508308333333
FKID001250,unplanned,vehicle_breakdown,closed,13.0142943,77.5832533,Bellary Road 1,Unknown,Sadashivanagar,unknown,2024-02-15 04:34:58.444000+00:00,10,3,0,2,False,High,High,private_bus,[person] ನಗರ ಪೊಲೀಸ್ ಠಾಣೆ ಜಂಕ್ಷನ್ ಯಿಂದ ಮೆಕ್ರಿ ಸರ್ಕಲ್ ಕಡೆ ಹೋಗುವ ರಸ್ತೆ ಮಧ್ಯದಲ್ಲಿ ವಾಹನವು ಕೆಟ್ಟು ನಿಂತಿರುತ್ತದೆ ಸರ್ ಸಂಚಾರಕ್ಕೆ ಯಾವುದೇ ತೊಂದರೆ ಇರುವುದಿಲ್ಲ,68.5412746
FKID001254,unplanned,vehicle_breakdown,closed,12.960562,77.5042188,Non-corridor,Unknown,Jnanabharathi,unknown,2024-03-14 01:28:22.049000+00:00,6,3,0,3,False,Low,Low,private_bus,"[person] ಬಸ್ ಆಫ್ ರೋಡ್ ಆಗಿದೆ, ವೆಹಿಕಲ್ ಮೂಮೆಂಟ್ ಸ್ಲೋ ಇದೆ",48.842927616666664
FKID001255,unplanned,vehicle_breakdown,closed,13.0065682,77.5838844,Bellary Road 1,Unknown,Sadashivanagar,unknown,2024-03-14 01:34:09.642000+00:00,7,3,0,3,False,High,High,ksrtc_bus,cluch problem,25.324214433333335
FKID001257,unplanned,vehicle_breakdown,resolved,12.900384,77.5858132,Non-corridor,Unknown,J.P. Nagar,unknown,2024-02-15 06:56:52.957000+00:00,12,3,0,2,False,Low,Low,lcv,off-road,5.6324983500000005
FKID001261,unplanned,vehicle_breakdown,closed,13.0436325,77.5533837,ORR North 2,Unknown,Jalahalli,unknown,2024-02-15 06:32:51.050000+00:00,12,3,0,2,False,High,High,lcv,traffic one side moment sir,20.49097971666667
FKID001265,unplanned,vehicle_breakdown,closed,12.9320791,77.5414884,ORR West 1,Unknown,Banashankari,unknown,2024-03-14 01:50:51.813000+00:00,7,3,0,3,False,High,High,bmtc_bus,,22.541880900000002
FKID001267,unplanned,pot_holes,closed,13.001119,77.5839711,Bellary Road 1,Unknown,Sadashivanagar,unknown,2024-03-14 04:30:19.082000+00:00,10,3,0,3,False,High,High,none,potholes open denger zone,5667.63702295
FKID001272,unplanned,vehicle_breakdown,closed,12.9891602,77.5068983,Magadi Road,Unknown,Kamakshipalya,unknown,2024-03-14 05:00:59.197000+00:00,10,3,0,3,False,High,High,others,near yamaha showroom sunkadakatte city outgoing sir 10 minites ready sir,8.242330166666667
FKID001274,unplanned,vehicle_breakdown,closed,13.0357448,77.7353443,Non-corridor,Unknown,K.R. Pura,unknown,2024-03-14 05:48:54.486000+00:00,11,3,0,3,False,Low,Low,heavy_vehicle,starting problam sir ph [phone],74.69350561666667
FKID001280,unplanned,vehicle_breakdown,closed,13.1834435,77.6797495,Non-corridor,Unknown,Chikkajala,unknown,2024-02-15 19:29:35.977000+00:00,0,4,0,2,False,Low,Low,private_car,begur signal  chikkjal car right side front wheel  cur sir  traffic slow movement,21.15403888333333
FKID001283,unplanned,vehicle_breakdown,closed,13.0366572,77.5243125,Tumkur Road,Unknown,Peenya,unknown,2024-02-15 19:38:55.286000+00:00,1,4,0,2,False,High,High,lcv,ps junction on flyover towards outgoing side tata ace off road due tyre puncher sir,18.911796083333336
FKID001285,unplanned,vehicle_breakdown,closed,13.019521,77.7087876,Non-corridor,Unknown,K.R. Pura,unknown,2024-02-15 19:51:01.060000+00:00,1,4,0,2,False,Low,Low,ksrtc_bus,ಮೇಡಳ್ಳಿ ಜಂಕ್ಷನ್ ನಿಂದ ಭಟ್ಟರಹಳ್ಳಿ ಜಂಕ್ಷನ್ ಗೆ ಹೋಗುವ ಕಡೆ ksrtc ಬಸ್ ಗೇರ್ ಲಾಕ್ ಆಗಿ ನಿಂತಿದೆ ಸ ಟ್ರಾಫಿಕ್ ಮೂಮೆಂಟ್ ಸ್ಲೋ ಇದೆ ಸರ್,15.905597883333334
FKID001287,unplanned,vehicle_breakdown,closed,12.9599092,77.504205,Non-corridor,Unknown,Jnanabharathi,unknown,2024-02-15 21:09:32.663000+00:00,2,4,0,2,False,Low,Low,bmtc_bus,bmtc electric bus break down traffic normal,18.743594383333335
FKID001290,unplanned,vehicle_breakdown,closed,13.0355923,77.5263597,Tumkur Road,Unknown,Peenya,unknown,2024-02-15 23:16:09.704000+00:00,4,4,0,2,False,High,High,taxi,srs junction on flyover towards outgoing side private cab off road due to staring problem sir traffic one side moving sir,30.207270483333332
FKID001291,unplanned,vehicle_breakdown,closed,12.9929641,77.5951316,Non-corridor,Unknown,High ground,unknown,2024-02-15 22:36:34.009000+00:00,4,4,0,2,False,Low,Low,bmtc_bus,bmtc buss [location] near [location],128.41844893333334
FKID001292,unplanned,congestion,closed,13.0411065,77.617027,ORR North 1,Unknown,Hennuru,unknown,2024-02-16 01:05:42.295000+00:00,6,4,0,2,False,High,High,none,slow movement traffic towards keb junction due to [location] work,87.10293336666668
FKID001293,unplanned,pot_holes,closed,12.969761,77.7501885,Non-corridor,Unknown,Whitefield,unknown,2024-02-15 22:09:29.493000+00:00,3,4,0,2,False,Low,Low,none,immadihalli junction,1489.0271123833334
FKID001294,unplanned,pot_holes,closed,12.9698642,77.7500164,Non-corridor,Unknown,Whitefield,unknown,2024-02-15 22:08:12.780000+00:00,3,4,0,2,False,Low,Low,none,immadihalli junction,1490.3736745166668
FKID001296,unplanned,vehicle_breakdown,closed,13.0073126,77.6624143,ORR North 1,Unknown,Banaswadi,unknown,2024-02-16 01:10:53.638000+00:00,6,4,0,2,False,High,High,heavy_vehicle,vehicle no moving,32.5034449
FKID001300,unplanned,vehicle_breakdown,closed,13.0018232,77.6791257,ORR East 2,Unknown,K.R. Pura,unknown,2024-02-16 01:13:43.815000+00:00,6,4,0,2,False,High,High,truck,vahical breakdown near mmt to iti sir,66.92851234999999
FKID001302,unplanned,pot_holes,closed,12.9698642,77.7500164,Non-corridor,Unknown,Whitefield,unknown,2024-02-15 22:08:12.780000+00:00,3,4,0,2,False,Low,Low,none,immadihalli junction,1490.3403477333334
FKID001313,unplanned,others,closed,12.9124406,77.4851732,Mysore Road,Unknown,Kengeri,unknown,2024-02-16 03:57:04.593000+00:00,9,4,0,2,False,High,High,none,traffic no problem sir slow movement,119.54685436666666
FKID001324,unplanned,tree_fall,closed,12.9938878,77.5891555,Non-corridor,Unknown,High ground,unknown,2024-03-14 07:35:35.640000+00:00,13,3,0,3,True,Low,Low,none,tree fall to near mcc college sir,79.37274963333333
FKID001329,unplanned,vehicle_breakdown,closed,12.9831235,77.5308168,Magadi Road,Unknown,Kamakshipalya,unknown,2024-03-14 07:51:04.447000+00:00,13,3,0,3,False,High,High,bmtc_bus,,153.41269573333332
FKID001331,unplanned,accident,closed,13.0036733,77.6631733,ORR North 1,Unknown,Banaswadi,unknown,2024-03-14 10:22:42.703000+00:00,15,3,0,3,False,High,High,none,break fail,52.03779613333334
FKID001332,unplanned,vehicle_breakdown,closed,13.008416,77.6925609,Non-corridor,Unknown,K.R. Pura,unknown,2024-02-16 05:21:49.454000+00:00,10,4,0,2,False,Low,Low,lcv,vahical,1.8039698333333334
FKID001334,unplanned,vehicle_breakdown,closed,12.9060449,77.5857343,ORR West 1,Unknown,J.P. Nagar,unknown,2024-02-16 06:48:35.403000+00:00,12,4,0,2,False,High,High,bmtc_bus,off road,27.9779026
FKID001335,unplanned,vehicle_breakdown,closed,13.0096382,77.5059421,Non-corridor,Unknown,Peenya,unknown,2024-02-16 06:01:01.071000+00:00,11,4,0,2,False,Low,Low,bmtc_bus,bmtc bus front wheel puncher sir,77.07247735
FKID001339,unplanned,vehicle_breakdown,closed,13.008416,77.6925609,Non-corridor,Unknown,K.R. Pura,unknown,2024-02-16 05:21:49.454000+00:00,10,4,0,2,False,Low,Low,lcv,vahical,2.0421352666666666
FKID001346,unplanned,others,closed,12.9592367,77.5557324,Mysore Road,Unknown,Chamarajpet,unknown,2024-02-16 07:30:35.990000+00:00,13,4,0,2,False,High,High,none,cleared by putting mud on road,3.8131514166666665
FKID001351,unplanned,vehicle_breakdown,closed,12.964071,77.5698422,Mysore Road,Unknown,Chamarajpet,unknown,2024-02-16 09:13:45.192000+00:00,14,4,0,2,False,High,High,lcv,outgoing,35.12267365
FKID001355,unplanned,tree_fall,closed,12.9587673,77.5740072,Non-corridor,Unknown,V.V.Puram (C.Pet),unknown,2024-03-14 20:01:29.314000+00:00,1,4,0,3,False,Low,Low,none,tree fallen at near [location] sir,56.49172753333333
FKID001364,unplanned,vehicle_breakdown,closed,13.0126029,77.5544554,West of Chord Road,Unknown,Malleshwaram,unknown,2024-02-16 20:42:44.804000+00:00,2,5,1,2,False,High,High,bmtc_bus,starting problem,49.20473728333333
FKID001367,unplanned,vehicle_breakdown,closed,13.0166638,77.5836457,Bellary Road 1,Unknown,Sadashivanagar,unknown,2024-02-16 20:00:53.281000+00:00,1,5,1,2,True,High,High,lcv,with in 30 minutes,37.30351836666667
FKID001368,unplanned,vehicle_breakdown,closed,13.0295902,77.537008,Tumkur Road,Unknown,Yeshwanthpura,unknown,2024-02-16 19:53:36.035000+00:00,1,5,1,2,False,High,High,bmtc_bus,,72.88357673333333
FKID001370,unplanned,vehicle_breakdown,closed,12.9840844,77.6405155,Old Madras Road,Unknown,Jeevanbheemanagar,unknown,2024-02-16 20:51:31.561000+00:00,2,5,1,2,False,High,High,private_car,[person] towards 80feet,3.7787415666666666
FKID001371,unplanned,vehicle_breakdown,closed,12.9729384,77.5128128,Non-corridor,Unknown,Jnanabharathi,unknown,2024-03-14 21:49:41.694000+00:00,3,4,0,3,False,Low,Low,bmtc_bus,,2.6236583
FKID001373,unplanned,vehicle_breakdown,closed,12.926154,77.676723,ORR East 1,Unknown,Bellandur,unknown,2024-03-14 21:48:17.400000+00:00,3,4,0,3,False,High,High,bmtc_bus,[person] db [person] service road traffic slow moving sir,97.77232951666666
FKID001374,unplanned,tree_fall,closed,12.95372239,77.57679302,Non-corridor,Unknown,V.V.Puram (C.Pet),unknown,2024-03-14 21:58:59.053000+00:00,3,4,0,3,False,Low,Low,none,tree fall on the main road not necessary for road close,31.31014948333333
FKID001375,unplanned,road_conditions,closed,12.9219507,77.5602425,ORR West 1,Unknown,Banashankari,unknown,2024-03-14 21:36:49.204000+00:00,3,4,0,3,False,High,High,none,bbmp work ing sir slow movements,62.264017833333334
FKID001380,unplanned,construction,closed,13.0483242,77.6450836,Non-corridor,Unknown,Hennuru,unknown,2024-03-14 22:49:23.165000+00:00,4,4,0,3,False,Low,Low,none,ನಮಸ್ತೆ ಸರ್. ಹೆಣ್ಣು ಬಾಗಲೂರು ಮುಖ್ಯ ರಸ್ತೆ ಗೆದ್ದಲಹಳ್ಳಿ ವೈಟ್ ಟಾಪಿಕ್ ಮಾಡುತ್ತಿರುವುದರಿಂದ ವಾಹನಗಳ ಸಂಚಾರವನ್ನು ನಿಧಾನಗತಿಯಲ್ಲಿ ಇರುತ್ತದೆ ಬಾಗಲೂರು ಪಾಳ್ಯ ನಮಸ್ತೆ ಸರ್,1911.9671419166666
FKID001384,unplanned,vehicle_breakdown,closed,12.9846104,77.5724988,Non-corridor,Unknown,Sheshadripuram,unknown,2024-02-16 22:13:32.326000+00:00,3,5,1,2,False,Low,Low,private_bus,one side traffic free movement,63.30596091666666
FKID001387,unplanned,congestion,closed,13.0408936,77.6175047,ORR North 1,Unknown,Hennuru,unknown,2024-03-14 23:24:29.386000+00:00,4,4,0,3,False,High,High,none,slow movement traffic towards keb junction due to [location] work,37.785654916666665
FKID001388,unplanned,vehicle_breakdown,closed,13.0166851,77.5590135,Tumkur Road,Unknown,Yeshwanthpura,unknown,2024-03-14 22:53:09.439000+00:00,4,4,0,3,False,High,High,private_car,"car punture mattikere cross towards ko8, traffic no problem",13.265553916666667
FKID001390,unplanned,others,closed,12.9607315,77.5043785,Non-corridor,Unknown,Jnanabharathi,unknown,2024-02-17 01:04:06.297000+00:00,6,5,1,2,False,Low,Low,none,vaccum pin required,34.995653966666666
FKID001395,unplanned,vehicle_breakdown,closed,13.0354502,77.5266678,Tumkur Road,Unknown,Peenya,unknown,2024-02-16 23:58:10.991000+00:00,5,5,1,2,False,High,High,lcv,peenya industries metro station on flyover lcv vehicle off-road towards parle toll traffic one side movement,28.267420583333333
FKID001396,unplanned,vehicle_breakdown,closed,12.9225338,77.6456041,ORR East 1,Unknown,HSR Layout,unknown,2024-02-16 23:19:27.396000+00:00,4,5,1,2,False,High,High,private_car,car breakdown due to battery problem,120.9917747
FKID001397,unplanned,others,closed,13.0312086,77.5244957,Non-corridor,Unknown,Peenya,unknown,2024-02-17 00:07:55.053000+00:00,5,5,1,2,True,Low,Low,none,[vehicle] number hgv vehicle grar box damege no moving sir,313.8667528
FKID001400,unplanned,road_conditions,closed,12.9289557,77.5677555,Non-corridor,Unknown,Banashankari,unknown,2024-03-15 00:32:50.155000+00:00,6,4,0,3,False,Low,Low,none,for test,1.6786465666666668
FKID001404,unplanned,others,closed,12.95291122,77.54039654,West of Chord Road,Unknown,Byatarayanapura,unknown,2024-03-15 00:58:01.956000+00:00,6,4,0,3,False,High,High,none,tier puncher,4.119737566666667
FKID001405,unplanned,accident,closed,12.9863112,77.6475171,Old Madras Road,Unknown,Jeevanbheemanagar,unknown,2024-03-15 00:47:15.818000+00:00,6,4,0,3,False,High,High,none,,41.571545316666665
FKID001410,unplanned,vehicle_breakdown,closed,12.9370003,77.5202782,Mysore Road,Unknown,Byatarayanapura,unknown,2024-02-17 02:46:23.452000+00:00,8,5,1,2,False,High,High,ksrtc_bus,,34.62066285
FKID001411,unplanned,others,closed,13.1014663,77.5866177,Non-corridor,Unknown,Yelahanka,unknown,2024-02-17 01:52:53.574000+00:00,7,5,1,2,False,Low,Low,none,dodda ballapura main road to wards unnikrishan junction metro work sir,1764.0597806833332
FKID001412,unplanned,water_logging,closed,12.8995982,77.6010296,Bannerghata Road,Unknown,Mico Layout,unknown,2024-02-17 01:31:24.918000+00:00,7,5,1,2,False,High,High,none,infrontof [person] drainage water leakage on road so traffic moving slowly from [person] to hsbc junction sir,2568.2762129999996
FKID001414,unplanned,vehicle_breakdown,closed,12.9898379,77.5719635,Non-corridor,Unknown,Sheshadripuram,unknown,2024-03-15 03:26:40.957000+00:00,8,4,0,3,False,Low,Low,bmtc_bus,bmtc bus ger box problem  traffic normal moment,122.88383688333333
FKID001419,unplanned,vehicle_breakdown,closed,12.9255212,77.5496526,ORR West 1,Unknown,Banashankari,unknown,2024-02-17 04:11:18.144000+00:00,9,5,1,2,False,High,High,private_bus,,45.38100588333334
FKID001420,unplanned,vehicle_breakdown,closed,12.9305032,77.5802774,Non-corridor,Unknown,Jayanagara,unknown,2024-02-17 03:14:19.776000+00:00,8,5,1,2,False,Low,Low,heavy_vehicle,[location] to [location],27.755491966666668
FKID001423,unplanned,vehicle_breakdown,closed,12.91304392,77.62528618,Hosur Road,Unknown,HSR Layout,unknown,2024-02-17 05:09:02.052000+00:00,10,5,1,2,False,High,High,private_car,silk board towards rupena agrahara  near [person] car off road star problem sir one line vehicle will pass slow moving traffic w,15.762067949999999
FKID001424,unplanned,vehicle_breakdown,closed,12.9959803,77.667998,ORR North 1,Unknown,Mahadevapura,unknown,2024-03-15 04:49:18.703000+00:00,10,4,0,3,False,High,High,heavy_vehicle,,124.13244701666667
FKID001425,unplanned,congestion,closed,13.0412942,77.6226947,Hennur Main Road,Unknown,Hennuru,unknown,2024-03-15 04:48:30.627000+00:00,10,4,0,3,False,High,High,none,slow movement towards keb junction due to [location] work,136.03228926666668
FKID001426,unplanned,vehicle_breakdown,closed,12.9633836,77.5814857,Mysore Road,Unknown,City Market,unknown,2024-03-15 04:28:57.064000+00:00,9,4,0,3,False,High,High,truck,normal traffic moving sir,28.3823993
FKID001432,unplanned,vehicle_breakdown,closed,12.9901789,77.5037504,Magadi Road,Unknown,Kamakshipalya,unknown,2024-03-15 05:42:14.040000+00:00,11,4,0,3,False,High,High,bmtc_bus,,25.321667083333335
FKID001437,unplanned,vehicle_breakdown,closed,12.9874519,77.587879,Bellary Road 1,Unknown,High ground,unknown,2024-03-15 05:52:09.129000+00:00,11,4,0,3,False,High,High,private_car,car break down due to wheel jam incoming side windsor maner towards [location] [person] opposite.,49.688574949999996
FKID001446,unplanned,tree_fall,closed,12.9884191,77.5887931,Bellary Road 1,Unknown,High ground,unknown,2024-02-17 16:45:59.579000+00:00,22,5,1,2,True,High,High,none,tree brenches fall in chief secretary residence road sir,141.58774876666666
FKID001447,unplanned,vehicle_breakdown,closed,13.0932487,77.59516,Bellary Road 2,Unknown,Yelahanka,unknown,2024-02-17 19:23:07.740000+00:00,0,6,1,2,False,High,High,bmtc_bus,,65.21049980000001
FKID001458,unplanned,vehicle_breakdown,closed,12.9784305,77.5707735,Non-corridor,Unknown,Chamarajpet,unknown,2024-02-17 20:43:37.982000+00:00,2,6,1,2,False,Low,Low,bmtc_bus,one side movement sir,21.79317205
FKID001460,unplanned,vehicle_breakdown,closed,13.0820698,77.5929525,Bellary Road 2,Unknown,Yelahanka,unknown,2024-02-17 20:42:38.872000+00:00,2,6,1,2,False,High,High,others,due to tyre burst,65.78450945
FKID001461,unplanned,others,closed,12.963011,77.5664503,Mysore Road,Unknown,Chamarajpet,unknown,2024-02-17 19:48:16.108000+00:00,1,6,1,2,False,High,High,none,vinayka theatre market on flyover garbage inform to bbmp sir,388.87556163333335
FKID001466,unplanned,vehicle_breakdown,closed,12.9930034,77.5954144,Non-corridor,Unknown,High ground,unknown,2024-03-15 07:21:16.772000+00:00,12,4,0,3,False,Low,Low,bmtc_bus,vasanthagara bus stop towards old udaya tv junction  s itjunction,10.24884315
FKID001468,unplanned,vehicle_breakdown,closed,13.0435867,77.6046833,ORR North 1,Unknown,Hebbala,unknown,2024-03-15 07:28:25.679000+00:00,12,4,0,3,False,High,High,private_bus,,29.929127866666665
FKID001469,unplanned,vehicle_breakdown,closed,12.8999989,77.6009931,Bannerghata Road,Unknown,Mico Layout,unknown,2024-03-15 08:09:47.521000+00:00,13,4,0,3,False,High,High,lcv,near [location] off road due to tyre got puncher have left side traffic moving slowly from [person] to hsbc junction sir,29.872228166666666
FKID001470,unplanned,vehicle_breakdown,closed,13.0411089,77.5457736,ORR North 2,Unknown,Jalahalli,unknown,2024-03-15 10:22:58.970000+00:00,15,4,0,3,False,High,High,heavy_vehicle,break down,9.129387033333334
FKID001473,unplanned,vehicle_breakdown,closed,12.9179413,77.6216552,ORR East 1,Unknown,Madiwala,unknown,2024-02-17 22:25:57.762000+00:00,3,6,1,2,False,High,High,private_bus,private bus offroaded inbetween silkboard towords mps in service road due airlock traffic movement slow ide sir,47.78352503333333
FKID001477,unplanned,accident,closed,12.9435108,77.57773,Non-corridor,Unknown,Basavanagudi,unknown,2024-02-17 21:30:45.212098+00:00,3,6,1,2,False,Low,Low,none,,64.67699146666666
FKID001490,unplanned,vehicle_breakdown,closed,12.9162843,77.6155072,Non-corridor,Unknown,Madiwala,unknown,2024-02-17 23:55:25.531000+00:00,5,6,1,2,False,Low,Low,others,gear box problem,26.454950033333333
FKID001491,unplanned,vehicle_breakdown,closed,12.9637192,77.5852885,Mysore Road,Unknown,Halasuru Gate,unknown,2024-02-18 00:26:46.518000+00:00,5,6,1,2,False,High,High,bmtc_bus,,41.276453733333334
FKID001493,unplanned,vehicle_breakdown,closed,12.992609,77.5852714,Bellary Road 1,Unknown,High ground,unknown,2024-02-18 01:16:13.812000+00:00,6,6,1,2,False,High,High,others,b10 under pass to b2 car breakdowen sir traffic one said moment,112.91873355
FKID001494,unplanned,others,closed,12.9902179,77.5034639,Magadi Road,Unknown,Kamakshipalya,unknown,2024-02-18 00:50:09.992000+00:00,6,6,1,2,False,High,High,none,ರಾಮನವಮಿ ಪ್ರಯುಕ್ತ ಪೂಜೆ ಹಾಗೂ ಪಾನಕ ಮಜ್ಜಿಗೆ ವಿತರಣೆ ಮಾಡಲಾಗುತ್ತಿದೆ ಆದ್ದರಿಂದ traffic conjunction ಇದೆ,222.83057628333333
FKID001495,unplanned,vehicle_breakdown,closed,13.0008671,77.5713369,Non-corridor,Unknown,Malleshwaram,unknown,2024-02-18 02:42:29.022000+00:00,8,6,1,2,False,Low,Low,bmtc_bus,"the bus steering is cut, traffic is slow movement",116.41837865000001
FKID001496,unplanned,vehicle_breakdown,closed,12.9863247,77.6478879,Old Madras Road,Unknown,Jeevanbheemanagar,unknown,2024-03-15 17:34:28.922000+00:00,23,4,0,3,False,High,High,heavy_vehicle,traffic no problem sir. mechanic on the way,75.1976845
FKID001499,planned,construction,closed,12.9392452,77.6951606,ORR East 1,Unknown,HAL Old Airport,unknown,2024-02-18 03:37:55.578000+00:00,9,6,1,2,True,High,High,none,kadubeesanahalli junction near cessna service rd sir [person] work sir,34.097350649999996
FKID001501,unplanned,vehicle_breakdown,closed,12.9819279,77.5948338,CBD 2,Unknown,Cubbon Park,unknown,2024-02-18 04:44:32.442000+00:00,10,6,1,2,False,High,High,private_car,gear problem,60.0840213
FKID001503,unplanned,vehicle_breakdown,closed,13.141795,77.6173483,Bellary Road 2,Unknown,Chikkajala,unknown,2024-03-15 18:23:32.420000+00:00,23,4,0,3,False,High,High,taxi,,37.39451276666667
FKID001504,unplanned,accident,closed,12.8795724,77.6462409,Hosur Road,Unknown,Electronic City,unknown,2024-03-15 18:58:59.544000+00:00,0,5,1,3,True,High,High,none,chain accident on play over near singasandra towards [location] near key hotel singasandra sir,74.62887731666666
FKID001507,unplanned,vehicle_breakdown,closed,13.0422576,77.6130097,ORR North 1,Unknown,Hebbala,unknown,2024-03-15 19:27:28.531000+00:00,0,5,1,3,False,High,High,heavy_vehicle,gear pblm sir,5.132183783333333
FKID001508,unplanned,vehicle_breakdown,closed,12.99608379,77.66816426,ORR North 1,Unknown,Mahadevapura,unknown,2024-02-18 05:44:10.693000+00:00,11,6,1,2,False,High,High,bmtc_bus,,10.619932433333334
FKID001512,unplanned,vehicle_breakdown,closed,13.0079815,77.662382,ORR North 1,Unknown,Banaswadi,unknown,2024-03-15 19:22:22.680000+00:00,0,5,1,3,True,High,High,heavy_vehicle,ಮೆಟ್ರೊ ವಾಹನ,130.6786535
FKID001519,unplanned,others,closed,13.0017102,77.5836286,Bellary Road 1,Unknown,Sadashivanagar,unknown,2024-02-18 08:54:43.804000+00:00,14,6,1,2,False,High,High,none,car weel puncture,8.213493783333332
FKID001520,unplanned,tree_fall,closed,13.0514402,77.5391192,Non-corridor,Unknown,Jalahalli,unknown,2024-03-15 20:27:14.925000+00:00,1,5,1,3,False,Low,Low,none,tree fall,48.916281016666666
FKID001530,unplanned,vehicle_breakdown,closed,13.0852483,77.5535017,Non-corridor,Unknown,Yelahanka,unknown,2024-03-15 20:51:48.132000+00:00,2,5,1,3,False,Low,Low,bmtc_bus,bmtc bus off road at major unnikrishnan towards [location] near hp petrol bunk mh palya sir,136.8639617
FKID001534,unplanned,vehicle_breakdown,closed,12.9144561,77.5999649,Bannerghata Road,Unknown,Mico Layout,unknown,2024-02-18 20:19:42.004000+00:00,1,0,0,2,False,High,High,lcv,infront of [person] lgv off road due to back wheel coming outside so traffic moving slowly from jayadeva under pass to [person] sir,64.36110058333334
FKID001536,unplanned,vehicle_breakdown,closed,12.91700531,77.67319232,Non-corridor,Unknown,Bellandur,unknown,2024-02-18 18:58:21.829000+00:00,0,0,0,2,False,Low,Low,bmtc_bus,iblur towards bellandur,33.71126616666667
FKID001540,unplanned,pot_holes,closed,12.916738,77.5950034,Non-corridor,Unknown,Jayanagara,unknown,2024-03-15 21:19:06.219000+00:00,2,5,1,3,False,Low,Low,none,traffic problem,3178.6211948333334
FKID001543,unplanned,vehicle_breakdown,closed,13.1038182,77.6007158,Bellary Road 2,Unknown,Yelahanka,unknown,2024-03-15 22:35:27.470000+00:00,4,5,1,3,False,High,High,heavy_vehicle,,9.070594583333333
FKID001547,unplanned,vehicle_breakdown,closed,12.958647,77.5552335,Mysore Road,Unknown,Chamarajpet,unknown,2024-03-15 23:00:51.904000+00:00,4,5,1,3,False,High,High,heavy_vehicle,vehicle starting problem towards city traffic slow moving sir..,41.391337183333334
FKID001548,unplanned,vehicle_breakdown,closed,12.9460623,77.4960791,Non-corridor,Unknown,Jnanabharathi,unknown,2024-03-15 22:35:58.122000+00:00,4,5,1,3,False,Low,Low,bmtc_bus,"bmtc bus no. [vehicle] off-road near [location] palya junction, mechanic arrived and repairing, traffic no problem",126.48344196666667
FKID001551,unplanned,vehicle_breakdown,closed,12.9982804,77.6634974,ORR North 1,Unknown,Banaswadi,unknown,2024-02-19 00:37:16.067000+00:00,6,0,0,2,False,High,High,bmtc_bus,vehicle breakdown,102.31517605
FKID001558,unplanned,vehicle_breakdown,closed,12.94561,77.4956717,Non-corridor,Unknown,Jnanabharathi,unknown,2024-02-19 00:41:48.510000+00:00,6,0,0,2,False,Low,Low,bmtc_bus,mariyappanapalya main junction [location] bus break down towards ullala,41.372690049999996
FKID001559,unplanned,vehicle_breakdown,closed,12.9890857,77.5078147,Magadi Road,Unknown,Kamakshipalya,unknown,2024-03-16 01:16:51.111000+00:00,6,5,1,3,False,High,High,bmtc_bus,due to engine boil bmtc bus [location]  traffic slow movement towards [person],17.968402516666668
FKID001560,unplanned,vehicle_breakdown,closed,12.9888489,77.5081285,Magadi Road,Unknown,Kamakshipalya,unknown,2024-03-16 01:15:37.317000+00:00,6,5,1,3,False,High,High,bmtc_bus,ashrya junction city outgoing side bmtc bus off road at magadi main road,21.802958333333333
FKID001564,unplanned,vehicle_breakdown,closed,12.98872,77.508568,Magadi Road,Unknown,Kamakshipalya,unknown,2024-03-16 02:00:18.474000+00:00,7,5,1,3,False,High,High,ksrtc_bus,ashrya junction near hyundai showroom ksrtc bus off road sir towards sunkadakatte sir,23.663874933333332
FKID001565,unplanned,vehicle_breakdown,closed,12.9591821,77.5556361,Mysore Road,Unknown,Chamarajpet,unknown,2024-02-19 03:17:27.345000+00:00,8,0,0,2,False,High,High,others,ನಮಸ್ಕಾರ ಸರ್ ಬಿಬಿ ಜಂಕ್ಷನ್ ಬಳಿ ಔಟ್ ಗೋಯಿಂಗ್ ಟ್ರಾಫಿಕ್ ನಲ್ಲಿ ತಮಿಳುನಾಡು ಗೌರ್ಮೆಂಟ್ ಬಸ್ ಪಂಚರ್ ಆಗಿ ಅಪ್ಲೋಡ್ ಆಗಿದೆ ಸರ್. ಟ್ರಾಫಿಕ್ ನಾರ್ಮಲ್ ಇದೆ sir,75.36809358333333
FKID001566,unplanned,vehicle_breakdown,closed,12.9529814,77.541538,Mysore Road,Unknown,Byatarayanapura,unknown,2024-03-16 02:09:44.491000+00:00,7,5,1,3,False,High,High,lcv,vehicle funture,58.13958933333333
FKID001567,unplanned,vehicle_breakdown,closed,12.9889692,77.50772,Magadi Road,Unknown,Kamakshipalya,unknown,2024-03-16 02:01:35.969000+00:00,7,5,1,3,True,High,High,lcv,ಟ್ರಾಫಿಕ್ ನಾರ್ಮಲ್ ಸರ್,79.74376296666667
FKID001568,unplanned,vehicle_breakdown,closed,12.9658196,77.5954635,Mysore Road,Unknown,Halasuru Gate,unknown,2024-02-19 03:20:14.973000+00:00,8,0,0,2,False,High,High,others,rrmr road,94.79220713333333
FKID001570,unplanned,vehicle_breakdown,closed,12.9598662,77.5743609,Non-corridor,Unknown,V.V.Puram (C.Pet),unknown,2024-02-19 06:05:28.790000+00:00,11,0,0,2,False,Low,Low,bmtc_bus,medical juction nalli break jam agi off road agide sir traffic [person] sir,25.561851433333334
FKID001571,unplanned,vehicle_breakdown,closed,12.9602988,77.5049763,Non-corridor,Unknown,Jnanabharathi,unknown,2024-03-16 02:40:25.936000+00:00,8,5,1,3,False,Low,Low,bmtc_bus,break down,161.71242263333335
FKID001572,unplanned,others,closed,12.9670926,77.5041168,Non-corridor,Unknown,Jnanabharathi,unknown,2024-02-19 06:41:01.401000+00:00,12,0,0,2,False,Low,Low,none,fire accident,6.989937633333333
FKID001575,unplanned,vehicle_breakdown,closed,13.015908,77.5610463,Tumkur Road,Unknown,Yeshwanthpura,unknown,2024-02-19 08:39:50.597000+00:00,14,0,0,2,False,High,High,bmtc_bus,,50.01750633333334
FKID001577,unplanned,vehicle_breakdown,closed,12.9243827,77.6178836,Hosur Road,Unknown,Madiwala,unknown,2024-02-19 10:07:20.379000+00:00,15,0,0,2,False,High,High,truck,ayyappa andar pass  mps to sp road vehical break down agide 20 minuts ready agutte sir,68.04666115
FKID001586,unplanned,vehicle_breakdown,closed,13.0436169,77.5531968,ORR North 2,Unknown,Jalahalli,unknown,2024-02-19 18:34:04.082000+00:00,0,1,0,2,False,High,High,heavy_vehicle,..,93.07605395
FKID001587,unplanned,vehicle_breakdown,closed,12.9386404,77.5983956,Non-corridor,Unknown,Wilson Garden,unknown,2024-02-19 20:03:45.404000+00:00,1,1,0,2,False,Low,Low,others,vical break down,5.5782576666666674
FKID001588,unplanned,vehicle_breakdown,closed,12.8838862,77.6434895,Hosur Road,Unknown,Electronic City,unknown,2024-02-19 20:05:21.343000+00:00,1,1,0,2,False,High,High,lcv,lgv break down near [location] station towards city sir,13.4008989
FKID001589,unplanned,vehicle_breakdown,closed,12.9381961,77.5221042,Mysore Road,Unknown,Byatarayanapura,unknown,2024-02-19 19:00:52.282000+00:00,0,1,0,2,False,High,High,bmtc_bus,..,90.53504385
FKID001594,unplanned,vehicle_breakdown,closed,12.9396328,77.5979386,Non-corridor,Unknown,Wilson Garden,unknown,2024-02-19 20:58:33.985000+00:00,2,1,0,2,False,Low,Low,private_bus,brake down,11.603118716666668
FKID001596,unplanned,vehicle_breakdown,closed,12.922821,77.6693893,ORR East 1,Unknown,Bellandur,unknown,2024-02-19 20:14:10.898000+00:00,1,1,0,2,False,High,High,others,vehicle affroad at [location] point towards bellandore upper ramp we will try to put it in service road sir,10.9303683
FKID001598,unplanned,vehicle_breakdown,closed,12.9535784,77.5422814,Mysore Road,Unknown,Byatarayanapura,unknown,2024-02-19 20:21:08.571000+00:00,1,1,0,2,False,High,High,heavy_vehicle,hgv vehicle left back wheel puncher agide sir 🙏,99.55250774999999
FKID001601,unplanned,water_logging,closed,12.93884,77.6951109,ORR East 1,Unknown,HAL Old Airport,unknown,2024-02-19 20:55:32.585000+00:00,2,1,0,2,False,High,High,none,bwssb ವಾಟರ್ ಲಾಗಿಂಗ್ ಕೆಬಿ [location] ಪಾಸ್ ಟವರ್ಡ್ಸ್ ಸೇಸ್ನಾ ಟ್ರಾಫಿಕ್ ಮೂವಮೆಂಟ್ ಸ್ಲೋ ಇದೆ ಸರ್...,2880.9232620166667
FKID001604,unplanned,vehicle_breakdown,closed,12.9603,77.5050083,Non-corridor,Unknown,Jnanabharathi,unknown,2024-03-16 05:08:06.296000+00:00,10,5,1,3,False,Low,Low,bmtc_bus,,13.157230550000001
FKID001605,unplanned,vehicle_breakdown,closed,12.9358395,77.6149327,Hosur Road,Unknown,Adugodi,unknown,2024-02-19 22:10:03.709000+00:00,3,1,0,2,False,High,High,bmtc_bus,bmtc bus technical problem sir,66.10073248333333
FKID001607,unplanned,vehicle_breakdown,closed,12.9330433,77.6117417,Hosur Road,Unknown,Madiwala,unknown,2024-02-19 21:23:33.802000+00:00,2,1,0,2,False,High,High,others,"ತಾವರೆಕೆರೆ ಟುವರ್ಡಸ ಚೆಕ್ ಪೋಸ್ಟ್ ಗಾಡಿ ಆಫ್ ರೋಡಾಗಿದ್ದು , ರಸ್ತೆಯ ಬದಿಯಲ್ಲಿ ರುವುದರಿಂದ ಸಂಚಾರವು ನಿಧಾನ ಗತಿಯಲ್ಲಿ ಸಾಗುತ್ತಿದೆ.",71.50056616666667
FKID001608,unplanned,vehicle_breakdown,closed,13.0462281,77.6027534,ORR North 1,Unknown,Hebbala,unknown,2024-02-20 00:02:35.525000+00:00,5,1,0,2,False,High,High,private_car,car off road venkatam cafe near towards veerannapalya traffic normally moving sir,18.836651933333332
FKID001620,unplanned,vehicle_breakdown,closed,12.9286395,77.5864331,Non-corridor,Unknown,Jayanagara,unknown,2024-02-20 01:34:54.994000+00:00,7,1,0,2,False,Low,Low,private_bus,,117.39218681666667
FKID001621,unplanned,vehicle_breakdown,resolved,13.00594,77.5930776,Non-corridor,Unknown,R.T. Nagar,unknown,2024-02-20 02:16:45.550000+00:00,7,1,0,2,False,Low,Low,bmtc_bus,bus gyare not working sir shivanna circle towards controment,110.46526
FKID001623,unplanned,others,closed,12.9711513,77.5071208,Non-corridor,Unknown,Jnanabharathi,unknown,2024-02-20 01:05:28.905000+00:00,6,1,0,2,False,Low,Low,none,traffic no problem and cooling problem after 30 minute move on,533.57232925
FKID001630,unplanned,others,closed,13.001119,77.5839711,Bellary Road 1,Unknown,Sadashivanagar,unknown,2024-03-16 08:05:27.828000+00:00,13,5,1,3,False,High,High,none,bwssb ರವರು ವಾಟರ್ ಲೀಕ್ ಆಗಿರುವ ಕಾರಣ ಡಸ್ಟ್ ಮತ್ತು ಮಣ್ಣು ಹಾಕಿದ್ದರು.. ಅದರ ಮೇಲೆ ಈ ವಹಿಕಲ್ ಹೋಗುವಾಗ ಟಾಯೆರ್ ಮಣ್ಣಿನಲ್ಲಿ ಸಿಲುಕಿರುತ್ತದೆ ಸರ್.,27.545034283333333
FKID001633,unplanned,vehicle_breakdown,closed,13.0121587,77.5692077,Non-corridor,Unknown,Sadashivanagar,unknown,2024-02-20 03:10:45.362000+00:00,8,1,0,2,False,Low,Low,bmtc_bus,starting problem,10.638148583333333
FKID001634,unplanned,vehicle_breakdown,closed,12.9852233,77.4846533,Non-corridor,Unknown,Kamakshipalya,unknown,2024-02-20 03:40:27.131000+00:00,9,1,0,2,False,Low,Low,bmtc_bus,magadi main road incoming side bmtc bus offroad back wheel punchar traffic no problem sir,18.394525433333335
FKID001635,unplanned,others,closed,13.0202114,77.5838339,Bellary Road 1,Unknown,Sadashivanagar,unknown,2024-02-20 02:44:14.278000+00:00,8,1,0,2,False,High,High,none,ph:[phone],99.88255601666667
FKID001642,unplanned,vehicle_breakdown,closed,13.0436848,77.5538034,ORR North 2,Unknown,Jalahalli,unknown,2024-02-20 07:18:25.961000+00:00,12,1,0,2,False,High,High,private_bus,break down,8.985578633333335
FKID001643,unplanned,tree_fall,closed,13.0616295,77.5761282,Non-corridor,Unknown,Kodigehalli,unknown,2024-02-20 05:55:42.313000+00:00,11,1,0,2,False,Low,Low,none,[person] towards [location] back gate road,16.6391068
FKID001644,unplanned,vehicle_breakdown,closed,13.0147144,77.5854668,Bellary Road 1,Unknown,R.T. Nagar,unknown,2024-02-20 06:56:59.478000+00:00,12,1,0,2,False,High,High,bmtc_bus,bmtc bus off loaded due to starting problem at mekhri circle bus stop towards cl cross,12.881734533333335
FKID001645,unplanned,vehicle_breakdown,closed,12.9291283,77.61678,Hosur Road,Unknown,Adugodi,unknown,2024-02-20 06:24:13.003000+00:00,11,1,0,2,False,High,High,private_bus,ಆಡುಗೋಡಿ ಸಂಚಾರ ಪೊಲೀಸ್ ಠಾಣಾ ವ್ಯಾಪ್ತಿಯ ಸೆಂಟ್ ಜಾನ್ ಬಸ್ ಬೇ ಬಳಿ ಬಸ್ಸು ಕೆಟ್ಟು ನಿಂತಿರುತ್ತದೆ ಸರ್ ಮೆಕಾನಿಕ್ ಬರುತ್ತಿರುವುದಾಗಿ ತಿಳಿಸಿರುತ್ತಾರೆ ಟ್ರಾಫಿಕ್ ಗೆ ಯಾವುದೇ ರೀತಿಯ ತೊಂದರೆ ಇಲ್ಲ ಸರ್,131.09396868333334
FKID001648,planned,procession,closed,12.986025,77.48836,Non-corridor,Unknown,Kamakshipalya,unknown,2024-02-20 07:58:23.236000+00:00,13,1,0,2,False,Low,Low,none,[person],19.304282750000002
FKID001656,unplanned,vehicle_breakdown,closed,12.9599647,77.7473051,Non-corridor,Unknown,Whitefield,unknown,2024-02-20 18:49:03.606000+00:00,0,2,0,2,False,Low,Low,lcv,good morning sir [location] junction nexus whitefield towards varthur [person] side lgv off load starting problem sir [person] movement normal ede,30.11519236666667
FKID001659,unplanned,vehicle_breakdown,closed,13.0435194,77.607812,ORR North 1,Unknown,Hebbala,unknown,2024-02-20 19:08:09.430000+00:00,0,2,0,2,False,High,High,truck,,25.278318449999997
FKID001661,unplanned,vehicle_breakdown,closed,12.8542041,77.664314,Non-corridor,Unknown,Electronic City,unknown,2024-02-20 19:32:51.842000+00:00,1,2,0,2,False,Low,Low,private_bus,[vehicle] private bus off road due to puncher [person] agrahara on fly over  towards city electronic city towards city traffic slow movement sir,18.72494986666667
FKID001662,unplanned,vehicle_breakdown,closed,12.982533,77.5886768,Bellary Road 1,Unknown,Cubbon Park,unknown,2024-02-20 21:05:01.622000+00:00,2,2,0,2,False,High,High,others,ಟೈಯರ್ ಪಂಚ ಆಗಿದೆ,64.28767333333333
FKID001667,unplanned,vehicle_breakdown,closed,12.9681087,77.7017706,ORR East 2,Unknown,HAL Old Airport,unknown,2024-02-20 22:18:17.608000+00:00,3,2,0,2,False,High,High,bmtc_bus,,102.76117878333334
FKID001678,unplanned,vehicle_breakdown,closed,12.998964,77.583892,Bellary Road 1,Unknown,Sadashivanagar,unknown,2024-02-21 03:59:42.597000+00:00,9,2,0,2,False,High,High,others,bbmp vehicle off-road at [location] incoming side service road due to over heat n removed in few minutes,18.805689683333334
FKID001679,unplanned,vehicle_breakdown,closed,12.9662846,77.6069735,Mysore Road,Unknown,Ashok Nagar,unknown,2024-02-21 04:16:25.400000+00:00,9,2,0,2,False,High,High,bmtc_bus,bmtc bus breakdown,8.3890527
FKID001682,unplanned,vehicle_breakdown,closed,12.998492,77.5842973,Bellary Road 1,Unknown,Sadashivanagar,unknown,2024-02-21 02:35:22.161000+00:00,8,2,0,2,False,High,High,heavy_vehicle,this vehicle off-road at [location] incoming side due to tyre puncture.vehicle at the left side of service road no problem for traffic moment n cleared in few hours,112.30525148333332
FKID001690,unplanned,others,closed,12.9556047,77.6914427,Old Airport Road,Unknown,HAL Old Airport,unknown,2024-02-21 05:52:50.100000+00:00,11,2,0,2,False,High,High,none,bmtc bus wheel panchar near doddenkundi,66.22507335
FKID001695,unplanned,vehicle_breakdown,closed,12.8395194,77.6775618,Non-corridor,Unknown,Electronic City,unknown,2024-03-16 10:49:01.596000+00:00,16,5,1,3,False,Low,Low,lcv,lgv vehicle break down near veerasandra signal towards electronic city sir,70.09457578333333
FKID001698,unplanned,vehicle_breakdown,closed,12.9888963,77.4990903,Magadi Road,Unknown,Kamakshipalya,unknown,2024-02-21 06:48:06.969000+00:00,12,2,0,2,False,High,High,others,bh cross junction ಗೂಡ್ಸ್ vehicle off road towards sunkadakatte sir traffic no problem sir,9.717715233333333
FKID001702,unplanned,vehicle_breakdown,closed,12.9483928,77.5937297,Non-corridor,Unknown,Wilson Garden,unknown,2024-02-21 06:53:02.082000+00:00,12,2,0,2,False,Low,Low,bmtc_bus,ಶಾರ್ಟ ಸರ್ಕ್ಯೂಟ್ ಲ್ಲಿ ಬೆಂಕಿ ಕಾಣಿಸಿಕೊಂಡಿದೆ.,61.030100583333336
FKID001704,unplanned,vehicle_breakdown,closed,13.0298275,77.539851,Tumkur Road,Unknown,Yeshwanthpura,unknown,2024-03-16 18:15:54.107000+00:00,23,5,1,3,False,High,High,ksrtc_bus,tyre puncture,118.72338911666667
FKID001705,unplanned,tree_fall,closed,12.9831519,77.5883979,Bellary Road 1,Unknown,Cubbon Park,unknown,2024-03-16 18:23:58.946000+00:00,23,5,1,3,True,High,High,none,,20.54189726666667
FKID001707,unplanned,vehicle_breakdown,closed,12.9877328,77.5722905,Non-corridor,Unknown,Sheshadripuram,unknown,2024-02-21 07:58:09.710000+00:00,13,2,0,2,False,Low,Low,bmtc_bus,[person] towards kfm junction in road [location] bus off road,15.591014699999999
FKID001708,unplanned,vehicle_breakdown,closed,12.9870566,77.5723588,Non-corridor,Unknown,Sheshadripuram,unknown,2024-02-21 07:53:28.298000+00:00,13,2,0,2,False,Low,Low,bmtc_bus,traffic free movement,4.77378955
FKID001709,unplanned,vehicle_breakdown,closed,12.9879975,77.512117,Magadi Road,Unknown,Kamakshipalya,unknown,2024-02-21 08:33:17.571000+00:00,14,2,0,2,False,High,High,others,srigandkavalu off road towards sunkadakatte,15.929077366666666
FKID001710,unplanned,vehicle_breakdown,closed,12.9928164,77.5714316,Non-corridor,Unknown,Sheshadripuram,unknown,2024-02-21 08:23:37.398000+00:00,13,2,0,2,False,Low,Low,bmtc_bus,bmtc  bus off road,50.123021200000004
FKID001711,unplanned,vehicle_breakdown,closed,13.0195477,77.7085971,Non-corridor,Unknown,K.R. Pura,unknown,2024-02-21 08:59:23.348000+00:00,14,2,0,2,False,Low,Low,heavy_vehicle,ಸ್ಟಾರ್ಟಿಂಗ್ ಪ್ರಾಬ್ಲಮ್ ಸರ್,42.71937091666667
FKID001713,unplanned,vehicle_breakdown,closed,13.0313911,77.5358465,Tumkur Road,Unknown,Yeshwanthpura,unknown,2024-03-16 18:51:13.940000+00:00,0,6,1,3,False,High,High,heavy_vehicle,starting problem sir...,66.27881596666667
FKID001716,unplanned,vehicle_breakdown,closed,12.9806936,77.5706825,Non-corridor,Unknown,Chamarajpet,unknown,2024-03-16 20:02:17.413000+00:00,1,6,1,3,False,Low,Low,private_bus,private bus gear problem not moving,36.20208975
FKID001724,unplanned,vehicle_breakdown,closed,13.0984321,77.5986965,Bellary Road 2,Unknown,Yelahanka,unknown,2024-02-21 19:21:46.578000+00:00,0,3,0,2,False,High,High,truck,due to clutch plate problem,117.76879753333333
FKID001725,unplanned,tree_fall,closed,12.9863058,77.5890147,Bellary Road 1,Unknown,High ground,unknown,2024-02-21 09:25:43.235000+00:00,14,2,0,2,False,High,High,none,tree branch fell down,1443.1942532166665
FKID001729,unplanned,vehicle_breakdown,closed,12.9865858,77.5889172,Bellary Road 1,Unknown,High ground,unknown,2024-02-21 19:36:53.352000+00:00,1,3,0,2,False,High,High,heavy_vehicle,back tyre jaam military vehicle,5.4551318
FKID001730,unplanned,vehicle_breakdown,closed,13.0348153,77.5295849,Tumkur Road,Unknown,Peenya,unknown,2024-03-16 21:05:41.817000+00:00,2,6,1,3,False,High,High,lcv,"peenya flyover incoming peenya industry metro station on flyover lgv off road due to starting problem, towards city, vehicles one side moving.",43.37783213333333
FKID001739,unplanned,vehicle_breakdown,closed,12.9532425,77.5382008,West of Chord Road,Unknown,Byatarayanapura,unknown,2024-02-21 22:16:46.986000+00:00,3,3,0,2,False,High,High,private_bus,left wheel puncher agiddu traffic slow moment ide sir,11.974767750000002
FKID001741,unplanned,vehicle_breakdown,closed,13.0402335,77.544252,ORR North 2,Unknown,Jalahalli,unknown,2024-02-21 21:31:46.367000+00:00,3,3,0,2,False,High,High,private_car,,15.546527383333334
FKID001750,unplanned,vehicle_breakdown,closed,13.0197719,77.7086475,Non-corridor,Unknown,K.R. Pura,unknown,2024-03-16 22:35:16.313000+00:00,4,6,1,3,False,Low,Low,private_car,,14.166123566666666
FKID001755,unplanned,congestion,closed,13.0412739,77.6176409,ORR North 1,Unknown,Hennuru,unknown,2024-02-22 01:00:52.382000+00:00,6,3,0,2,False,High,High,none,slow movement traffic towards keb junction due to [location] work,72.70130863333334
FKID001756,unplanned,vehicle_breakdown,closed,12.8304088,77.6810331,Non-corridor,Unknown,Electronic City,unknown,2024-02-22 00:52:39.252000+00:00,6,3,0,2,False,Low,Low,truck,towords city baicon metro station sir goods vehical gear box problem sir,65.59525101666667
FKID001757,unplanned,vehicle_breakdown,closed,13.0391412,77.6237299,Hennur Main Road,Unknown,K.G. Halli,unknown,2024-02-22 01:04:12.894000+00:00,6,3,0,2,False,High,High,lcv,[person] nagavar jn eichar vehicle offload traffic moment slow sir,14.030502116666666
FKID001760,unplanned,vehicle_breakdown,closed,12.9932072,77.5850028,Bellary Road 1,Unknown,High ground,unknown,2024-02-22 02:21:31.654000+00:00,7,3,0,2,True,High,High,private_car,b02 ಯು ಟರ್ನ್ ಹತ್ತಿರ. ಒಂದು ಕಾರ್ ಅಪ್ಲೋಡಾಗಿದೆ ಸರ್. ರಸ್ತೆ ಮಧ್ಯದಲ್ಲಿರುತ್ತದೆ.,4.576298216666667
FKID001762,unplanned,vehicle_breakdown,closed,12.913892,77.5671955,ORR West 1,Unknown,Banashankari,unknown,2024-02-22 02:41:05.172000+00:00,8,3,0,2,False,High,High,bmtc_bus,,82.4944742
FKID001765,unplanned,vehicle_breakdown,closed,12.979913,77.5642518,Non-corridor,Unknown,Magadi Road,unknown,2024-02-22 02:49:39.772000+00:00,8,3,0,2,False,Low,Low,private_bus,,16.363326316666665
FKID001768,unplanned,vehicle_breakdown,closed,13.0391723,77.7399836,Non-corridor,Unknown,K.R. Pura,unknown,2024-02-22 04:01:55.844000+00:00,9,3,0,2,False,Low,Low,heavy_vehicle,break down,3.21337185
FKID001769,unplanned,accident,closed,13.0398967,77.5444783,ORR North 2,Unknown,Jalahalli,unknown,2024-02-22 03:05:39.283000+00:00,8,3,0,2,False,High,High,none,break down,9.1037502
FKID001770,unplanned,road_conditions,closed,12.9993009,77.583823,Bellary Road 1,Unknown,Sadashivanagar,unknown,2024-03-16 23:09:35.895000+00:00,4,6,1,3,False,High,High,none,,175.50373811666665
FKID001771,unplanned,vehicle_breakdown,closed,13.0390181,77.7400752,Non-corridor,Unknown,K.R. Pura,unknown,2024-02-22 04:05:11.861000+00:00,9,3,0,2,False,Low,Low,heavy_vehicle,break down,122.89680243333333
FKID001772,unplanned,vehicle_breakdown,closed,12.9794789,77.5105977,Non-corridor,Unknown,Jnanabharathi,unknown,2024-02-22 03:45:17.098000+00:00,9,3,0,2,True,Low,Low,bmtc_bus,breakdown,153.20900648333333
FKID001774,unplanned,vehicle_breakdown,closed,12.9620957,77.5636074,Mysore Road,Unknown,Chamarajpet,unknown,2024-03-17 00:46:02.983000+00:00,6,6,1,3,False,High,High,bmtc_bus,air problem,94.07856273333333
FKID001777,unplanned,vehicle_breakdown,closed,13.0189117,77.5839803,Bellary Road 1,Unknown,Sadashivanagar,unknown,2024-02-22 04:24:06.070000+00:00,9,3,0,2,False,High,High,others,starting problem due to wire cut,20.718708183333334
FKID001778,unplanned,pot_holes,closed,13.1212,77.6181383,Non-corridor,Unknown,Yelahanka,unknown,2024-03-17 01:27:12.382000+00:00,6,6,1,3,False,Low,Low,none,,1801.1487678833332
FKID001788,unplanned,vehicle_breakdown,closed,13.040034,77.5438675,ORR North 2,Unknown,Jalahalli,unknown,2024-03-17 02:21:57.769000+00:00,7,6,1,3,False,High,High,heavy_vehicle,vaccym down,107.86730428333334
FKID001796,unplanned,vehicle_breakdown,closed,12.9994223,77.5411015,Non-corridor,Unknown,Vijayanagara,unknown,2024-03-17 02:55:11.771000+00:00,8,6,1,3,False,Low,Low,private_car,starter problem,38.377358533333336
FKID001799,unplanned,vehicle_breakdown,closed,12.9278187,77.600452,Bannerghata Road,Unknown,Mico Layout,unknown,2024-02-22 08:18:57.197000+00:00,13,3,0,2,False,High,High,private_car,,27.85295405
FKID001800,unplanned,vehicle_breakdown,closed,12.9167352,77.5952446,Non-corridor,Unknown,Jayanagara,unknown,2024-02-22 07:53:45.518000+00:00,13,3,0,2,False,Low,Low,bmtc_bus,off road sir,112.04517458333333
FKID001809,unplanned,vehicle_breakdown,closed,12.9635794,77.5845525,Mysore Road,Unknown,Halasuru Gate,unknown,2024-03-17 05:17:05.733000+00:00,10,6,1,3,False,High,High,bmtc_bus,,39.481431066666666
FKID001812,unplanned,vehicle_breakdown,closed,13.0192054,77.7080819,Non-corridor,Unknown,K.R. Pura,unknown,2024-02-22 08:34:15.878000+00:00,14,3,0,2,False,Low,Low,others,ಸರ್ ನಮಸ್ತೆ ವಾಹನವು ಬ್ರೇಕ್ ಡೌನ್ ಆಗಿರುತ್ತದೆ ಮೆಕಾನಿಕ್ ಬಂದು ರೆಡಿ ಮಾಡ್ತಾ ಇದ್ದಾನೆ ಸದ್ಯದಲ್ಲೇ ರೆಡಿಯಾಗುತ್ತದೆ ಸಂಚಾರಕ್ಕೆ ಯಾವುದೇ ಸಮಸ್ಯೆ ಇಲ್ಲ ಸರ್,10.010460816666667
FKID001816,unplanned,vehicle_breakdown,closed,13.0449557,77.7482787,Non-corridor,Unknown,K.R. Pura,unknown,2024-02-22 09:40:52.955000+00:00,15,3,0,2,False,Low,Low,others,ಈ ವಾಟರ್ ಟ್ಯಾಂಕರ್ ವಾಹನ ಬೂದಿಗೆರೆ [person] ನ್ ಅತ್ತಿರ ತಾಂತ್ರಿಕ ದೋಷದಿಂದ ಕೆಟ್ಟು ನಿಂತಿರುತ್ತದೆ ಸರ್ ಸರ್,15.370875883333333
FKID001820,unplanned,accident,closed,13.0167508,77.7036194,Non-corridor,Unknown,K.R. Pura,unknown,2024-02-22 18:47:23.440000+00:00,0,4,0,2,False,Low,Low,none,ಗೌರ್ಮೆಂಟ್ ಕಾಲೇಜ್ ಜಂಕ್ಷನ್ ನಿಂದ ಟಿ ಸಿ ಪಾಳ್ಯ ಜಂಕ್ಷನ್ ಗೆ ಬರುವ ಕಡೆ,45.76001521666667
FKID001822,unplanned,others,closed,12.9495506,77.699682,ORR East 1,Unknown,HAL Old Airport,unknown,2024-02-22 19:42:26.940000+00:00,1,4,0,2,False,High,High,none,bescom work ongoing,83.30453795
FKID001826,unplanned,others,closed,13.0046931,77.6360591,Non-corridor,Unknown,Banaswadi,unknown,2024-03-17 08:29:49.921000+00:00,13,6,1,3,False,Low,Low,none,gear failure of [location] bus,4.885507283333333
FKID001828,unplanned,road_conditions,closed,13.0595733,77.5594,Non-corridor,Unknown,Yelahanka,unknown,2024-02-22 21:28:48.714000+00:00,2,4,0,2,False,Low,Low,none,[person] near petta siddappa circle bescom wire damage,566.6772309666667
FKID001837,unplanned,others,closed,12.9453679,77.5278975,ORR West 1,Unknown,Byatarayanapura,unknown,2024-02-22 22:01:23.662000+00:00,3,4,0,2,False,High,High,none,still ನಾಯಂಡಹಳ್ಳಿ junction entrance [location] 🛣️,69.93633795000001
FKID001838,unplanned,vehicle_breakdown,closed,12.9636634,77.5844901,Mysore Road,Unknown,Halasuru Gate,unknown,2024-02-22 22:16:29.086000+00:00,3,4,0,2,False,High,High,bmtc_bus,,57.164526783333336
FKID001839,unplanned,vehicle_breakdown,closed,13.0414567,77.546055,ORR North 2,Unknown,Jalahalli,unknown,2024-03-17 10:32:17.200000+00:00,16,6,1,3,False,High,High,truck,break down,12.689850833333333
FKID001843,unplanned,vehicle_breakdown,closed,12.9455401,77.5280853,ORR West 1,Unknown,Byatarayanapura,unknown,2024-02-22 22:57:26.469000+00:00,4,4,0,2,False,High,High,bmtc_bus,still ನಾಯಂಡಹಳ್ಳಿ junction ಮಿಡ್ಲ್ road 🛣️ slow ಟ್ರಾಫಿಕ್ ಮುಮ್ಮೆಂಟ್ ಇದೆ ಸರ್ 🙏 astram app updated sir 🙏,12.721911633333333
FKID001844,unplanned,vehicle_breakdown,closed,13.0303304,77.5372822,Tumkur Road,Unknown,Yeshwanthpura,unknown,2024-03-17 11:08:08.185000+00:00,16,6,1,3,False,High,High,heavy_vehicle,generator heating problem...,60.872188933333334
FKID001851,unplanned,vehicle_breakdown,closed,12.9843032,77.6029397,Non-corridor,Unknown,Shivajinagar,unknown,2024-02-22 23:41:01.371000+00:00,5,4,0,2,False,Low,Low,bmtc_bus,"bus  starting problem sir,near [location]stop",55.578412783333334
FKID001852,unplanned,vehicle_breakdown,closed,13.0423323,77.5489953,ORR North 2,Unknown,Jalahalli,unknown,2024-02-23 01:25:17.176000+00:00,6,4,0,2,False,High,High,bmtc_bus,traffic one side moment sir,24.837310600000002
FKID001854,unplanned,vehicle_breakdown,closed,12.9889559,77.5078589,Magadi Road,Unknown,Kamakshipalya,unknown,2024-02-23 01:25:55.164000+00:00,6,4,0,2,False,High,High,bmtc_bus,,53.36274408333334
FKID001855,unplanned,vehicle_breakdown,closed,13.0446549,77.6434811,Non-corridor,Unknown,Hennuru,unknown,2024-02-23 01:31:15.182000+00:00,7,4,0,2,False,Low,Low,heavy_vehicle,bwssb sanchari watre tank hand break lock traffic geddalhalli to vaddarpalya signal slow moment,26.506782533333332
FKID001858,unplanned,vehicle_breakdown,closed,12.9171178,77.5851136,Non-corridor,Unknown,Jayanagara,unknown,2024-02-23 01:37:27.571000+00:00,7,4,0,2,False,Low,Low,private_car,off road sir,26.544809666666666
FKID001861,unplanned,vehicle_breakdown,closed,12.95410975,77.54372584,Mysore Road,Unknown,Byatarayanapura,unknown,2024-02-23 02:20:33.064000+00:00,7,4,0,2,False,High,High,heavy_vehicle,vehicle starting problem,51.91649708333333
FKID001863,unplanned,vehicle_breakdown,closed,12.9537342,77.5426696,Mysore Road,Unknown,Byatarayanapura,unknown,2024-02-23 03:41:36.037000+00:00,9,4,0,2,False,High,High,heavy_vehicle,starting problem [location],68.26804354999999
FKID001864,planned,construction,closed,12.9363031,77.7054752,Non-corridor,Unknown,HAL Old Airport,unknown,2024-02-23 04:38:09.877000+00:00,10,4,0,2,False,Low,Low,none,"[person] work, traffic movement is slow sir",2.2817703166666665
FKID001870,unplanned,vehicle_breakdown,closed,12.9919839,77.5753274,Non-corridor,Unknown,Sheshadripuram,unknown,2024-03-17 21:06:54.201000+00:00,2,0,0,3,False,Low,Low,bmtc_bus,gear problem,43.907065366666664
FKID001872,unplanned,vehicle_breakdown,closed,12.9115311,77.5531343,Non-corridor,Unknown,K.S. Layout,unknown,2024-02-23 05:57:34.907000+00:00,11,4,0,2,False,Low,Low,bmtc_bus,break dow,6.4820150000000005
FKID001873,unplanned,vehicle_breakdown,closed,12.9809837,77.6111124,CBD 1,Unknown,Shivajinagar,unknown,2024-02-23 06:33:07.007000+00:00,12,4,0,2,False,High,High,others,[person] road,13.161401233333333
FKID001874,unplanned,others,closed,12.8771996,77.59532,Bannerghata Road,Unknown,Hulimavu,unknown,2024-02-23 07:08:52.366000+00:00,12,4,0,2,False,High,High,none,meenakshi mall jn signal towards kamanahalli,28.348933666666667
FKID001885,unplanned,vehicle_breakdown,closed,12.9767271,77.5139048,Non-corridor,Unknown,Jnanabharathi,unknown,2024-02-23 20:51:56.515000+00:00,2,5,1,2,False,Low,Low,private_car,ವೆಹಿಕಲ್ starting problem,20.946314283333333
FKID001888,unplanned,vehicle_breakdown,closed,12.9063191,77.5869003,ORR West 1,Unknown,J.P. Nagar,unknown,2024-02-23 20:11:42.870000+00:00,1,5,1,2,False,High,High,heavy_vehicle,ನಮಸ್ತೆ ಸರ್ ಪುಟ್ಟೇನಹಳ್ಳಿ [location] ಪಾಸ್ ನಿಂದ 14ನೇ ಮುಖ್ಯರಸ್ತೆ ಕಡೆಗೆ [person] ಗ್ಯಾಸ್ ಲಾರಿ ಅಪ್ಲೋಡ್ ಆಗಿದ್ದು ಸಂಚಾರಕ್ಕೆ ಯಾವುದೇ ತೊಂದರೆ ಇಲ್ಲ ಸರ್ ರೆಡಿ ಮಾಡ್ತಾ ಇದ್ದಾರೆ ಸರ್,54.41555578333334
FKID001892,unplanned,vehicle_breakdown,closed,12.9928216,77.5834901,Bellary Road 1,Unknown,High ground,unknown,2024-02-24 00:04:42.271000+00:00,5,5,1,2,False,High,High,bmtc_bus,,27.87250365
FKID001897,unplanned,others,closed,12.9889708,77.5078533,Magadi Road,Unknown,Kamakshipalya,unknown,2024-02-24 01:08:06.943000+00:00,6,5,1,2,False,High,High,none,ashrya junction towards [location] city outgoing side traffic slow moment sir,55.317655916666666
FKID001903,unplanned,vehicle_breakdown,closed,12.919975,77.6200246,Hosur Road,Unknown,Madiwala,unknown,2024-02-24 03:58:06.609000+00:00,9,5,1,2,False,High,High,bmtc_bus,mps to darga break [person] sir mechanic [person] 20 minuts agute traffic normal moment ide sir,70.40309615
FKID001904,unplanned,vehicle_breakdown,closed,12.9507688,77.6995792,ORR East 1,Unknown,HAL Old Airport,unknown,2024-02-24 04:05:56.450000+00:00,9,5,1,2,False,High,High,lcv,vehicle breakdown [person] towards [person] bridge traffic slow movement,64.34689078333334
FKID001906,unplanned,water_logging,closed,12.9123815,77.5672185,ORR West 1,Unknown,K.S. Layout,unknown,2024-02-24 03:42:01.129000+00:00,9,5,1,2,False,High,High,none,,245.19777885
FKID001911,unplanned,vehicle_breakdown,closed,12.8701487,77.6533914,Hosur Road,Unknown,Electronic City,unknown,2024-02-24 05:37:59.709000+00:00,11,5,1,2,False,High,High,bmtc_bus,hosa road [location] towards [location] sir,18.99817295
FKID001912,unplanned,others,closed,13.0412633,77.6224617,Hennur Main Road,Unknown,Hennuru,unknown,2024-02-24 06:45:23.254000+00:00,12,5,1,2,False,High,High,none,manyata tech park towards kb tower kr [location] slow movement sir [person] limit metro work running sir,4156.1516019
FKID001913,unplanned,road_conditions,closed,12.9750673,77.5522502,Magadi Road,Unknown,Magadi Road,unknown,2024-02-24 06:26:12.727000+00:00,11,5,1,2,False,High,High,none,due to starting problem a car off-road near [location] traffic flowing normal,10024.195976733334
FKID001914,unplanned,vehicle_breakdown,closed,12.9823019,77.6333868,Old Madras Road,Unknown,Jeevanbheemanagar,unknown,2024-02-24 07:18:48.525000+00:00,12,5,1,2,False,High,High,lcv,duble road towards anjaneya,5.209710783333334
FKID001920,unplanned,vehicle_breakdown,closed,12.9531858,77.5418331,Mysore Road,Unknown,Byatarayanapura,unknown,2024-02-24 08:14:13.211000+00:00,13,5,1,2,False,High,High,bmtc_bus,[location] roed [person] sir,77.41273774999999
FKID001922,unplanned,vehicle_breakdown,closed,12.9610365,77.6383557,Old Airport Road,Unknown,Halasur,unknown,2024-02-24 11:26:32.724000+00:00,16,5,1,2,False,High,High,truck,traffic no prablm sir,69.93821856666666
FKID001928,unplanned,vehicle_breakdown,closed,12.9528091,77.5374448,West of Chord Road,Unknown,Byatarayanapura,unknown,2024-02-24 18:51:56.879000+00:00,0,6,1,2,False,High,High,heavy_vehicle,incoming side near [location] near [location] traffic no problem,35.05276381666667
FKID001929,unplanned,accident,closed,13.1330567,77.695735,Non-corridor,Unknown,Chikkajala,unknown,2024-02-24 19:19:04.077877+00:00,0,6,1,2,False,Low,Low,none,,52.07746276666667
FKID001931,unplanned,construction,closed,12.9985422,77.6004573,Non-corridor,Unknown,R.T. Nagar,unknown,2024-02-24 16:34:45.322000+00:00,22,5,1,2,True,Low,Low,none,bwssb work in progress nandhidurga road haz camp to jcn ps junction road closed.,9464.670240516665
FKID001932,unplanned,construction,closed,12.9957499,77.6019535,Non-corridor,Unknown,R.T. Nagar,unknown,2024-02-24 16:40:51.822000+00:00,22,5,1,2,True,Low,Low,none,bwssb work in progress,9458.491297233333
FKID001933,unplanned,others,closed,12.9747652,77.5770774,Non-corridor,Unknown,Upparpet,unknown,2024-02-24 21:20:38.643000+00:00,2,6,1,2,False,Low,Low,none,kg road [location] near towards magestic [location] bus battery problem,17.6889574
FKID001937,unplanned,others,closed,12.9125622,77.5673106,ORR West 1,Unknown,K.S. Layout,unknown,2024-02-25 00:02:34.056000+00:00,5,6,1,2,False,High,High,none,water leakage somany,13.282436566666666
FKID001939,unplanned,vehicle_breakdown,closed,12.9735163,77.5797975,Non-corridor,Unknown,Upparpet,unknown,2024-02-24 21:54:43.585000+00:00,3,6,1,2,False,Low,Low,bmtc_bus,air pipe breakdown,33.299465850000004
FKID001940,unplanned,vehicle_breakdown,closed,13.0288936,77.5401833,Tumkur Road,Unknown,Yeshwanthpura,unknown,2024-02-24 23:01:52.728000+00:00,4,6,1,2,False,High,High,private_car,car off raod mutyalamma towards gg palya one side movement,64.56195151666667
FKID001941,unplanned,vehicle_breakdown,closed,12.9234922,77.61877,Hosur Road,Unknown,Madiwala,unknown,2024-02-25 00:45:16.418000+00:00,6,6,1,2,False,High,High,truck,ಅಯ್ಯಪ್ಪ ಎಂಪಿಎಸ್ ಇಂದ ಅಯ್ಯಪ್ಪ ಬರುವ ಕಡೆಗೆ,35.21883235
FKID001942,unplanned,others,closed,12.9560396,77.6211669,Non-corridor,Unknown,Ashok Nagar,unknown,2024-02-25 01:17:34.011000+00:00,6,6,1,2,False,Low,Low,none,wheel base struck,31.519939366666666
FKID001944,unplanned,congestion,closed,13.0413786,77.621576,Hennur Main Road,Unknown,Hennuru,unknown,2024-02-25 00:14:15.814000+00:00,5,6,1,2,False,High,High,none,slow movement traffic towards keb junction due to [location] work,108.22733615
FKID001948,unplanned,vehicle_breakdown,closed,12.9700189,77.587367,Mysore Road,Unknown,Halasuru Gate,unknown,2024-02-25 02:12:45.784000+00:00,7,6,1,2,False,High,High,bmtc_bus,,2.2310387166666668
FKID001949,unplanned,vehicle_breakdown,closed,12.9662158,77.6066903,Mysore Road,Unknown,Ashok Nagar,unknown,2024-02-25 03:41:18.177000+00:00,9,6,1,2,False,High,High,bmtc_bus,starting problam,57.2864581
FKID001951,unplanned,vehicle_breakdown,closed,12.8906153,77.598287,Bannerghata Road,Unknown,Mico Layout,unknown,2024-02-25 02:16:55.738000+00:00,7,6,1,2,False,High,High,private_car,vehicle not moving due engine problem,61.725270716666664
FKID001954,unplanned,vehicle_breakdown,closed,12.8387034,77.677288,Non-corridor,Unknown,Electronic City,unknown,2024-02-25 03:44:26.145000+00:00,9,6,1,2,True,Low,Low,truck,lory of road versandra [location] sir,144.07803846666667
FKID001958,unplanned,vehicle_breakdown,closed,12.9670049,77.5880678,Mysore Road,Unknown,Halasuru Gate,unknown,2024-02-25 05:29:33.170000+00:00,10,6,1,2,False,High,High,bmtc_bus,,9.91719885
FKID001959,unplanned,vehicle_breakdown,closed,12.9873679,77.5880617,Bellary Road 1,Unknown,High ground,unknown,2024-02-25 04:24:10.672000+00:00,9,6,1,2,False,High,High,heavy_vehicle,heavy vehicle [person] road near balaburi gest house sir,95.13714321666666
FKID001960,unplanned,vehicle_breakdown,closed,13.1405683,77.6175583,Bellary Road 2,Unknown,Chikkajala,unknown,2024-02-25 05:30:11.119000+00:00,11,6,1,2,False,High,High,others,ನಮಸ್ತೆ ಸರ್. ಇದು ಬುಲೆರೋ ವಾಹನ ಎಕ್ಸೆಲ್ ಕಟ್ಟಾಗಿ ಅಪ್ಲೋಡ್ ಆಗಿರುತ್ತದೆ ಹುಣಸೆ ಮಾರನಹಳ್ಳಿ ಫ್ಲವರ್ ಬೆಂಗಳೂರು ಸಿಟಿ ಕಡೆ,36.75851303333333
FKID001961,unplanned,vehicle_breakdown,closed,12.9661525,77.606514,Mysore Road,Unknown,Ashok Nagar,unknown,2024-02-25 05:11:12.689000+00:00,10,6,1,2,False,High,High,bmtc_bus,starting problam air leakage,135.56645735
FKID001962,unplanned,vehicle_breakdown,closed,13.0429419,77.5510705,ORR North 2,Unknown,Jalahalli,unknown,2024-02-25 04:37:16.488000+00:00,10,6,1,2,False,High,High,lcv,due to starting problem sir traffic one side moment,175.78652098333333
FKID001968,unplanned,vehicle_breakdown,closed,12.9698083,77.5870921,Mysore Road,Unknown,Halasuru Gate,unknown,2024-02-25 06:12:54.804000+00:00,11,6,1,2,True,High,High,heavy_vehicle,[location] road,13.030755666666666
FKID001969,unplanned,vehicle_breakdown,closed,12.9899532,77.5027422,Magadi Road,Unknown,Kamakshipalya,unknown,2024-02-25 06:09:46.899000+00:00,11,6,1,2,False,High,High,others,sunkadakatte towards herohalli city outgoing side off road sir traffic normal sir,29.79472086666667
FKID001973,unplanned,vehicle_breakdown,closed,12.9982874,77.584033,Bellary Road 1,Unknown,Sadashivanagar,unknown,2024-02-25 07:10:04.898000+00:00,12,6,1,2,False,High,High,lcv,,23.743930483333333
FKID001974,unplanned,vehicle_breakdown,closed,13.0187546,77.5575815,Tumkur Road,Unknown,Yeshwanthpura,unknown,2024-02-25 07:30:22.215000+00:00,13,6,1,2,False,High,High,bmtc_bus,,50.50448333333333
FKID001975,unplanned,vehicle_breakdown,closed,13.0391447,77.5200292,Tumkur Road,Unknown,Peenya,unknown,2024-02-25 07:53:58.885000+00:00,13,6,1,2,False,High,High,lcv,jalahalli metro station on flyover lcv vehicle off-road towards city traffic one side movement v,29.0898873
FKID001983,unplanned,vehicle_breakdown,closed,12.9832629,77.5970564,CBD 2,Unknown,Cubbon Park,unknown,2024-02-25 08:58:51.239000+00:00,14,6,1,2,False,High,High,private_car,"the car's brakes are jammed and it is parked in the middle of the road, not moving. the mechanic has been informed and has said that he will come and repair it.",15.373663483333333
FKID001990,unplanned,vehicle_breakdown,closed,12.8779683,77.6468617,Hosur Road,Unknown,Electronic City,unknown,2024-02-25 20:42:40.588000+00:00,2,0,0,2,False,High,High,heavy_vehicle,singasandr towards [location],88.63287516666666
FKID001991,unplanned,vehicle_breakdown,closed,12.9663203,77.6067507,Mysore Road,Unknown,Ashok Nagar,unknown,2024-02-25 20:48:42.700000+00:00,2,0,0,2,False,High,High,others,mother [person] light junction between lorry offload due to breakdown,85.63499211666667
FKID001998,unplanned,accident,closed,12.959984,77.5719862,Non-corridor,Unknown,V.V.Puram (C.Pet),unknown,2024-02-26 01:09:42.759600+00:00,6,0,0,2,False,Low,Low,none,,31.814843783333334
FKID001999,unplanned,vehicle_breakdown,closed,13.0065695,77.5785283,Non-corridor,Unknown,Sadashivanagar,unknown,2024-02-26 00:38:38.926000+00:00,6,0,0,2,False,Low,Low,heavy_vehicle,,16.525977933333333
FKID002002,unplanned,others,closed,12.9900947,77.5035716,Magadi Road,Unknown,Kamakshipalya,unknown,2024-02-26 00:41:46.367000+00:00,6,0,0,2,False,High,High,none,function to public sunkadakatte towards bh cross sir out going sir,8530.49384115
FKID002006,unplanned,water_logging,closed,13.0103336,77.697394,Non-corridor,Unknown,K.R. Pura,unknown,2024-02-26 01:29:49.312000+00:00,6,0,0,2,False,Low,Low,none,grt jc water loging traffic slow momet aagtide sir,1838.5423807833333
FKID002020,unplanned,vehicle_breakdown,closed,12.99965,77.67486,ORR East 2,Unknown,Banaswadi,unknown,2024-02-26 20:01:23.017000+00:00,1,1,0,2,False,High,High,heavy_vehicle,,5.492729283333333
FKID002022,unplanned,vehicle_breakdown,closed,13.04013,77.5187098,Tumkur Road,Unknown,Peenya,unknown,2024-03-17 23:09:56.622000+00:00,4,0,0,3,False,High,High,bmtc_bus,outgoing [person] cross,71.25627258333334
FKID002024,unplanned,tree_fall,closed,13.0079479,77.6923977,Non-corridor,Unknown,K.R. Pura,unknown,2024-02-26 19:54:35.985000+00:00,1,1,0,2,False,Low,Low,none,tree fall,2289.517529416667
FKID002025,unplanned,vehicle_breakdown,closed,12.9169884,77.5864023,Non-corridor,Unknown,Jayanagara,unknown,2024-03-17 23:30:38.833000+00:00,5,0,0,3,False,Low,Low,taxi,off road,66.43240593333333
FKID002027,unplanned,others,closed,12.9780361,77.5844453,Non-corridor,Unknown,Upparpet,unknown,2024-02-26 23:54:12.463000+00:00,5,1,0,2,True,Low,Low,none,ಮಹಾರಾಣಿ [location] ಪಾಸ್ ಒಳಗಡೆ ಒಂದು ಕಂಟೇನರ್ ಲಾರಿ ತಗಲಾಕ್ಕೊಂಡಿದ್ದು 20 ನಿಮಿಷದಲ್ಲಿ ಮಾಡಲಾಗುತ್ತದೆ ಸರ್,17.762820299999998
FKID002038,unplanned,others,closed,12.9169501,77.5883272,Non-corridor,Unknown,Jayanagara,unknown,2024-03-18 02:17:44.238000+00:00,7,0,0,3,False,Low,Low,none,off road,60.46577085
FKID002040,unplanned,vehicle_breakdown,closed,12.9611979,77.558602,Mysore Road,Unknown,Chamarajpet,unknown,2024-02-27 02:09:49.289000+00:00,7,1,0,2,True,High,High,bmtc_bus,vaccum and air problem,112.05360535
FKID002041,unplanned,vehicle_breakdown,closed,12.9170026,77.5888015,Non-corridor,Unknown,Jayanagara,unknown,2024-03-18 02:22:52.686000+00:00,7,0,0,3,False,Low,Low,others,off road,55.35562983333333
FKID002044,unplanned,vehicle_breakdown,closed,13.0189656,77.5838671,Bellary Road 1,Unknown,Sadashivanagar,unknown,2024-02-27 02:59:28.564000+00:00,8,1,0,2,False,High,High,lcv,,146.3850152
FKID002052,unplanned,vehicle_breakdown,closed,12.8925839,77.5999375,Bannerghata Road,Unknown,Mico Layout,unknown,2024-03-18 03:22:00.195000+00:00,8,0,0,3,False,High,High,heavy_vehicle,,86.29304546666667
FKID002065,unplanned,vehicle_breakdown,closed,12.9689732,77.5875001,Mysore Road,Unknown,Halasuru Gate,unknown,2024-02-27 05:57:16.681000+00:00,11,1,0,2,False,High,High,private_car,,110.00090083333333
FKID002066,unplanned,congestion,closed,13.041398,77.6223102,Hennur Main Road,Unknown,Hennuru,unknown,2024-02-27 05:53:39.092000+00:00,11,1,0,2,False,High,High,none,slow movement traffic towards keb junction due to [location] work,115.77675745
FKID002068,unplanned,vehicle_breakdown,closed,12.997975,77.553098,West of Chord Road,Unknown,Rajajinagar,unknown,2024-02-27 08:07:32.010000+00:00,13,1,0,2,False,High,High,ksrtc_bus,starting problem sir,43.553649566666664
FKID002070,unplanned,vehicle_breakdown,closed,13.0389423,77.5198575,Tumkur Road,Unknown,Peenya,unknown,2024-03-18 09:31:05.265000+00:00,15,0,0,3,False,High,High,bmtc_bus,near ps junction towards [location] bmtc bus off road,7.989997
FKID002072,unplanned,vehicle_breakdown,closed,13.0074068,77.6894547,Non-corridor,Unknown,K.R. Pura,unknown,2024-02-27 08:11:35.368000+00:00,13,1,0,2,False,Low,Low,others,407 vehicle stating problem iti towards hoskote sir,8.7919678
FKID002075,unplanned,accident,closed,12.9556017,77.5456522,Mysore Road,Unknown,Byatarayanapura,unknown,2024-02-27 10:48:41.993000+00:00,16,1,0,2,True,High,High,none,break failure out going side both hgv traffic slow moving,39.028780866666665
FKID002081,unplanned,vehicle_breakdown,closed,13.0353033,77.52756,Tumkur Road,Unknown,Peenya,unknown,2024-02-27 11:15:10.411000+00:00,16,1,0,2,False,High,High,heavy_vehicle,,9.854202483333333
FKID002082,unplanned,vehicle_breakdown,closed,13.0829633,77.59313,Bellary Road 2,Unknown,Yelahanka,unknown,2024-02-27 12:47:10.903000+00:00,18,1,0,2,False,High,High,heavy_vehicle,hgv breakdown at allalasandra on flyover towards ylk circle due to starting problem sir,105.73423235
FKID002087,unplanned,vehicle_breakdown,closed,12.935647,77.6933481,ORR East 1,Unknown,HAL Old Airport,unknown,2024-02-27 17:39:47.401000+00:00,23,1,0,2,False,High,High,heavy_vehicle,"outr ring road kadubisanahalli towards [person] main road, vehicle break down sir🙏",82.21110071666666
FKID002091,unplanned,accident,closed,13.0091574,77.6622936,ORR North 1,Unknown,Banaswadi,unknown,2024-02-27 20:34:22.658000+00:00,2,2,0,2,False,High,High,none,pedestrian and [location] bus,41.37271345
FKID002094,unplanned,construction,closed,13.1173777,77.5777874,Non-corridor,Unknown,Yelahanka,unknown,2024-02-27 21:27:20.156000+00:00,2,2,0,2,False,Low,Low,none,[location] main road to wrads [location] work sir,1381.6930457333333
FKID002096,unplanned,accident,resolved,12.9433634,77.5778127,Non-corridor,Unknown,Basavanagudi,unknown,2024-02-27 21:07:10.872960+00:00,2,2,0,2,False,Low,Low,none,,43.65988791666667
FKID002098,unplanned,accident,closed,12.9434044,77.5778786,Non-corridor,Unknown,Basavanagudi,unknown,2024-02-27 21:09:13.115423+00:00,2,2,0,2,False,Low,Low,none,,41.838232833333336
FKID002100,unplanned,vehicle_breakdown,closed,13.0193245,77.5529483,Tumkur Road,Unknown,Yeshwanthpura,unknown,2024-02-27 23:27:51.734000+00:00,4,2,0,2,False,High,High,bmtc_bus,starting problem traffic no problem,22.2301904
FKID002106,unplanned,water_logging,closed,12.9959395,77.5959461,Non-corridor,Unknown,R.T. Nagar,unknown,2024-03-18 21:31:29.263000+00:00,3,1,0,3,False,Low,Low,none,,123.31325763333332
FKID002107,unplanned,pot_holes,closed,13.1029761,77.5856628,Non-corridor,Unknown,Yelahanka,unknown,2024-03-18 21:47:06.544000+00:00,3,1,0,3,False,Low,Low,none,[location] main road to wards unnikrishan junction potholes sir,3388.1434261833333
FKID002108,unplanned,pot_holes,closed,13.1028933,77.5855267,Non-corridor,Unknown,Yelahanka,unknown,2024-03-18 21:44:13.112000+00:00,3,1,0,3,False,Low,Low,none,[location] main road to wards unnikrishan junction potholes sir,3391.064447516667
FKID002109,unplanned,others,closed,13.025746,77.5210641,Non-corridor,Unknown,Peenya,unknown,2024-02-27 23:56:50.555000+00:00,5,2,0,2,False,Low,Low,none,electric vehicle starting problem towards [person] ps road traffic one said moving sir,15.814499816666666
FKID002111,unplanned,others,closed,12.9795816,77.5819175,Non-corridor,Unknown,Upparpet,unknown,2024-02-28 00:31:06.769000+00:00,6,2,0,2,False,Low,Low,none,[location] near ksrtc bus off road traffic normal moving sir...,1670.6858849166667
FKID002120,unplanned,vehicle_breakdown,closed,12.9665342,77.5050712,Non-corridor,Unknown,Jnanabharathi,unknown,2024-02-28 03:38:08.709000+00:00,9,2,0,2,False,Low,Low,lcv,towing vehicle off road in deepa complex sir,7.453080083333333
FKID002121,unplanned,accident,closed,13.0036663,77.6171413,Airport New South Road,Unknown,Pulikeshinagar(F.Town),unknown,2024-02-28 01:51:14.645322+00:00,7,2,0,2,False,High,High,none,,68.80150233333333
FKID002126,unplanned,vehicle_breakdown,closed,12.9378809,77.5211092,Mysore Road,Unknown,Byatarayanapura,unknown,2024-02-28 04:20:36.993000+00:00,9,2,0,2,False,High,High,bmtc_bus,normal traffic movement,111.61205211666667
FKID002127,unplanned,road_conditions,closed,12.989572,77.5016956,Magadi Road,Unknown,Kamakshipalya,unknown,2024-03-18 22:35:42.096000+00:00,4,1,0,3,False,High,High,none,bwssb work going on near [location] hotel [person] sir,7234.8082011999995
FKID002131,unplanned,vehicle_breakdown,closed,12.9680089,77.6004777,Mysore Road,Unknown,Ashok Nagar,unknown,2024-02-28 05:38:59.747000+00:00,11,2,0,2,False,High,High,private_car,,125.65330900000001
FKID002134,unplanned,vehicle_breakdown,closed,12.9982847,77.6722483,Non-corridor,Unknown,Banaswadi,unknown,2024-03-19 00:47:14.630000+00:00,6,1,0,3,False,Low,Low,ksrtc_bus,engine problem sir,38.49233733333333
FKID002136,unplanned,vehicle_breakdown,closed,12.93753,77.6274494,IRR(Thanisandra road),Unknown,Adugodi,unknown,2024-03-19 00:50:58.357000+00:00,6,1,0,3,False,High,High,others,infront life style [location] towards sony world signal..,91.30090236666666
FKID002144,unplanned,vehicle_breakdown,closed,12.9723745,77.5866446,Non-corridor,Unknown,Halasuru Gate,unknown,2024-02-28 06:14:08.189000+00:00,11,2,0,2,False,Low,Low,bmtc_bus,starting problm,19.639472016666666
FKID002145,unplanned,vehicle_breakdown,closed,13.1036169,77.6005732,Bellary Road 2,Unknown,Yelahanka,unknown,2024-03-19 02:18:17.506000+00:00,7,1,0,3,False,High,High,bmtc_bus,,59.57834488333333
FKID002151,unplanned,vehicle_breakdown,closed,13.0292785,77.5396722,Tumkur Road,Unknown,Yeshwanthpura,unknown,2024-02-28 07:49:07.452000+00:00,13,2,0,2,False,High,High,private_car,"vehicle off road, gg palya to [location], traffic normal movement",12.384581016666667
FKID002154,unplanned,vehicle_breakdown,closed,12.8570928,77.5889739,Bannerghata Road,Unknown,Hulimavu,unknown,2024-02-28 08:49:25.616000+00:00,14,2,0,2,False,High,High,bmtc_bus,due to vaccum down,16.992135533333332
FKID002156,unplanned,vehicle_breakdown,closed,12.9875536,77.4751319,Non-corridor,Unknown,Kamakshipalya,unknown,2024-03-19 03:47:02.942000+00:00,9,1,0,3,False,Low,Low,private_bus,brek jam,13.267902833333332
FKID002159,unplanned,vehicle_breakdown,closed,13.1340883,77.616595,Bellary Road 2,Unknown,Yelahanka,unknown,2024-02-28 18:34:07.765000+00:00,0,3,0,2,False,High,High,private_bus,car offroad@ in front of iaf towards airport sir,25.298768399999997
FKID002160,unplanned,vehicle_breakdown,closed,12.92118559,77.62042489,Hosur Road,Unknown,Madiwala,unknown,2024-02-28 19:59:03.246000+00:00,1,3,0,2,False,High,High,lcv,,2.2634015499999998
FKID002167,unplanned,vehicle_breakdown,closed,13.0466837,77.5019219,Non-corridor,Unknown,Peenya,unknown,2024-02-28 20:26:16.827000+00:00,1,3,0,2,False,Low,Low,others,tt vehicle off road on [person] turn on flyover towards [location] toll traffic one side movement,25.79376715
FKID002170,unplanned,vehicle_breakdown,closed,12.92115128,77.62051642,Hosur Road,Unknown,Madiwala,unknown,2024-02-28 21:02:33.715000+00:00,2,3,0,2,False,High,High,private_bus,mahindra pickup bolero vehicle stopped because of starting trouble sir,12.6312672
FKID002171,unplanned,vehicle_breakdown,closed,13.0160987,77.562282,Tumkur Road,Unknown,Yeshwanthpura,unknown,2024-02-28 21:19:45.808000+00:00,2,3,0,2,False,High,High,lcv,..,16.656762166666667
FKID002172,unplanned,construction,closed,13.1188317,77.577265,Non-corridor,Unknown,Yelahanka,unknown,2024-02-28 20:48:35.795000+00:00,2,3,0,2,False,Low,Low,none,[location] main road [person] kirdcl  bbmp water work sir,1311.6875813333331
FKID002174,unplanned,others,closed,13.0414005,77.6226506,Hennur Main Road,Unknown,Hennuru,unknown,2024-02-28 21:22:45.456000+00:00,2,3,0,2,False,High,High,none,ನಮಸ್ತೆ ಸರ್ ನಾಗವಾರ ಅಪರ್ ರಾಂಪ್ ಟುವಾರ್ಡ್ ಕೆಇಬಿ ಕಡೆ ಸ್ಲೋ ಮೂವ್ಮೆಂಟ್ ಇರುತ್ತದೆಕಾರಣ ಕೆ ಜಿ ಹಳ್ಳಿ ಪೊಲೀಸ್ ಠಾಣಾ ಸರಹತ್ತಿನಲ್ಲಿ ಮೆಟ್ರೋ ಕೆಲಸ ನಡೆಯುತ್ತಿರುವುದರಿಂದ ಸರ್,8581.651106383333
FKID002175,unplanned,vehicle_breakdown,closed,13.0567366,77.5467281,Non-corridor,Unknown,Jalahalli,unknown,2024-03-19 04:35:13.691000+00:00,10,1,0,3,False,Low,Low,lcv,,6.593964850000001
FKID002177,unplanned,vehicle_breakdown,closed,12.9520767,77.540499,Mysore Road,Unknown,Byatarayanapura,unknown,2024-02-28 21:28:43.405000+00:00,2,3,0,2,False,High,High,ksrtc_bus,,45.96836663333333
FKID002178,unplanned,vehicle_breakdown,closed,12.9884265,77.6894444,ORR East 2,Unknown,Mahadevapura,unknown,2024-02-28 22:19:47.481000+00:00,3,3,0,2,False,High,High,bmtc_bus,,42.19713446666666
FKID002179,unplanned,vehicle_breakdown,closed,12.9939612,77.5957973,Non-corridor,Unknown,High ground,unknown,2024-02-28 22:30:18.714000+00:00,4,3,0,2,False,Low,Low,bmtc_bus,gair liver not working properly sir.,54.65853513333333
FKID002181,unplanned,vehicle_breakdown,closed,13.0264,77.544019,Tumkur Road,Unknown,Yeshwanthpura,unknown,2024-02-28 22:43:12.741000+00:00,4,3,0,2,False,High,High,bmtc_bus,starting problem traffic no problem sir twrds mei,67.62782723333333
FKID002190,unplanned,others,closed,12.9999193,77.583985,Bellary Road 1,Unknown,Sadashivanagar,unknown,2024-03-19 05:37:53.868000+00:00,11,1,0,3,False,High,High,none,"battary down, traffic movement no problem sir",122.96864301666666
FKID002191,unplanned,vehicle_breakdown,closed,12.9594917,77.6529369,Old Airport Road,Unknown,Jeevanbheemanagar,unknown,2024-03-19 05:56:07.476000+00:00,11,1,0,3,False,High,High,lcv,h13 towards k02 vehicle break down due gear not working,113.27622685
FKID002195,unplanned,vehicle_breakdown,closed,13.0188053,77.553156,Tumkur Road,Unknown,Yeshwanthpura,unknown,2024-02-28 23:36:34.931000+00:00,5,3,0,2,False,High,High,bmtc_bus,traffic slow movement,66.48960311666666
FKID002197,unplanned,vehicle_breakdown,closed,12.9667558,77.5875476,Mysore Road,Unknown,Halasuru Gate,unknown,2024-02-29 00:45:28.652000+00:00,6,3,0,2,False,High,High,others,pc,79.15418580000001
FKID002200,unplanned,accident,closed,13.1067566,77.6006731,Bellary Road 2,Unknown,Yelahanka,unknown,2024-02-29 02:06:37.661000+00:00,7,3,0,2,False,High,High,none,accident at kogilu cross on flyover towards city due road accident only vehicle damge sir,22.644470733333332
FKID002201,unplanned,vehicle_breakdown,closed,12.9235986,77.5803287,Non-corridor,Unknown,Jayanagara,unknown,2024-02-29 02:03:06.565000+00:00,7,3,0,2,False,Low,Low,private_bus,,95.58107615
FKID002202,unplanned,others,closed,13.0209014,77.5287807,Non-corridor,Unknown,Rajajinagar,unknown,2024-02-29 02:19:56.118000+00:00,7,3,0,2,False,Low,Low,none,this car wheel jam here vehicle moment slow here,3.5981080333333333
FKID002205,unplanned,vehicle_breakdown,closed,12.9169898,77.5968145,Bannerghata Road,Unknown,Jayanagara,unknown,2024-03-19 06:46:28.085000+00:00,12,1,0,3,False,High,High,private_car,off road,35.7911427
FKID002207,unplanned,vehicle_breakdown,closed,13.021709,77.5519174,Tumkur Road,Unknown,Yeshwanthpura,unknown,2024-03-19 06:05:44.210000+00:00,11,1,0,3,False,High,High,lcv,botle neck towards incoming near goverdhan vechicle punture agide sir.,84.46969001666666
FKID002209,unplanned,vehicle_breakdown,closed,12.9255742,77.6174592,Hosur Road,Unknown,Madiwala,unknown,2024-02-29 05:11:39.990000+00:00,10,3,0,2,False,High,High,ksrtc_bus,sp road to ayyappa vehicle breckdown agiruttde sir. traffic slow moment eruttade,14.2335291
FKID002210,unplanned,vehicle_breakdown,closed,12.9844596,77.6412874,Old Madras Road,Unknown,Jeevanbheemanagar,unknown,2024-02-29 04:53:58.067000+00:00,10,3,0,2,False,High,High,others,engine starting problem,33.554378899999996
FKID002213,unplanned,vehicle_breakdown,closed,12.95566159,77.72065301,Varthur Road,Unknown,Whitefield,unknown,2024-02-29 05:29:36.525000+00:00,10,3,0,2,False,High,High,bmtc_bus,bmtc bus breakdown at [location] towards [location] sir.,30.59855698333333
FKID002220,unplanned,vehicle_breakdown,closed,12.9225247,77.6194594,Hosur Road,Unknown,Madiwala,unknown,2024-02-29 05:35:54.578000+00:00,11,3,0,2,False,High,High,bmtc_bus,ಅಯ್ಯಪ್ಪ towards ಎಂಪಿಎಸ್ ಸಿದ್ದಾರ್ಥ ಕಾಲೋನಿ ಆರ್ಚ್ ಮುಂದೆ ತಮಿಳ್ ನಾಡು ಗೋರ್ಮೆಂಟ್ ಬಸ್ ಆಫ್ ರೋಡ ಆಗಿದ್ದು ಟ್ರಾಫಿಕ್ ಸ್ಲೋ ಮೊಮೆಂಟ್ ಇರುತ್ತದೆ ಸರ್ ಬೇಗನೆ ರಿಮುವ್  ಮಾಡಿಸುತ್ತೇವ್ ಸರ್,59.47093031666667
FKID002221,unplanned,vehicle_breakdown,closed,12.92108,77.5734531,Non-corridor,Unknown,Banashankari,unknown,2024-02-29 06:25:19.712000+00:00,11,3,0,2,False,Low,Low,bmtc_bus,traffic movieing normal,28.422718233333335
FKID002222,unplanned,vehicle_breakdown,closed,13.0141472,77.5704446,Non-corridor,Unknown,Sadashivanagar,unknown,2024-02-29 07:31:41.472000+00:00,13,3,0,2,False,Low,Low,bmtc_bus,k08 towards sadashiva nagar ps middle traffic moment slow ide sir,46.03317931666666
FKID002223,unplanned,vehicle_breakdown,closed,13.0288605,77.54001,Tumkur Road,Unknown,Yeshwanthpura,unknown,2024-03-19 10:41:29.927000+00:00,16,1,0,3,False,High,High,heavy_vehicle,starting problem,105.15403339999999
FKID002226,unplanned,vehicle_breakdown,closed,12.9575137,77.5522652,Mysore Road,Unknown,Chamarajpet,unknown,2024-03-19 19:23:09.958000+00:00,0,2,0,3,False,High,High,heavy_vehicle,ಬ್ರೇಕ್ ಸಮಸ್ಯೆ ಯಿಂದ ವಾಹನ ಕೆಟ್ಟು ನಿಂತಿದೆ ಸರ್,97.20824538333333
FKID002227,unplanned,vehicle_breakdown,closed,13.147734,77.6187076,Bellary Road 2,Unknown,Chikkajala,unknown,2024-02-29 08:22:56.451000+00:00,13,3,0,2,False,High,High,others,breakdown,35.270044866666666
FKID002230,unplanned,vehicle_breakdown,closed,12.9541423,77.5436141,Mysore Road,Unknown,Byatarayanapura,unknown,2024-02-29 09:15:54.118000+00:00,14,3,0,2,False,High,High,ksrtc_bus,whell lock,24.78094095
FKID002232,unplanned,vehicle_breakdown,closed,12.9480623,77.5985345,Non-corridor,Unknown,Wilson Garden,unknown,2024-02-29 08:10:07.760000+00:00,13,3,0,2,False,Low,Low,bmtc_bus,join cut ಆಗಿದೆ. slow moving traffic,103.95695343333334
FKID002233,unplanned,others,closed,12.9520172,77.544036,Mysore Road,Unknown,Byatarayanapura,unknown,2024-02-29 09:49:21.711000+00:00,15,3,0,2,False,High,High,none,tamil nad bus stand people cruwd traffic slow movement,7852.317056133334
FKID002235,unplanned,vehicle_breakdown,closed,13.01898142,77.65531138,ORR North 1,Unknown,Banaswadi,unknown,2024-03-19 19:42:05.882000+00:00,1,2,0,3,False,High,High,heavy_vehicle,lorry engine fan belt cut,76.73107366666666
FKID002236,unplanned,vehicle_breakdown,closed,13.0360276,77.5892476,Bellary Road 1,Unknown,Kodigehalli,unknown,2024-03-19 19:25:44.802000+00:00,0,2,0,3,False,High,High,private_bus,vehicle break down no traffic problem sir,25.963968299999998
FKID002238,unplanned,vehicle_breakdown,closed,13.0289783,77.540115,Tumkur Road,Unknown,Yeshwanthpura,unknown,2024-02-29 10:36:49.731000+00:00,16,3,0,2,False,High,High,heavy_vehicle,,47.135134183333335
FKID002239,unplanned,others,closed,13.1198,77.576805,Non-corridor,Unknown,Yelahanka,unknown,2024-02-29 20:33:23.863000+00:00,2,4,0,3,False,Low,Low,none,[person]dodda ballapura main road to wards [location] bbmp water work sir,2024.4999115666665
FKID002240,unplanned,vehicle_breakdown,resolved,13.2572966,77.7126622,Non-corridor,Unknown,Devanahalli Airport,unknown,2024-02-29 19:36:21.229000+00:00,1,4,0,3,False,Low,Low,heavy_vehicle,,41.44027543333333
FKID002241,unplanned,accident,closed,13.0251258,77.5852107,Bellary Road 1,Unknown,Kodigehalli,unknown,2024-02-29 20:08:23.924000+00:00,1,4,0,3,False,High,High,none,h,52.424526316666665
FKID002244,unplanned,vehicle_breakdown,closed,12.9255403,77.6175176,Hosur Road,Unknown,Madiwala,unknown,2024-03-19 20:00:06.346000+00:00,1,2,0,3,False,High,High,others,ಅಯ್ಯಪ್ಪ [location] ಪಾಸ್ ನಲ್ಲಿ ಈಚರ್ ವೆಹಿಕಲ್ ಆಫ್ ಲೋಡ್ ಆಗಿದ್ದು mñps to ayyappa ಟ್ರಾಫಿಕ್ ಮೂಮೆಂಟ್ ಸ್ಲೋ ಇರುತ್ತದೆ,21.590795766666666
FKID002249,unplanned,vehicle_breakdown,closed,12.9826166,77.569553,Non-corridor,Unknown,Sheshadripuram,unknown,2024-03-19 20:50:26.978000+00:00,2,2,0,3,False,Low,Low,ksrtc_bus,vacum problem,149.32047236666668
FKID002250,unplanned,vehicle_breakdown,closed,12.9047523,77.5857161,ORR West 1,Unknown,J.P. Nagar,unknown,2024-02-29 20:14:38.693000+00:00,1,4,0,3,False,High,High,private_bus,ನಮಸ್ತೆ ಸರ್ ಐ ಡಿ ಸಿ ಇಂದ ನಂದಿನಿ ಜಂಕ್ಷನ್ ಕಡೆ ಬರುವ ರಸ್ತೆಯಲ್ಲಿ ಟೊಯೋಟಾ ಕಂಪನಿ ಬಸ್ ಇಂಜಿನ್ ಸಮಸ್ಯೆಯಿಂದ ಅಪ್ಲೋಡ್ ಆಗಿದೆ ರೆಡಿ ಮಾಡುತ್ತಿದ್ದಾರೆ ಸರ್ ಸಂಚಾರ ನಿಧಾನ ಗತಿಯಲ್ಲಿಯೇ ಸರ್,21.186916433333334
FKID002251,unplanned,vehicle_breakdown,closed,12.9765795,77.611037,Old Madras Road,Unknown,Shivajinagar,unknown,2024-02-29 20:45:21.394000+00:00,2,4,0,3,False,High,High,bmtc_bus,bus puncher,64.23054711666667
FKID002254,planned,procession,closed,13.0162183,77.7092396,Non-corridor,Unknown,K.R. Pura,unknown,2024-03-19 21:57:13.190000+00:00,3,2,0,3,True,Low,Low,none,[person],6.63138725
FKID002261,unplanned,vehicle_breakdown,closed,12.9389553,77.6945893,ORR East 1,Unknown,HAL Old Airport,unknown,2024-03-19 22:37:55.794000+00:00,4,2,0,3,False,High,High,bmtc_bus,bmtc bus uploaded kadubeesanahalli towards [location] main road traffic slow moment sir,10.150801150000001
FKID002264,unplanned,vehicle_breakdown,closed,12.9383509,77.6945235,ORR East 1,Unknown,HAL Old Airport,unknown,2024-03-19 22:46:18.266000+00:00,4,2,0,3,False,High,High,bmtc_bus,due to starting problem,146.0768349
FKID002267,unplanned,vehicle_breakdown,closed,12.9887505,77.4724214,Non-corridor,Unknown,Kamakshipalya,unknown,2024-03-01 00:47:32.516000+00:00,6,4,0,3,False,Low,Low,bmtc_bus,vehicle break down,73.34186823333333
FKID002270,unplanned,vehicle_breakdown,closed,12.8399445,77.6769171,Non-corridor,Unknown,Electronic City,unknown,2024-03-19 23:34:02.261000+00:00,5,2,0,3,False,Low,Low,bmtc_bus,ಈ ವಾಹನವು ಸ್ಟಾರ್ಟಿಂಗ್ ಪ್ರಾಬ್ಲಮ್ ನಿಂದ ವೀರಸಂದ್ರ signal ನಲ್ಲಿ nintid,56.471942150000004
FKID002276,unplanned,vehicle_breakdown,closed,12.9684836,77.5874438,Mysore Road,Unknown,Halasuru Gate,unknown,2024-03-20 01:35:40.418000+00:00,7,2,0,3,False,High,High,bmtc_bus,,63.264801049999996
FKID002278,unplanned,vehicle_breakdown,closed,12.9648556,77.5860566,Mysore Road,Unknown,Halasuru Gate,unknown,2024-03-20 01:05:02.073000+00:00,6,2,0,3,False,High,High,lcv,battery down sir,2.348085033333333
FKID002283,unplanned,vehicle_breakdown,closed,12.916946,77.5871065,Non-corridor,Unknown,Jayanagara,unknown,2024-03-01 04:12:54.795000+00:00,9,4,0,3,False,Low,Low,bmtc_bus,ragigudda to arvinda bus offload traffic slow movement,111.59204438333333
FKID002284,unplanned,others,closed,12.9559471,77.7290451,Varthur Road,Unknown,Whitefield,unknown,2024-03-01 05:23:06.968000+00:00,10,4,0,3,False,High,High,none,fair accident near [location] siddhapur,99.1271216
FKID002285,unplanned,vehicle_breakdown,closed,13.0622879,77.6333968,Hennur Main Road,Unknown,Hennuru,unknown,2024-03-01 05:33:45.481000+00:00,11,4,0,3,False,High,High,heavy_vehicle,,46.373055349999994
FKID002286,unplanned,tree_fall,closed,12.9250715,77.6375839,Non-corridor,Unknown,Adugodi,unknown,2024-03-20 03:59:55.101000+00:00,9,2,0,3,False,Low,Low,none,"free fell down at jacksontra, near shell petrol bunk",16.442733933333333
FKID002287,unplanned,vehicle_breakdown,closed,12.9879187,77.5741471,Non-corridor,Unknown,Sheshadripuram,unknown,2024-03-01 07:56:56.576000+00:00,13,4,0,3,False,Low,Low,bmtc_bus,kino junction to [location] bus offroad,48.24556945
FKID002291,unplanned,vehicle_breakdown,closed,13.0469513,77.5010307,Non-corridor,Unknown,Peenya,unknown,2024-03-01 07:55:45.336000+00:00,13,4,0,3,False,Low,Low,lcv,"lgv vehicle offroad at h cross on flyover towards [location] due to diesel empty, vehicle movement normal",23.094677766666667
FKID002293,unplanned,vehicle_breakdown,closed,12.9775143,77.608447,Old Madras Road,Unknown,Shivajinagar,unknown,2024-03-01 09:08:00.337000+00:00,14,4,0,3,False,High,High,private_car,car of road distance to [location] starting problem car right side parking traffics moment sir,10.697492350000001
FKID002294,unplanned,vehicle_breakdown,closed,13.08313,77.5938833,Bellary Road 2,Unknown,Yelahanka,unknown,2024-03-01 10:27:14.292000+00:00,15,4,0,3,False,High,High,private_car,car offroad@ bypass on flyover towards city sir,61.77526506666666
FKID002301,unplanned,vehicle_breakdown,closed,12.9250539,77.6180915,Hosur Road,Unknown,Madiwala,unknown,2024-03-01 19:53:46.520000+00:00,1,5,1,3,False,High,High,taxi,mps towards sp road cab off road at ayyappa under pass  traffic movement slow ide sir,89.98981611666666
FKID002304,unplanned,vehicle_breakdown,closed,12.9664716,77.5949491,Mysore Road,Unknown,Halasuru Gate,unknown,2024-03-20 04:41:15.930000+00:00,10,2,0,3,False,High,High,truck,,44.60061098333333
FKID002308,unplanned,vehicle_breakdown,closed,12.9655901,77.6195322,Non-corridor,Unknown,Halasur,unknown,2024-03-01 21:09:07.674000+00:00,2,5,1,3,False,Low,Low,bmtc_bus,,102.37431906666667
FKID002309,unplanned,others,closed,12.9225895,77.6192286,Hosur Road,Unknown,Madiwala,unknown,2024-03-01 20:47:52.922000+00:00,2,5,1,3,False,High,High,none,ಎಂಪಿಎಸ್ ಟುವರ್ಡ್ಸ್ ಅಯ್ಯಪ್ಪ ಜಂಕ್ಷನ್ ಆಂಜನೇಯ ದೇವಸ್ಥಾನದ ಹತ್ತಿರ ವಾರ್ಷಿಕೋತ್ಸವ ಇರುವುದರಿಂದ ರೋಡಲ್ಲಿ ಪೆಂಡಲ್ ಹಾಕಿದ್ದು ಟ್ರಾಫಿಕ್ ಸ್ವಲ್ಪ ನಿಧಾನವಾಗಿರುತ್ತದೆ ಸರ್,330.18084595
FKID002311,unplanned,tree_fall,closed,13.0298298,77.5386426,Tumkur Road,Unknown,Yeshwanthpura,unknown,2024-03-20 05:30:45.183000+00:00,11,2,0,3,False,High,High,none,cmti junction towards [location] near airforce gate traffic no problem sir,239.99684209999998
FKID002316,unplanned,vehicle_breakdown,closed,13.0405183,77.5443817,ORR North 2,Unknown,Jalahalli,unknown,2024-03-01 22:52:17.373000+00:00,4,5,1,3,False,High,High,private_car,car off road on mes road towards gg palya,83.04273458333334
FKID002321,unplanned,vehicle_breakdown,closed,12.9528879,77.5410156,Mysore Road,Unknown,Byatarayanapura,unknown,2024-03-02 02:01:13.778000+00:00,7,5,1,3,False,High,High,bmtc_bus,[location] jaction inacomg side [location] roed sir,17.988405883333332
FKID002327,unplanned,vehicle_breakdown,closed,12.9929454,77.5952517,Non-corridor,Unknown,High ground,unknown,2024-03-02 03:30:15.995000+00:00,9,5,1,3,False,Low,Low,others,bwssb water tanker appload on millers road near [location] sir,120.1229665
FKID002333,unplanned,vehicle_breakdown,closed,12.9898458,77.5026764,Magadi Road,Unknown,Kamakshipalya,unknown,2024-03-02 04:39:02.097000+00:00,10,5,1,3,False,High,High,lcv,starting problem sir [person]  cowdeshwary cycle mart out going side,15.682897033333335
FKID002334,unplanned,vehicle_breakdown,closed,12.9687152,77.7011103,ORR East 2,Unknown,HAL Old Airport,unknown,2024-03-20 06:55:43.492000+00:00,12,2,0,3,False,High,High,private_bus,due to starting problem,18.770652916666666
FKID002335,unplanned,vehicle_breakdown,closed,13.0723917,77.5927483,Bellary Road 2,Unknown,Yelahanka,unknown,2024-03-02 04:06:55.031000+00:00,9,5,1,3,False,High,High,private_car,empty fuel,26.713455833333335
FKID002336,unplanned,vehicle_breakdown,closed,12.9609423,77.6382014,Old Airport Road,Unknown,Halasur,unknown,2024-03-02 03:35:04.735000+00:00,9,5,1,3,False,High,High,auto,,27.165104633333332
FKID002345,unplanned,road_conditions,closed,13.0088816,77.6964241,Non-corridor,Unknown,K.R. Pura,unknown,2024-03-02 06:46:35.640000+00:00,12,5,1,3,False,Low,Low,none,[person] [location],7204.02068145
FKID002348,unplanned,pot_holes,closed,12.9832244,77.5960152,CBD 2,Unknown,Cubbon Park,unknown,2024-03-20 07:56:10.351000+00:00,13,2,0,3,False,High,High,none,coffee board junction,1.5017334166666667
FKID002349,unplanned,vehicle_breakdown,closed,12.989118,77.5082493,Magadi Road,Unknown,Kamakshipalya,unknown,2024-03-20 08:48:15.098000+00:00,14,2,0,3,False,High,High,lcv,,32.257464766666665
FKID002350,unplanned,vehicle_breakdown,closed,12.9933993,77.5742441,Non-corridor,Unknown,Sheshadripuram,unknown,2024-03-02 05:49:49.104000+00:00,11,5,1,3,False,Low,Low,bmtc_bus,,72.78544391666667
FKID002351,unplanned,vehicle_breakdown,closed,12.9752109,77.5869675,Non-corridor,Unknown,Halasuru Gate,unknown,2024-03-02 06:25:51.732000+00:00,11,5,1,3,False,Low,Low,private_car,,107.52890245
FKID002360,unplanned,vehicle_breakdown,closed,12.9774011,77.6269206,Old Madras Road,Unknown,Halasur,unknown,2024-03-02 18:58:38.155000+00:00,0,6,1,3,False,High,High,truck,vehicle off road,55.235213316666666
FKID002363,unplanned,others,closed,12.94750702,77.53336802,Mysore Road,Unknown,Byatarayanapura,unknown,2024-03-02 18:36:57.054000+00:00,0,6,1,3,False,High,High,none,vehicle tier puncher,302.99378225
FKID002366,unplanned,vehicle_breakdown,closed,12.987823,77.512435,Magadi Road,Unknown,Kamakshipalya,unknown,2024-03-02 21:25:32.248000+00:00,2,6,1,3,False,High,High,private_bus,shriganadkavalu junction magadi main road private bus off road towards [location] sir,86.55830583333334
FKID002367,unplanned,vehicle_breakdown,closed,12.9566617,77.5495833,Mysore Road,Unknown,Byatarayanapura,unknown,2024-03-20 19:11:13.586000+00:00,0,3,0,3,False,High,High,private_car,break down on mysore road near [location] office incoming side,78.09311583333333
FKID002368,unplanned,accident,closed,12.9973228,77.6641514,ORR North 1,Unknown,Banaswadi,unknown,2024-03-20 19:44:39.900000+00:00,1,3,0,3,False,High,High,none,accident tata ace vehicle,34.21685993333333
FKID002370,unplanned,vehicle_breakdown,closed,13.0427284,77.5979712,ORR North 1,Unknown,Hebbala,unknown,2024-03-02 20:15:20.318000+00:00,1,6,1,3,False,High,High,others,back wheel tair puncher,22.854111483333334
FKID002377,unplanned,vehicle_breakdown,closed,12.87043927,77.65311466,Hosur Road,Unknown,Electronic City,unknown,2024-03-02 23:52:23.683000+00:00,5,6,1,3,False,High,High,bmtc_bus,,2.5054130166666666
FKID002378,unplanned,vehicle_breakdown,closed,12.9864603,77.5211997,Magadi Road,Unknown,Kamakshipalya,unknown,2024-03-02 23:35:29.690000+00:00,5,6,1,3,False,High,High,heavy_vehicle,vehicle breakdown,64.30445040000001
FKID002381,unplanned,water_logging,closed,13.0018428,77.5843292,Bellary Road 1,Unknown,Sadashivanagar,unknown,2024-03-03 03:10:07.137000+00:00,8,6,1,3,False,High,High,none,water logging,6866.7838292666665
FKID002383,unplanned,others,closed,13.0658946,77.6517394,Non-corridor,Unknown,Hennuru,unknown,2024-03-03 05:59:56.501000+00:00,11,6,1,3,False,Low,Low,none,diesel ⛽⛽⛽ no traffic slow,9677.060467866666
FKID002385,unplanned,construction,closed,12.983856,77.577635,Non-corridor,Unknown,High ground,unknown,2024-03-03 01:26:00.118000+00:00,6,6,1,3,False,Low,Low,none,drainage pipe workprogress..anandrao fly over down ramp to race view junction traffic slow movement,21.925417683333333
FKID002387,unplanned,others,closed,13.0046075,77.5839114,Bellary Road 1,Unknown,Sadashivanagar,unknown,2024-03-03 02:56:01.411000+00:00,8,6,1,3,False,High,High,none,starting problem,14.34505785
FKID002388,unplanned,vehicle_breakdown,closed,12.9242728,77.6289004,Non-corridor,Unknown,Adugodi,unknown,2024-03-03 04:42:52.617000+00:00,10,6,1,3,False,Low,Low,private_car,,50.05725543333333
FKID002389,unplanned,vehicle_breakdown,closed,12.9608055,77.5837247,Mysore Road,Unknown,Halasuru Gate,unknown,2024-03-03 05:37:10.524000+00:00,11,6,1,3,False,High,High,bmtc_bus,,39.02434768333333
FKID002396,unplanned,vehicle_breakdown,closed,12.9996084,77.5837695,Bellary Road 1,Unknown,Sadashivanagar,unknown,2024-03-03 08:32:46.187000+00:00,14,6,1,3,False,High,High,private_car,starting problem,29.16649395
FKID002401,unplanned,vehicle_breakdown,closed,12.912748,77.5588434,Non-corridor,Unknown,K.S. Layout,unknown,2024-03-20 23:22:01.327000+00:00,4,3,0,3,False,Low,Low,bmtc_bus,bmtc bus vehicle break down traffic slow moment,84.40798688333332
FKID002406,unplanned,others,closed,12.9561108,77.6939527,Old Airport Road,Unknown,HAL Old Airport,unknown,2024-03-03 13:19:39.193000+00:00,18,6,1,3,False,High,High,none,local village festival.,1.6053822999999998
FKID002414,unplanned,vehicle_breakdown,closed,13.030265,77.5376033,Tumkur Road,Unknown,Yeshwanthpura,unknown,2024-03-20 23:43:02.708000+00:00,5,3,0,3,False,High,High,heavy_vehicle,[person] turn starting problem sir traffic no problem moving sir,12.03063225
FKID002415,unplanned,vehicle_breakdown,closed,12.9674799,77.5881237,Mysore Road,Unknown,Halasuru Gate,unknown,2024-03-03 18:11:25.476000+00:00,23,6,1,3,False,High,High,bmtc_bus,,8.410828716666666
FKID002417,unplanned,vehicle_breakdown,closed,12.9366109,77.518765,Mysore Road,Unknown,Byatarayanapura,unknown,2024-03-03 21:50:26.047000+00:00,3,0,0,3,False,High,High,bmtc_bus,gare baks,23.780724000000003
FKID002419,unplanned,pot_holes,closed,13.033398,77.5690336,Non-corridor,Unknown,Sadashivanagar,unknown,2024-03-03 23:02:20.106000+00:00,4,0,0,3,False,Low,Low,none,,2122.3967791833334
FKID002420,unplanned,vehicle_breakdown,closed,12.9504221,77.537437,West of Chord Road,Unknown,Byatarayanapura,unknown,2024-03-21 00:26:55.090000+00:00,5,3,0,3,False,High,High,private_car,,29.734221366666667
FKID002421,unplanned,vehicle_breakdown,closed,12.9592669,77.5555347,Mysore Road,Unknown,Chamarajpet,unknown,2024-03-03 23:11:17.463000+00:00,4,0,0,3,False,High,High,bmtc_bus,[location] ರೋಡ್ [location] ಟು [location] bus front side tyre puncture  traffivc no problem,60.74641678333333
FKID002428,unplanned,others,closed,13.1611682,77.595828,Non-corridor,Unknown,Chikkajala,unknown,2024-03-04 01:23:20.254000+00:00,6,0,0,3,False,Low,Low,none,small road,38.768891116666666
FKID002429,unplanned,vehicle_breakdown,closed,12.9227216,77.5434673,Non-corridor,Unknown,Banashankari,unknown,2024-03-04 00:03:19.594000+00:00,5,0,0,3,False,Low,Low,bmtc_bus,offroad,57.316075016666666
FKID002434,unplanned,others,closed,12.95259479,77.54110281,Mysore Road,Unknown,Byatarayanapura,unknown,2024-03-21 01:36:59.400000+00:00,7,3,0,3,False,High,High,none,bbmp work,6.82868555
FKID002437,unplanned,vehicle_breakdown,closed,12.9736658,77.5133989,Non-corridor,Unknown,Jnanabharathi,unknown,2024-03-21 03:25:51.791000+00:00,8,3,0,3,False,Low,Low,others,starting problem,54.46608108333333
FKID002438,unplanned,vehicle_breakdown,closed,13.034825,77.628625,ORR North 1,Unknown,K.G. Halli,unknown,2024-03-04 07:16:24.705000+00:00,12,0,0,3,False,High,High,lcv,stating prablm,40.761785499999995
FKID002439,unplanned,vehicle_breakdown,closed,12.967418,77.588269,Mysore Road,Unknown,Halasuru Gate,unknown,2024-03-04 07:13:45.860000+00:00,12,0,0,3,False,High,High,bmtc_bus,,90.19987731666667
FKID002444,unplanned,vehicle_breakdown,closed,13.0143908,77.5836271,Bellary Road 1,Unknown,Sadashivanagar,unknown,2024-03-21 05:09:49.160000+00:00,10,3,0,3,False,High,High,lcv,stock 15 underpass  toward s outgoing..,86.78634966666667
FKID002446,unplanned,vehicle_breakdown,closed,12.9656183,77.7489031,Non-corridor,Unknown,Whitefield,unknown,2024-03-21 05:21:52.939000+00:00,10,3,0,3,False,Low,Low,bmtc_bus,[location] road towards [location],81.11977473333333
FKID002450,unplanned,vehicle_breakdown,closed,13.048748,77.5492821,Non-corridor,Unknown,Jalahalli,unknown,2024-03-04 09:42:19.154000+00:00,15,0,0,3,False,Low,Low,private_car,due to right wheel jam and puncture.. airforce towards gangamma circle singal.,8.9473605
FKID002453,unplanned,vehicle_breakdown,closed,12.9747008,77.5706582,Non-corridor,Unknown,Chamarajpet,unknown,2024-03-21 05:40:13.767000+00:00,11,3,0,3,True,Low,Low,bmtc_bus,,30.47674805
FKID002455,unplanned,vehicle_breakdown,closed,12.9899456,77.5050229,Magadi Road,Unknown,Kamakshipalya,unknown,2024-03-21 06:23:34.002000+00:00,11,3,0,3,False,High,High,bmtc_bus,,67.566669
FKID002456,unplanned,water_logging,closed,12.9632366,77.5891728,Non-corridor,Unknown,Halasuru Gate,unknown,2024-03-04 20:51:04.998000+00:00,2,1,0,3,False,Low,Low,none,,4.666376866666667
FKID002457,unplanned,vehicle_breakdown,closed,13.0364192,77.5247759,Tumkur Road,Unknown,Peenya,unknown,2024-03-04 19:51:16.949000+00:00,1,1,0,3,False,High,High,heavy_vehicle,towards city,21.935244516666668
FKID002458,unplanned,vehicle_breakdown,closed,13.0186047,77.7071521,Non-corridor,Unknown,K.R. Pura,unknown,2024-03-04 19:47:42.173000+00:00,1,1,0,3,False,Low,Low,others,"ಸರ್ ನಮಸ್ತೆ ಸರ್, ವಾಹನವು ಟಾಟಾ 407 ಬ್ರೇಕ್ ಡೌನ್ ಆಗಿರುತ್ತದೆ ಮೆಕಾನಿಕ್ ಗೆ ಹೇಳಿರುತ್ತಾರೆ ಸಂಚಾರಕ್ಕೆ ಯಾವುದೇ ಸಮಸ್ಯೆ ಇಲ್ಲ ನಮಸ್ಕಾರ",31.711534466666667
FKID002460,unplanned,vehicle_breakdown,closed,12.9995843,77.6743103,Non-corridor,Unknown,Banaswadi,unknown,2024-03-04 20:46:02.161000+00:00,2,1,0,3,False,Low,Low,private_car,kr puram railway station  near,121.07565023333333
FKID002461,unplanned,water_logging,closed,12.9167593,77.5951407,Non-corridor,Unknown,Jayanagara,unknown,2024-03-04 20:46:20.525000+00:00,2,1,0,3,False,Low,Low,none,28ನೇ ಮುಖ್ಯ ರಸ್ತೆಯಲ್ಲಿ ಕಾವೇರಿ ವಾಟರ್ loging ಆಗುತ್ತಿರುತ್ತದೆ. 28th main towards ragigudda ಕಡೆ ಟ್ರಾಫಿಕ್ಗೆ  ಯಾವುದೇ ತೊಂದರೆ ಇರುವುದಿಲ್ಲ,121.41991448333333
FKID002462,unplanned,pot_holes,closed,13.0005685,77.5839731,Bellary Road 1,Unknown,Sadashivanagar,unknown,2024-03-04 19:44:45.681000+00:00,1,1,0,3,False,High,High,none,"septic pit chamber overflow in [location] bus stop, outgoing side.",3171.436475616667
FKID002466,unplanned,vehicle_breakdown,closed,13.1247059,77.5743002,Non-corridor,Unknown,Yelahanka,unknown,2024-03-21 06:15:17.349000+00:00,11,3,0,3,False,Low,Low,bmtc_bus,[location] to wards yalahanka bmtc bus starting problem sir,55.092613899999996
FKID002467,unplanned,vehicle_breakdown,closed,12.9563033,77.5471671,Mysore Road,Unknown,Byatarayanapura,unknown,2024-03-21 06:44:02.169000+00:00,12,3,0,3,False,High,High,private_car,cluth plate,9.4180207
FKID002471,unplanned,vehicle_breakdown,closed,13.0328676,77.5330108,Tumkur Road,Unknown,Yeshwanthpura,unknown,2024-03-04 21:33:53.629000+00:00,3,1,0,3,False,High,High,lcv,tyre burst srs upramp towards [location] flyover traffic one side moving sir,9.946038833333334
FKID002474,unplanned,pot_holes,closed,12.9807787,77.6028248,CBD 1,Unknown,Shivajinagar,unknown,2024-03-04 21:24:54.681000+00:00,2,1,0,3,True,High,High,none,traffic is slow moving,45.08455431666666
FKID002475,unplanned,vehicle_breakdown,closed,13.0389307,77.625055,Hennur Main Road,Unknown,K.G. Halli,unknown,2024-03-04 22:06:45.407000+00:00,3,1,0,3,False,High,High,bmtc_bus,amc towards [location] sir,39.94712393333334
FKID002476,unplanned,vehicle_breakdown,closed,12.930687,77.5434701,ORR West 1,Unknown,Banashankari,unknown,2024-03-21 07:13:03.433000+00:00,12,3,0,3,False,High,High,lcv,traffic moment normal sir,47.0778124
FKID002477,unplanned,vehicle_breakdown,closed,12.9639551,77.588634,Mysore Road,Unknown,Halasuru Gate,unknown,2024-03-21 07:58:30.835000+00:00,13,3,0,3,False,High,High,bmtc_bus,,43.93709355
FKID002478,unplanned,accident,closed,12.9210146,77.6205632,Hosur Road,Unknown,Madiwala,unknown,2024-03-04 22:42:51.918000+00:00,4,1,0,3,False,High,High,none,ಲೋಕೇಶನ್ ಗೆ ಹೋಗಿ ನೋಡಲಾಗಿ ಅಲ್ಲಿ ಯಾರೂ ಇರುವುದಿಲ್ಲ ಸರ್,19.286777033333333
FKID002481,unplanned,vehicle_breakdown,closed,13.0209793,77.5840805,Bellary Road 1,Unknown,Sadashivanagar,unknown,2024-03-04 23:02:01.879000+00:00,4,1,0,3,False,High,High,lcv,hqtc bus stop [person] ನಗರ ಕ್ರಾಸ್ ಕಡೆ ಹೋಗುವ ಈ ವಾಹನವು ಕೆಟ್ಟು ನಿಂತಿರುತ್ತದೆ ಸರ್ ಸಂಚಾರಕ್ಕೆ ಯಾವುದೇ ತೊಂದರೆ ಇರುವುದಿಲ್ಲ,26.211784233333333
FKID002488,unplanned,vehicle_breakdown,closed,12.9558953,77.5459545,Mysore Road,Unknown,Byatarayanapura,unknown,2024-03-04 23:55:04.365000+00:00,5,1,0,3,False,High,High,bmtc_bus,,20.760291183333333
FKID002496,unplanned,pot_holes,closed,13.0333937,77.5689916,Non-corridor,Unknown,Sadashivanagar,unknown,2024-03-05 02:56:40.869000+00:00,8,1,0,3,False,Low,Low,none,[location] work,6753.669983233333
FKID002500,unplanned,vehicle_breakdown,closed,13.0400877,77.5186791,Tumkur Road,Unknown,Peenya,unknown,2024-03-05 02:21:45.802000+00:00,7,1,0,3,False,High,High,lcv,,14.798998433333333
FKID002501,unplanned,vehicle_breakdown,closed,12.9730724,77.6986806,ORR East 2,Unknown,HAL Old Airport,unknown,2024-03-05 02:13:01.309000+00:00,7,1,0,3,False,High,High,bmtc_bus,,1.3184935833333333
FKID002503,unplanned,water_logging,closed,12.9832947,77.5956604,CBD 2,Unknown,Cubbon Park,unknown,2024-03-05 02:47:57.295000+00:00,8,1,0,3,False,High,High,none,traffic movement slow,1397.64799305
FKID002505,unplanned,vehicle_breakdown,closed,13.0184217,77.56126,Tumkur Road,Unknown,Yeshwanthpura,unknown,2024-03-21 20:31:17.624000+00:00,2,4,0,3,False,High,High,bmtc_bus,due to diesel pipe damage.,17.37361458333333
FKID002506,unplanned,vehicle_breakdown,closed,13.0099235,77.5058763,Non-corridor,Unknown,Peenya,unknown,2024-03-21 21:06:59.754000+00:00,2,4,0,3,False,Low,Low,bmtc_bus,peenya 2nd stage gas bunk near off road traffic one side movement,137.26294234999997
FKID002517,unplanned,vehicle_breakdown,closed,12.9642504,77.5705495,Mysore Road,Unknown,Chamarajpet,unknown,2024-03-05 05:43:36.951000+00:00,11,1,0,3,False,High,High,truck,,55.2758047
FKID002521,unplanned,vehicle_breakdown,closed,12.9799244,77.5811144,Non-corridor,Unknown,Upparpet,unknown,2024-03-21 21:43:09.130000+00:00,3,4,0,3,False,Low,Low,bmtc_bus,,12.261251683333334
FKID002523,unplanned,vehicle_breakdown,closed,12.9874512,77.5194712,Magadi Road,Unknown,Kamakshipalya,unknown,2024-03-05 06:11:26.730000+00:00,11,1,0,3,False,High,High,bmtc_bus,,61.61077986666667
FKID002527,unplanned,vehicle_breakdown,closed,12.9869915,77.5190838,Magadi Road,Unknown,Kamakshipalya,unknown,2024-03-05 06:10:17.793000+00:00,11,1,0,3,False,High,High,bmtc_bus,wheel locked due to lack of air pressure,64.27595888333333
FKID002528,unplanned,vehicle_breakdown,closed,13.0201251,77.5838337,Bellary Road 1,Unknown,Sadashivanagar,unknown,2024-03-21 22:26:57.605000+00:00,3,4,0,3,False,High,High,taxi,,14.07579545
FKID002532,unplanned,vehicle_breakdown,closed,12.9220949,77.6452776,ORR East 1,Unknown,HSR Layout,unknown,2024-03-21 22:47:23.233000+00:00,4,4,0,3,True,High,High,bmtc_bus,,21.646528683333333
FKID002541,unplanned,vehicle_breakdown,closed,13.0908603,77.5965681,Bellary Road 2,Unknown,Yelahanka,unknown,2024-03-05 18:12:44.578000+00:00,23,1,0,3,False,High,High,private_car,,24.362505416666668
FKID002542,unplanned,vehicle_breakdown,closed,13.0287972,77.6206363,Non-corridor,Unknown,K.G. Halli,unknown,2024-03-22 00:18:05.429000+00:00,5,4,0,3,False,Low,Low,bmtc_bus,stating prablm,39.91352521666667
FKID002544,unplanned,vehicle_breakdown,closed,12.9758667,77.5875667,Non-corridor,Unknown,Halasuru Gate,unknown,2024-03-21 23:16:29.486000+00:00,4,4,0,3,True,Low,Low,bmtc_bus,bmtc bus off road starting [person] sir,20.05264845
FKID002550,unplanned,others,closed,13.03502,77.5885367,Bellary Road 1,Unknown,Kodigehalli,unknown,2024-03-22 01:44:46.507000+00:00,7,4,0,3,False,High,High,none,ದೈರ್ ಪಂಚರ್,4304.7043229
FKID002553,unplanned,vehicle_breakdown,closed,13.0389266,77.5181671,Tumkur Road,Unknown,Peenya,unknown,2024-03-05 20:07:08.276000+00:00,1,2,0,3,False,High,High,bmtc_bus,100 feet road towards [location],10.195782266666667
FKID002554,unplanned,vehicle_breakdown,closed,12.9572592,77.5518976,Mysore Road,Unknown,Byatarayanapura,unknown,2024-03-05 20:41:42.642000+00:00,2,2,0,3,False,High,High,private_bus,starting problem,6.759156316666666
FKID002555,unplanned,others,closed,12.9593603,77.5558637,Mysore Road,Unknown,Chamarajpet,unknown,2024-03-05 19:08:45.679000+00:00,0,2,0,3,False,High,High,none,ಸರ್  ಸ್ಟ್ರೀಟ್ ಲೈಟ್ ಕಂಬ ವಾಲಿರುವುದಕ್ಕೆ ಸರ್,2073.54119145
FKID002556,unplanned,vehicle_breakdown,closed,13.0410532,77.5189396,Tumkur Road,Unknown,Chikkabanavara,unknown,2024-03-22 01:21:53.829000+00:00,6,4,0,3,False,High,High,bmtc_bus,vehicle off road on [location],23.556338
FKID002557,unplanned,others,closed,13.0492206,77.645498,Non-corridor,Unknown,Hennuru,unknown,2024-03-05 20:53:57.733000+00:00,2,2,0,3,False,Low,Low,none,ಎತ್ತಲಹಳ್ಳಿ ಹತ್ತಿರ ವೈಟ್ ಟೈಪಿಂಗ್ ರೋಡ್ ಮಾಡುವುದರಿಂದ ಸ್ಲೋ ಮೊಮೆಂಟ್ ಇರುತ್ತದೆ ನಮಸ್ತೆ ಸರ್,1954.8978021666667
FKID002560,unplanned,congestion,closed,13.0413404,77.6223957,Hennur Main Road,Unknown,Hennuru,unknown,2024-03-22 04:49:19.519000+00:00,10,4,0,3,False,High,High,none,slow movement traffic towards keb junction due to [location] work,157.83113301666666
FKID002562,unplanned,test_demo,closed,12.9124633,77.6380122,Non-corridor,Unknown,HSR Layout,unknown,2024-03-05 21:31:23.226000+00:00,3,2,0,3,False,Low,Low,none,traffic moving slowly,2.3584172666666663
FKID002565,unplanned,vehicle_breakdown,closed,13.0439611,77.5571076,ORR North 2,Unknown,Jalahalli,unknown,2024-03-05 21:19:44.716000+00:00,2,2,0,3,False,High,High,bmtc_bus,starting one side momnet sir,98.79469238333333
FKID002569,unplanned,vehicle_breakdown,closed,12.9192208,77.5422099,Non-corridor,Unknown,Banashankari,unknown,2024-03-22 06:17:24.552000+00:00,11,4,0,3,False,Low,Low,bmtc_bus,,19.4802817
FKID002573,unplanned,vehicle_breakdown,closed,12.9616822,77.5842475,Mysore Road,Unknown,Halasuru Gate,unknown,2024-03-22 06:34:52.015000+00:00,12,4,0,3,False,High,High,bmtc_bus,"near [person], front tyre blast sir, it need 15 minutes..",112.59205778333333
FKID002578,unplanned,vehicle_breakdown,closed,12.9749679,77.5866242,Non-corridor,Unknown,Halasuru Gate,unknown,2024-03-05 22:46:19.281000+00:00,4,2,0,3,False,Low,Low,bmtc_bus,,36.436371050000005
FKID002579,unplanned,vehicle_breakdown,closed,12.995197,77.6084033,Non-corridor,Unknown,Pulikeshinagar(F.Town),unknown,2024-03-05 22:57:05.802000+00:00,4,2,0,3,False,Low,Low,bmtc_bus,vehicle break system not working properly,41.06278635
FKID002583,unplanned,vehicle_breakdown,closed,13.1013365,77.5835663,Non-corridor,Unknown,Yelahanka,unknown,2024-03-05 23:41:47.800000+00:00,5,2,0,3,False,Low,Low,bmtc_bus,unnikrishan main road to wards unnikrishan junction electric bmtc bus charge problem sir,63.735437633333326
FKID002585,unplanned,vehicle_breakdown,closed,13.0423267,77.5489333,ORR North 2,Unknown,Jalahalli,unknown,2024-03-22 18:23:00.443000+00:00,23,4,0,3,False,High,High,heavy_vehicle,because of not taking air,41.89284255
FKID002590,unplanned,others,closed,12.9749573,77.5746712,Non-corridor,Unknown,Upparpet,unknown,2024-03-06 01:09:22.369000+00:00,6,2,0,3,False,Low,Low,none,ಎಲೆಕ್ಟ್ರಿಕ್ ಬಿಎಂಟಿಸಿ ಬಸ್ ಸ್ಟಾರ್ಟಿಂಗ್ ಪ್ರಾಬ್ಲಮ್ ನಿಂದ ಆಫ್ ರೋಡ್ ಆಗಿದ್ದು ವಾಹನ ಸಂಚಾರಕ್ಕೆ [person] ಇರುವುದಿಲ್ಲ,12.775447683333335
FKID002591,unplanned,congestion,closed,13.0408793,77.6173343,ORR North 1,Unknown,Hennuru,unknown,2024-03-06 01:11:48.587000+00:00,6,2,0,3,False,High,High,none,slow movement traffic towards keb junction due to [location] work,52.42753255
FKID002592,unplanned,others,closed,12.9238396,77.5534147,ORR West 1,Unknown,Banashankari,unknown,2024-03-22 20:06:39.956000+00:00,1,5,1,3,False,High,High,none,vehicle not moving clutch plate problem,20.280152166666667
FKID002593,unplanned,others,closed,12.9898548,77.5019798,Magadi Road,Unknown,Kamakshipalya,unknown,2024-03-06 01:44:04.350000+00:00,7,2,0,3,False,High,High,none,fire incident at sunkadakatte samruddi hotel magadi main road sir,13.76268395
FKID002598,unplanned,tree_fall,closed,12.91704,77.5838333,Non-corridor,Unknown,Jayanagara,unknown,2024-03-22 19:54:55.533000+00:00,1,5,1,3,False,Low,Low,none,aravind towards 4th main 46cross traffic one side moving sir,48.95543648333333
FKID002599,unplanned,vehicle_breakdown,closed,12.9993376,77.584343,Bellary Road 1,Unknown,Sadashivanagar,unknown,2024-03-22 21:08:16.446000+00:00,2,5,1,3,False,High,High,ksrtc_bus,bus off road near [location] bus stop sir,9.997270066666665
FKID002602,unplanned,procession,closed,12.9139691,77.6779392,Non-corridor,Unknown,Bellandur,unknown,2024-03-06 02:32:14.866000+00:00,8,2,0,3,False,Low,Low,none,ದೇವರ ಪಲ್ಲಕ್ಕಿ ಮೆರವಣಿಗೆ ಮಾಡುತಿದರೆ ಸರ್,3.0139137333333332
FKID002606,unplanned,vehicle_breakdown,closed,12.9713268,77.6195551,Old Madras Road,Unknown,Halasur,unknown,2024-03-06 02:26:38.221000+00:00,7,2,0,3,False,High,High,bmtc_bus,-,18.148097683333333
FKID002607,unplanned,vehicle_breakdown,closed,12.9365078,77.5179874,Mysore Road,Unknown,Byatarayanapura,unknown,2024-03-06 02:40:05.353000+00:00,8,2,0,3,False,High,High,lcv,traffic movement ge enu samasye illa sir,32.78711466666667
FKID002609,unplanned,vehicle_breakdown,closed,13.0530263,77.6460574,Non-corridor,Unknown,Hennuru,unknown,2024-03-06 03:41:45.214000+00:00,9,2,0,3,False,Low,Low,heavy_vehicle,concrete mixture offload in [location] towards gubbi cross,104.44264348333333
FKID002612,unplanned,congestion,closed,12.988835,77.4725683,Non-corridor,Unknown,Kamakshipalya,unknown,2024-03-06 04:22:06.645000+00:00,9,2,0,3,True,Low,Low,none,nice road closed due [location] road more traffic,12.732202816666668
FKID002614,unplanned,vehicle_breakdown,closed,13.0105086,77.58363,Bellary Road 1,Unknown,Sadashivanagar,unknown,2024-03-22 21:42:58.315000+00:00,3,5,1,3,False,High,High,truck,within 5 minuts maybe remove,4.05119445
FKID002617,unplanned,vehicle_breakdown,closed,13.0735695,77.5033353,Non-corridor,Unknown,Chikkabanavara,unknown,2024-03-06 06:06:44.199000+00:00,11,2,0,3,False,Low,Low,bmtc_bus,vehicle breakdown sir,42.46220125
FKID002618,unplanned,water_logging,closed,13.0392365,77.5181492,Tumkur Road,Unknown,Peenya,unknown,2024-03-06 06:18:15.984000+00:00,11,2,0,3,False,High,High,none,peenya flyover outgoing [location] station on flyover water logging vehicles slow moving towards nelamangala side.,72.85393916666666
FKID002624,unplanned,congestion,closed,13.0413305,77.619256,ORR North 1,Unknown,Hennuru,unknown,2024-03-06 04:42:48.894000+00:00,10,2,0,3,False,High,High,none,slow movement traffic towards keb junction due to [location] work,154.51919141666667
FKID002626,unplanned,vehicle_breakdown,closed,12.9614379,77.5611814,Mysore Road,Unknown,Chamarajpet,unknown,2024-03-22 23:12:47.141000+00:00,4,5,1,3,False,High,High,private_car,,31.87520885
FKID002627,unplanned,vehicle_breakdown,closed,12.9837217,77.6404533,Old Madras Road,Unknown,Jeevanbheemanagar,unknown,2024-03-22 23:28:16.150000+00:00,4,5,1,3,False,High,High,bmtc_bus,bmsri towards 100feet road,78.34826575000001
FKID002630,unplanned,vehicle_breakdown,closed,13.0438821,77.5538565,ORR North 2,Unknown,Jalahalli,unknown,2024-03-23 00:03:01.971000+00:00,5,5,1,3,False,High,High,heavy_vehicle,due to chain cut it's off roaded near mes road,29.89324733333333
FKID002634,unplanned,vehicle_breakdown,closed,12.9082725,77.6916917,Non-corridor,Unknown,Bellandur,unknown,2024-03-23 00:59:18.277000+00:00,6,5,1,3,False,Low,Low,bmtc_bus,vvr juntion traffic slow moving,26.941963933333334
FKID002642,unplanned,vehicle_breakdown,closed,12.9211133,77.6204127,Hosur Road,Unknown,Madiwala,unknown,2024-03-06 10:05:58.775000+00:00,15,2,0,3,False,High,High,bmtc_bus,"[location] medam,

[person] towards [person] near infront of madivala traffic ps, one [location] bus off road due to starting problem medam,
bus is left side parking, one side traffic moving medam, we are remove soon medam.

ka-57 f-2999 depo 15, [location] 

driver mobile [phone]",22.988230849999997
FKID002643,unplanned,vehicle_breakdown,closed,13.0216827,77.5519487,Tumkur Road,Unknown,Yeshwanthpura,unknown,2024-03-23 01:05:10.941000+00:00,6,5,1,3,False,High,High,heavy_vehicle,,22.34844435
FKID002645,unplanned,vehicle_breakdown,closed,12.953076,77.5400812,West of Chord Road,Unknown,Byatarayanapura,unknown,2024-03-06 18:48:38.995000+00:00,0,3,0,3,False,High,High,heavy_vehicle,traffic movement normal sir,24.466795816666668
FKID002651,unplanned,vehicle_breakdown,closed,12.9929258,77.5714901,Non-corridor,Unknown,Sheshadripuram,unknown,2024-03-23 02:38:35.087000+00:00,8,5,1,3,False,Low,Low,bmtc_bus,near mantri mall ಸಂಪಿಗೆ ರೋಡ್  ಮಿಲ್ಕ್ cornar signale,158.45544278333332
FKID002658,unplanned,tree_fall,closed,13.0122874,77.5090347,Non-corridor,Unknown,Peenya,unknown,2024-03-06 21:01:41.936000+00:00,2,3,0,3,False,Low,Low,none,tree has fallen peenya 2nd stage towards rajagopalnagar vehicle no movement,92.98989458333334
FKID002660,unplanned,vehicle_breakdown,closed,12.9958759,77.5715134,Non-corridor,Unknown,Malleshwaram,unknown,2024-03-23 05:38:26.155000+00:00,11,5,1,3,False,Low,Low,bmtc_bus,vehicle break down,70.00693796666665
FKID002661,unplanned,others,closed,13.044021,77.508357,Tumkur Road,Unknown,Peenya,unknown,2024-03-06 21:39:38.227000+00:00,3,3,0,3,False,High,High,none,peenya flyover nhai cleaning work going on h cross towards cmti,1848.5386914833332
FKID002665,planned,construction,closed,12.9160554,77.6168548,Non-corridor,Unknown,Mico Layout,unknown,2024-03-23 05:38:48.709000+00:00,11,5,1,3,True,Low,Low,none,bridge work and cc road work under progress,3822.70962675
FKID002677,unplanned,vehicle_breakdown,closed,12.944928,77.6026878,Non-corridor,Unknown,Adugodi,unknown,2024-03-06 23:15:03.090000+00:00,4,3,0,3,False,Low,Low,heavy_vehicle,statraing problem,39.133124849999994
FKID002687,unplanned,vehicle_breakdown,closed,13.0459326,77.7502339,Non-corridor,Unknown,K.R. Pura,unknown,2024-03-07 04:11:24.888000+00:00,9,3,0,3,True,Low,Low,heavy_vehicle,budigere cross towards [location],17.2937739
FKID002688,unplanned,vehicle_breakdown,closed,12.9559519,77.716416,Varthur Road,Unknown,Whitefield,unknown,2024-03-07 02:48:45.929000+00:00,8,3,0,3,False,High,High,heavy_vehicle,starting problem within ready to 1 hours,122.43185746666667
FKID002689,unplanned,others,closed,13.0423044,77.514709,Tumkur Road,Unknown,Peenya,unknown,2024-03-07 03:35:25.489000+00:00,9,3,0,3,False,High,High,none,towards [location],243.29029311666667
FKID002692,unplanned,water_logging,closed,12.9677335,77.5744926,Mysore Road,Unknown,Chamarajpet,unknown,2024-03-07 05:21:22.094000+00:00,10,3,0,3,False,High,High,none,,6592.442654816667
FKID002694,unplanned,vehicle_breakdown,closed,12.9758821,77.5868134,Non-corridor,Unknown,Halasuru Gate,unknown,2024-03-07 04:52:37.268000+00:00,10,3,0,3,False,Low,Low,bmtc_bus,,13.885744066666666
FKID002695,unplanned,water_logging,closed,12.9423948,77.6225743,Non-corridor,Unknown,Adugodi,unknown,2024-03-07 05:23:47.274000+00:00,10,3,0,3,False,Low,Low,none,ngv back gate  towords passaport office,165.4671482
FKID002696,unplanned,vehicle_breakdown,closed,13.043501,77.5573519,ORR North 2,Unknown,Jalahalli,unknown,2024-03-07 05:01:06.014000+00:00,10,3,0,3,False,High,High,others,vehical,9.381939516666668
FKID002698,unplanned,tree_fall,closed,12.9992886,77.5838117,Bellary Road 1,Unknown,Sadashivanagar,unknown,2024-03-07 05:25:39.452000+00:00,10,3,0,3,True,High,High,none,tree fall,971.1941217166666
FKID002699,unplanned,vehicle_breakdown,closed,12.9138731,77.5670625,ORR West 1,Unknown,Banashankari,unknown,2024-03-23 07:01:09.209000+00:00,12,5,1,3,False,High,High,bmtc_bus,bendre junction towards [person] bmtc electric bus did not start sir,84.86862455
FKID002700,unplanned,construction,closed,13.0531027,77.6459625,Non-corridor,Unknown,Hennuru,unknown,2024-03-07 05:23:52.922000+00:00,10,3,0,3,False,Low,Low,none,,3954.1524874666666
FKID002702,unplanned,tree_fall,closed,13.0278723,77.5715932,Non-corridor,Unknown,Sadashivanagar,unknown,2024-03-07 05:25:24.564000+00:00,10,3,0,3,True,Low,Low,none,tree fall down,63.69129203333333
FKID002703,unplanned,tree_fall,closed,12.9707873,77.5762439,Non-corridor,Unknown,City Market,unknown,2024-03-23 10:54:09.828000+00:00,16,5,1,3,False,Low,Low,none,tree branches fell down,412.24392695
FKID002704,unplanned,construction,closed,13.0481768,77.6453207,Non-corridor,Unknown,Hennuru,unknown,2024-03-07 05:28:54.383000+00:00,10,3,0,3,False,Low,Low,none,"ನಮಸ್ತೆ ಸರ್, ಗೆದ್ದಲಹಳ್ಳಿ ಬಸ್ ಸ್ಟಾಪ್ ಹತ್ತಿರ ಸಿಮೆಂಟ್ ರೋಡ್ ಮಾಡುತ್ತಿರುವುದರಿಂದ ಹೆಣ್ಣೂರ್ ಬಾಗ್ಲೂರ್ ಮುಖ್ಯ ರಸ್ತೆ ಟ್ರಾಫಿಕ್ ನಿಧಾನಗತಿಯಲ್ಲಿ ಇರುತ್ತದೆ ಮಳೆಯ ಮುನ್ಸೂಚನೆ ಇರುತ್ತದೆ",1464.6774282000001
FKID002708,unplanned,others,closed,12.92490766,77.61830594,Hosur Road,Unknown,Madiwala,unknown,2024-01-27 18:40:56.916000+00:00,0,6,1,1,True,High,High,none,ಎಸ್ ಪಿ ರೋಡ್ ಇಂದ ಅಯ್ಯಪ್ಪ ಕಡೆ ಹೋಗುವ ಮಾರ್ಗದಲ್ಲಿ ಮರವು ಕಟ್ಟಾಗಿ ರೋಡ್ಗೆ [person] ರೋಡ್ ಟು ಅಯ್ಯಪ್ಪ ಕಡೆ ಟ್ರಾಫಿಕ್ ಮೊಮೆಂಟ್ ಇರುವುದಿಲ್ಲ ಸರ್,112.07313198333333
FKID002709,unplanned,vehicle_breakdown,closed,13.0457526,77.5056862,Tumkur Road,Unknown,Peenya,unknown,2024-03-23 19:14:38.140000+00:00,0,6,1,3,False,High,High,lcv,h cross on flyover lcv vehicle off-road towards parle toll traffic one side movement,29.151570016666668
FKID002710,unplanned,vehicle_breakdown,closed,12.9594033,77.5556832,Mysore Road,Unknown,Chamarajpet,unknown,2024-03-23 19:24:24.897000+00:00,0,6,1,3,False,High,High,heavy_vehicle,one side movement sir,22.22487305
FKID002711,unplanned,vehicle_breakdown,closed,12.9960828,77.6680963,ORR North 1,Unknown,Banaswadi,unknown,2024-03-23 19:20:00.045000+00:00,0,6,1,3,False,High,High,heavy_vehicle,mmt towords kr pura railway station,36.730649516666666
FKID002712,unplanned,accident,closed,13.0569168,77.593818,Bellary Road 1,Unknown,Hebbala,unknown,2024-03-23 19:14:40.689000+00:00,0,6,1,3,False,High,High,none,twoveelar and cab accident,47.199177299999995
FKID002717,unplanned,water_logging,closed,13.0003793,77.757606,Non-corridor,Unknown,Mahadevapura,unknown,2024-03-07 05:33:53.321000+00:00,11,3,0,3,False,Low,Low,none,water logging kodagidi flyover towards [location] slow moving traffic sir,7424.366825533333
FKID002720,unplanned,tree_fall,closed,12.9688404,77.5683589,Non-corridor,Unknown,Chamarajpet,unknown,2024-03-07 05:45:47.480000+00:00,11,3,0,3,True,Low,Low,none,tree fall and electric poll fall sir,4073.313846416667
FKID002721,unplanned,water_logging,closed,12.9250928,77.6088219,Non-corridor,Unknown,Mico Layout,unknown,2024-03-07 05:39:52.119000+00:00,11,3,0,3,False,Low,Low,none,water logging at tavarekere main road near [location].,5552.9631245166665
FKID002731,unplanned,tree_fall,closed,12.9624773,77.5947208,Mysore Road,Unknown,Halasuru Gate,unknown,2024-03-07 05:42:37.199000+00:00,11,3,0,3,False,High,High,none,,829.2974442333333
FKID002733,unplanned,water_logging,closed,12.9074813,77.6282437,Hosur Road,Unknown,Madiwala,unknown,2024-03-07 05:44:33.318000+00:00,11,3,0,3,False,High,High,none,[location] to rupen agrahar water loging  trafic slow moment sir,2847.0369545333333
FKID002734,unplanned,water_logging,closed,12.9593768,77.5558983,Mysore Road,Unknown,Chamarajpet,unknown,2024-03-07 05:47:53.621000+00:00,11,3,0,3,False,High,High,none,[person] water logging agide sir vehicle moving slow ide sir,6570.558955500001
FKID002736,unplanned,accident,closed,13.0471325,77.5008633,Non-corridor,Unknown,Peenya,unknown,2024-03-23 21:41:55.873000+00:00,3,6,1,3,False,Low,Low,none,[location] station on flyover chine accident towards parle toll traffic one side movement,8.980089583333333
FKID002740,unplanned,water_logging,closed,12.9059699,77.5760239,ORR West 1,Unknown,J.P. Nagar,unknown,2024-03-07 06:00:48.319000+00:00,11,3,0,3,False,High,High,none,[person] 35 th main jp nagar of ring road @ sindhoor water logging sir,1218.6891324166668
FKID002745,unplanned,water_logging,closed,12.9634816,77.641566,Old Airport Road,Unknown,Jeevanbheemanagar,unknown,2024-03-07 05:58:08.517000+00:00,11,3,0,3,False,High,High,none,,93.40865363333334
FKID002748,unplanned,water_logging,closed,12.9849591,77.6915765,ORR East 2,Unknown,Mahadevapura,unknown,2024-03-07 05:57:33.556000+00:00,11,3,0,3,False,High,High,none,,30.67920825
FKID002749,unplanned,water_logging,closed,12.9675007,77.5743111,Mysore Road,Unknown,Chamarajpet,unknown,2024-03-07 05:56:34.697000+00:00,11,3,0,3,True,High,High,none,,177.56342588333334
FKID002753,unplanned,water_logging,closed,13.0000641,77.6861318,Non-corridor,Unknown,Mahadevapura,unknown,2024-03-07 06:05:12.482000+00:00,11,3,0,3,False,Low,Low,none,water laging,3898.6085132
FKID002758,unplanned,others,closed,13.0979853,77.5669184,Non-corridor,Unknown,Yelahanka,unknown,2024-03-23 22:13:01.109000+00:00,3,6,1,3,False,Low,Low,none,ಅಟ್ಟೂರ್ ಬಸ್ stop to wards unnikrishan junction ಶನೇಶ್ವರ ಜಾತ್ರೆ ಸರ್,1291.4888951166665
FKID002759,unplanned,tree_fall,closed,12.9238584,77.5532339,ORR West 1,Unknown,Banashankari,unknown,2024-03-07 06:06:27.625000+00:00,11,3,0,3,False,High,High,none,tree fall,66.95399586666666
FKID002760,unplanned,tree_fall,closed,12.9641312,77.6261077,Non-corridor,Unknown,Halasur,unknown,2024-03-07 06:10:04.003000+00:00,11,3,0,3,True,Low,Low,none,tree fall,1114.93334045
FKID002765,unplanned,vehicle_breakdown,closed,12.9957307,77.5506997,West of Chord Road,Unknown,Vijayanagara,unknown,2024-03-23 23:22:10.356000+00:00,4,6,1,3,False,High,High,others,[person] sir... bbmp road cleaning vehicle off-road in chord road near modhi bridge... slow moving traffic sir...,72.65351976666668
FKID002768,unplanned,vehicle_breakdown,closed,12.9528787,77.5416099,Mysore Road,Unknown,Byatarayanapura,unknown,2024-03-24 00:24:26.981000+00:00,5,6,1,3,False,High,High,ksrtc_bus,vehicle breakdown,8.7606476
FKID002771,unplanned,water_logging,closed,12.980744,77.6221619,Non-corridor,Unknown,Halasur,unknown,2024-03-07 06:17:33.914000+00:00,11,3,0,3,True,Low,Low,none,water logging sir,2421.883144183333
FKID002778,unplanned,water_logging,closed,13.0098571,77.5907168,Non-corridor,Unknown,R.T. Nagar,unknown,2024-03-07 06:20:21.938000+00:00,11,3,0,3,False,Low,Low,none,,188.00503193333333
FKID002781,unplanned,tree_fall,closed,12.9884899,77.6175216,Non-corridor,Unknown,Pulikeshinagar(F.Town),unknown,2024-03-07 06:19:45.098000+00:00,11,3,0,3,False,Low,Low,none,tree fall at [location] near [location],18.082762549999998
FKID002786,unplanned,vehicle_breakdown,closed,12.8893035,77.5976747,Bannerghata Road,Unknown,Hulimavu,unknown,2024-03-24 04:58:13.522000+00:00,10,6,1,3,False,High,High,bmtc_bus,arekere towards bpl junction,146.04922566666667
FKID002792,unplanned,water_logging,closed,12.9754581,77.574901,Non-corridor,Unknown,Upparpet,unknown,2024-03-07 06:24:35.906000+00:00,11,3,0,3,False,Low,Low,none,himalaya to elite kg road traffic movement slow sir,41.48510733333333
FKID002793,unplanned,water_logging,closed,13.0203745,77.583989,Bellary Road 1,Unknown,Sadashivanagar,unknown,2024-03-07 06:24:26.417000+00:00,11,3,0,3,False,High,High,none,water logging at hqtc bus stop outgoing side traffic slow movements,3886.3786027166666
FKID002795,unplanned,vehicle_breakdown,closed,13.0891773,77.5961725,Bellary Road 2,Unknown,Yelahanka,unknown,2024-03-24 05:42:05.534000+00:00,11,6,1,3,False,High,High,lcv,starting problem,14.264672216666666
FKID002797,unplanned,vehicle_breakdown,closed,13.0409067,77.5172818,Tumkur Road,Unknown,Peenya,unknown,2024-03-24 05:50:20.839000+00:00,11,6,1,3,False,High,High,lcv,this vehicle off-road due to starting problem at jalahalli cross on flyover towards city traffic one side moving sir,108.20570536666668
FKID002798,unplanned,tree_fall,closed,12.9436885,77.574042,Non-corridor,Unknown,Basavanagudi,unknown,2024-03-07 06:26:10.207000+00:00,11,3,0,3,True,Low,Low,none,,2904.7070553500002
FKID002799,unplanned,water_logging,closed,13.0488973,77.4967967,Non-corridor,Unknown,Peenya,unknown,2024-03-07 06:27:26.006000+00:00,11,3,0,3,True,Low,Low,none,traffic diverson incoming onflyover due to waterlogging sir,71.25115430000001
FKID002800,unplanned,water_logging,closed,12.9704729,77.6102571,Non-corridor,Unknown,Ashok Nagar,unknown,2024-03-07 06:26:15.726000+00:00,11,3,0,3,True,Low,Low,none,waterlogging,149.96828003333334
FKID002804,unplanned,tree_fall,closed,13.0305585,77.5159596,Non-corridor,Unknown,Peenya,unknown,2024-03-07 06:27:03.839000+00:00,11,3,0,3,False,Low,Low,none,abb junction near free fall sir,914.0249496
FKID002806,unplanned,water_logging,resolved,12.9944876,77.6180296,Non-corridor,Unknown,Pulikeshinagar(F.Town),unknown,2024-03-07 06:25:24.212000+00:00,11,3,0,3,False,Low,Low,none,ತುಂಬಾ ಮಳೆ ಬಂದಿರುವುದರಿಂದ ಅಸ್ಸಯೇ ಜಂಕ್ಷನ್ ಲ್ಲಿ ತಾತ್ಕಾಲಿಕ ವಾಗಿ ವಾಟರ್ ಲಾಗಿಂಗ್ ಆಗಿದೆ,72.15094443333334
FKID002807,unplanned,water_logging,closed,12.9744687,77.6110393,Old Madras Road,Unknown,Ashok Nagar,unknown,2024-03-07 06:28:39.076000+00:00,11,3,0,3,True,High,High,none,,201.7505084166667
FKID002810,unplanned,tree_fall,closed,13.0260264,77.5443445,Tumkur Road,Unknown,Yeshwanthpura,unknown,2024-03-07 06:29:12.975000+00:00,11,3,0,3,False,High,High,none,,933.8846359333334
FKID002811,unplanned,water_logging,closed,12.905864,77.5857619,ORR West 1,Unknown,J.P. Nagar,unknown,2024-03-07 06:28:59.293000+00:00,11,3,0,3,False,High,High,none,[location] sir puttenahalli underpass ring road water logging vehicle movement slowly moving 33 rd main trds 14 th main,1190.4635745833334
FKID002814,unplanned,vehicle_breakdown,closed,12.9711709,77.6054721,Non-corridor,Unknown,Ashok Nagar,unknown,2024-03-24 07:49:41.393000+00:00,13,6,1,3,False,High,High,bmtc_bus,bmtc bus front tyre punctured sir...🙏,1.7176543333333332
FKID002815,unplanned,water_logging,closed,12.9061244,77.5855252,ORR West 1,Unknown,J.P. Nagar,unknown,2024-03-07 06:29:51.092000+00:00,11,3,0,3,False,High,High,none,water logging on service road towards 33rd main from 15th cross,118.58968551666666
FKID002818,unplanned,tree_fall,closed,13.0300746,77.5630008,Non-corridor,Unknown,Yeshwanthpura,unknown,2024-03-07 06:31:34.908000+00:00,12,3,0,3,True,Low,Low,none,tree fall cause of  heavy rain pls inform required  department we solve this  problem,220.28841453333334
FKID002819,unplanned,water_logging,closed,12.9903598,77.5886553,Bellary Road 1,Unknown,High ground,unknown,2024-03-07 06:29:24.108000+00:00,11,3,0,3,False,High,High,none,ಸಂಚಾರಕ್ಕೆ ಯಾವುದು ತೊಂದರೆ ಇರುವುದಿಲ್ಲ ಮೇಡಂ,42.345254966666666
FKID002822,unplanned,vehicle_breakdown,closed,12.9167151,77.5980396,Bannerghata Road,Unknown,Jayanagara,unknown,2024-03-07 06:32:54.856000+00:00,12,3,0,3,False,High,High,bmtc_bus,ಬಿಎಂಟಿಸಿ ಬಸ್ ಜಯದೇವ ಯು ಟರ್ನ್ ಮುಂಭಾಗ ofroad ಆಗಿದ್ದು towards ಈಸ್ಟ್ ಎಂಡ್ kade,108.71099421666666
FKID002823,unplanned,vehicle_breakdown,closed,12.9711709,77.6054721,Mysore Road,Unknown,Ashok Nagar,unknown,2024-03-24 07:49:41.393000+00:00,13,6,1,3,False,High,High,bmtc_bus,bmtc bus front tyre punctured sir...🙏,93.48512965
FKID002824,unplanned,water_logging,closed,12.9217293,77.6602295,ORR East 1,Unknown,Bellandur,unknown,2024-03-07 06:35:37.600000+00:00,12,3,0,3,False,High,High,none,164 pillar ibbluru downramp to agar water logging traffic slow moving sir,8507.797322316666
FKID002828,unplanned,vehicle_breakdown,resolved,12.9995975,77.6196896,Non-corridor,Unknown,Pulikeshinagar(F.Town),unknown,2024-03-07 06:29:12.529000+00:00,11,3,0,3,False,Low,Low,bmtc_bus,bmtc bus off agide,7.642841166666667
FKID002845,unplanned,vehicle_breakdown,closed,13.0957443,77.5978159,Bellary Road 2,Unknown,Yelahanka,unknown,2024-03-07 06:45:56.876000+00:00,12,3,0,3,False,High,High,others,vehicle offroad@ coffee day towards airport sir,151.79433328333334
FKID002846,unplanned,vehicle_breakdown,closed,12.9217905,77.6615907,ORR East 1,Unknown,Bellandur,unknown,2024-03-24 09:05:42.473000+00:00,14,6,1,3,False,High,High,private_car,due to starting problem,16.044057783333333
FKID002848,unplanned,vehicle_breakdown,closed,12.8398702,77.6769264,Non-corridor,Unknown,Electronic City,unknown,2024-03-24 09:23:28.548000+00:00,14,6,1,3,False,Low,Low,bmtc_bus,clutch plate jaam,29.089931583333335
FKID002849,unplanned,vehicle_breakdown,closed,12.8770527,77.5951565,Bannerghata Road,Unknown,Hulimavu,unknown,2024-03-24 09:22:44.457000+00:00,14,6,1,3,False,High,High,bmtc_bus,,34.15102665
FKID002851,unplanned,vehicle_breakdown,closed,13.0224187,77.5509157,Tumkur Road,Unknown,Yeshwanthpura,unknown,2024-03-24 10:28:49.698000+00:00,15,6,1,3,False,High,High,private_bus,off [person] on maintoad near goverdhan / yor metro station sir,91.52639778333334
FKID002853,unplanned,others,closed,13.1028901,77.5855105,Non-corridor,Unknown,Yelahanka,unknown,2024-03-07 06:45:35.684000+00:00,12,3,0,3,False,Low,Low,none,[location] main road wheel and axel to wards unnikrishan junction slab baroke sir,2163.54553765
FKID002854,unplanned,tree_fall,closed,12.9827246,77.5920638,CBD 2,Unknown,Cubbon Park,unknown,2024-03-07 06:41:11.348000+00:00,12,3,0,3,False,High,High,none,one side traffic movement,6519.827883249999
FKID002857,unplanned,vehicle_breakdown,closed,12.9706314,77.6048719,Mysore Road,Unknown,Ashok Nagar,unknown,2024-03-24 20:39:15.790000+00:00,2,0,0,3,False,High,High,others,ಬ್ಯಾಟರಿ low ಆಗಿದೆ,35.252319033333336
FKID002858,unplanned,water_logging,closed,12.904964,77.6018304,Bannerghata Road,Unknown,Mico Layout,unknown,2024-03-07 06:46:33.300000+00:00,12,3,0,3,False,High,High,none,water logging at [location] vehicles slow movement,1.26526015
FKID002861,unplanned,vehicle_breakdown,closed,13.0174925,77.553745,Tumkur Road,Unknown,Yeshwanthpura,unknown,2024-03-24 21:39:30.020000+00:00,3,0,0,3,False,High,High,private_bus,10 mnt remove sir,6.159646333333333
FKID002864,unplanned,tree_fall,closed,12.910431,77.5840122,Non-corridor,Unknown,J.P. Nagar,unknown,2024-03-07 06:45:47.004000+00:00,12,3,0,3,False,Low,Low,none,ig circle trds r v dental tree fallen sir road diversion sir,1173.6232398833333
FKID002865,unplanned,water_logging,closed,12.9049931,77.6018334,Bannerghata Road,Unknown,Mico Layout,unknown,2024-03-07 06:47:56.358000+00:00,12,3,0,3,False,High,High,none,water logging at [location] vehicles slow movement ide sir,2294.902803066667
FKID002867,unplanned,others,resolved,12.974343,77.5512833,West of Chord Road,Unknown,Magadi Road,unknown,2024-03-07 06:08:32.505000+00:00,11,3,0,3,True,High,High,none,due to fall of cutout infront of [location] vehicles mevement restricted from prasanna junction to prasanna theatre busstop...,39.91002743333333
FKID002872,unplanned,water_logging,closed,13.0100505,77.6977888,Non-corridor,Unknown,K.R. Pura,unknown,2024-03-07 06:51:41.978000+00:00,12,3,0,3,False,Low,Low,none,grt k r purma point k r pura to bhattarahalli  water logging sir,282.94748196666666
FKID002875,unplanned,water_logging,closed,13.0064569,77.5788985,Non-corridor,Unknown,Sadashivanagar,unknown,2024-03-07 07:02:52.522000+00:00,12,3,0,3,False,Low,Low,none,water login,1785.8880387
FKID002877,unplanned,others,closed,13.0348473,77.5297881,Tumkur Road,Unknown,Peenya,unknown,2024-03-24 21:25:27.053000+00:00,2,0,0,3,False,High,High,none,signal not working,61.567407450000005
FKID002885,unplanned,vehicle_breakdown,closed,12.9863734,77.5887026,Bellary Road 1,Unknown,High ground,unknown,2024-03-07 07:04:10.516000+00:00,12,3,0,3,True,High,High,bmtc_bus,"ಓಲ್ಡ್ ಎಗ್ ರೂಂ ಜಂಕ್ಷನ್ ಹತ್ತಿರ. ಬಿಎಂಟಿಸಿ ಬಸ್ ಅಫ್ಲೋರ್ಡ್ ಆಗಿರುತ್ತದೆ ಸರ್ ಒಂದು ಸೈಡಲ್ಲಿದೆ, ಟ್ರಾಫಿಕ್ ಸ್ಲೋ ಮೊಮೆಂಟ್ ಇದೆ ಸರ್ bo2",36.67477173333334
FKID002887,unplanned,water_logging,closed,12.9765849,77.5886901,Non-corridor,Unknown,Cubbon Park,unknown,2024-03-07 07:14:31.068000+00:00,12,3,0,3,False,Low,Low,none,slow movement vehicle sir,2863.879304833333
FKID002890,unplanned,others,closed,12.95398815,77.54367565,Mysore Road,Unknown,Byatarayanapura,unknown,2024-03-24 23:24:28.283000+00:00,4,0,0,3,False,High,High,none,[person] agide sir,16.937478916666667
FKID002893,unplanned,vehicle_breakdown,closed,12.9769023,77.6092478,Old Madras Road,Unknown,Shivajinagar,unknown,2024-03-25 00:05:25.424000+00:00,5,0,0,3,False,High,High,bmtc_bus,starting problem,41.53308571666666
FKID002897,unplanned,tree_fall,closed,12.9354043,77.5848702,Non-corridor,Unknown,Jayanagara,unknown,2024-03-25 00:53:19.534000+00:00,6,0,0,3,True,Low,Low,none,madaavan park towards  [location] club road close sir,76.98202371666666
FKID002898,unplanned,water_logging,closed,12.9160634,77.6353392,ORR East 1,Unknown,HSR Layout,unknown,2024-03-07 07:28:00.608000+00:00,12,3,0,3,False,High,High,none,water login 9th main towards 5th main hsr vehicle movement slow  mori water comes to road,759.0033270166666
FKID002902,unplanned,tree_fall,closed,12.9389375,77.5926618,Non-corridor,Unknown,Wilson Garden,unknown,2024-03-07 07:22:48.574000+00:00,12,3,0,3,False,Low,Low,none,tree falling,75.3254728
FKID002904,unplanned,vehicle_breakdown,closed,13.0082372,77.6931779,Non-corridor,Unknown,K.R. Pura,unknown,2024-03-25 02:13:31.756000+00:00,7,0,0,3,False,Low,Low,truck,break down,133.49633208333333
FKID002909,unplanned,tree_fall,closed,12.9973855,77.6103509,Non-corridor,Unknown,Pulikeshinagar(F.Town),unknown,2024-03-07 08:05:43.414000+00:00,13,3,0,3,True,Low,Low,none,tree fall  because road closed,8604.974344016668
FKID002910,unplanned,vehicle_breakdown,closed,12.9453543,77.5279203,Mysore Road,Unknown,Byatarayanapura,unknown,2024-03-25 02:22:58.577000+00:00,7,0,0,3,False,High,High,lcv,"vehicle breakdown due to empty coolant, traffic slow movement towards dg circle from  [location] circle above [location] flyover",32.21089145
FKID002916,unplanned,water_logging,closed,12.9562512,77.5193834,Non-corridor,Unknown,Byatarayanapura,unknown,2024-03-07 08:07:21.634000+00:00,13,3,0,3,False,Low,Low,none,water logging sir [person] to [location] outer ring road traffic slow movement sir,2055.8126417666667
FKID002918,unplanned,vehicle_breakdown,closed,12.9884485,77.4728568,Non-corridor,Unknown,Kamakshipalya,unknown,2024-03-25 04:27:37.575000+00:00,9,0,0,3,False,Low,Low,bmtc_bus,vehicalbrekadown,9.313865683333335
FKID002920,unplanned,vehicle_breakdown,closed,12.9583632,77.6060684,Hosur Road,Unknown,Ashok Nagar,unknown,2024-03-25 03:50:20.226000+00:00,9,0,0,3,False,High,High,taxi,,133.745803
FKID002922,unplanned,vehicle_breakdown,closed,12.9294111,77.5860606,Non-corridor,Unknown,Jayanagara,unknown,2024-03-25 07:01:37.036000+00:00,12,0,0,3,False,Low,Low,bmtc_bus,"bmtc bus break down before [person], opposite [location] from syndicate  jn, normal traffic movement",18.826966283333334
FKID002924,unplanned,tree_fall,closed,12.9207234,77.5860068,Non-corridor,Unknown,Jayanagara,unknown,2024-03-07 08:28:30.460000+00:00,13,3,0,3,True,Low,Low,none,,1414.7297125500002
FKID002925,unplanned,tree_fall,closed,12.9978214,77.6093606,Non-corridor,Unknown,Pulikeshinagar(F.Town),unknown,2024-03-07 08:21:55.888000+00:00,13,3,0,3,True,Low,Low,none,road closed because of tree fall,8590.158413066667
FKID002934,unplanned,vehicle_breakdown,closed,13.099816,77.5888555,Non-corridor,Unknown,Yelahanka,unknown,2024-03-07 08:38:36.341000+00:00,14,3,0,3,False,Low,Low,bmtc_bus,sheshadripura college to wards unnikrishan junction bmtc bus starting problem sir,23.6800304
FKID002935,unplanned,vehicle_breakdown,closed,12.9913384,77.5856459,Bellary Road 1,Unknown,High ground,unknown,2024-03-25 11:44:20.768000+00:00,17,0,0,3,False,High,High,private_car,accel cut on road b10 junction towards b02,12.157235616666666
FKID002937,unplanned,vehicle_breakdown,closed,12.9621583,77.62924,Non-corridor,Unknown,Halasur,unknown,2024-03-25 17:38:51.282000+00:00,23,0,0,3,False,Low,Low,bmtc_bus,bmtc bus break liner cut,162.0998554
FKID002938,unplanned,vehicle_breakdown,closed,12.9564431,77.7316906,Varthur Road,Unknown,Whitefield,unknown,2024-03-25 18:57:53.865000+00:00,0,1,0,3,False,High,High,heavy_vehicle,"hgv breakdown at [location], vehicle movement is normal",9.947234283333334
FKID002939,unplanned,tree_fall,resolved,12.9391583,77.5800661,Non-corridor,Unknown,Basavanagudi,unknown,2024-03-07 08:38:27.649000+00:00,14,3,0,3,False,Low,Low,none,tree falling at [location] sir. no vehicle damaged sir. traffic one side moving sir..,2809.7633005666667
FKID002947,unplanned,vehicle_breakdown,closed,12.8976817,77.6347539,Hosur Road,Unknown,HSR Layout,unknown,2024-03-25 20:34:48.662000+00:00,2,1,0,3,False,High,High,others,vehicle off-road due technical issue sir towards electronic city on flyover near [location] palya,21.60461613333333
FKID002950,unplanned,vehicle_breakdown,closed,13.0294213,77.5393424,Tumkur Road,Unknown,Yeshwanthpura,unknown,2024-03-25 21:47:53.098000+00:00,3,1,0,3,False,High,High,private_car,"cmti towards gg palya, traffic no issue",18.087688816666667
FKID002959,unplanned,road_conditions,closed,13.0053494,77.6853525,Non-corridor,Unknown,K.R. Pura,unknown,2024-03-07 11:32:36.963000+00:00,17,3,0,3,False,Low,Low,none,iti bus stop sir,625.0678506666667
FKID002961,unplanned,water_logging,closed,13.0008955,77.6813134,ORR East 2,Unknown,K.R. Pura,unknown,2024-03-07 11:27:35.202000+00:00,16,3,0,3,False,High,High,none,lorry undarpass woter logging contact no [phone],9742.5049553
FKID002962,unplanned,vehicle_breakdown,closed,13.004658,77.7100041,Non-corridor,Unknown,K.R. Pura,unknown,2024-03-25 21:49:59.210000+00:00,3,1,0,3,False,Low,Low,others,vehicles starting issue,43.03527413333334
FKID002963,unplanned,vehicle_breakdown,closed,12.9756394,77.5874884,Non-corridor,Unknown,Halasuru Gate,unknown,2024-03-25 21:54:28.092000+00:00,3,1,0,3,False,Low,Low,bmtc_bus,wheel jam,79.89617193333333
FKID002972,unplanned,others,closed,13.0004162,77.6773609,ORR East 2,Unknown,Mahadevapura,unknown,2024-03-25 22:23:24.035000+00:00,3,1,0,3,False,High,High,none,starting problem,91.73039343333333
FKID002977,unplanned,vehicle_breakdown,closed,12.96612624,77.53547582,West of Chord Road,Unknown,Vijayanagara,unknown,2024-03-26 00:07:44.422000+00:00,5,1,0,3,False,High,High,others,marenahalli,26.33293743333333
FKID002982,unplanned,vehicle_breakdown,closed,12.9684536,77.7015652,ORR East 2,Unknown,HAL Old Airport,unknown,2024-03-26 02:38:08.692000+00:00,8,1,0,3,False,High,High,heavy_vehicle,due to diesel problem,21.892671399999998
FKID002986,unplanned,pot_holes,closed,12.9627818,77.6283423,Non-corridor,Unknown,Halasur,unknown,2024-03-26 00:23:50.487000+00:00,5,1,0,3,False,Low,Low,none,,4714.33184145
FKID002987,unplanned,construction,closed,12.9379245,77.7464862,Non-corridor,Unknown,Whitefield,unknown,2024-03-26 03:11:09.499000+00:00,8,1,0,3,False,Low,Low,none,varthu ps towards varthur kodi sir,2926.57525605
FKID002988,unplanned,vehicle_breakdown,closed,12.9162014,77.6326542,ORR East 1,Unknown,HSR Layout,unknown,2024-03-26 04:07:29.183000+00:00,9,1,0,3,False,High,High,bmtc_bus,,15.380214683333332
FKID002990,unplanned,vehicle_breakdown,closed,13.0193283,77.7087117,Non-corridor,Unknown,K.R. Pura,unknown,2024-03-26 03:34:06.446000+00:00,9,1,0,3,False,Low,Low,bmtc_bus,,24.384054283333334
FKID002991,unplanned,construction,closed,13.0041957,77.7569011,Non-corridor,Unknown,Mahadevapura,unknown,2024-03-26 04:39:18.421000+00:00,10,1,0,3,False,Low,Low,none,bwssb work slow moving traffic kadugodi flyover towards seegehalli,5149.374220950001
FKID002993,unplanned,water_logging,closed,12.9766207,77.5992578,Old Madras Road,Unknown,Cubbon Park,unknown,2024-03-26 04:35:51.261000+00:00,10,1,0,3,False,High,High,none,water logging att queens junction,34.37859473333333
FKID002994,unplanned,vehicle_breakdown,closed,12.9370382,77.6266992,IRR(Thanisandra road),Unknown,Adugodi,unknown,2024-03-26 04:24:41.419000+00:00,9,1,0,3,False,High,High,others,[person] to sony jn,19.590632416666665
FKID002995,unplanned,water_logging,closed,12.9766094,77.6017677,Old Madras Road,Unknown,Cubbon Park,unknown,2024-03-26 04:38:58.645000+00:00,10,1,0,3,False,High,High,none,,48.38724398333333
FKID002997,unplanned,water_logging,closed,13.010229,77.6980676,Non-corridor,Unknown,K.R. Pura,unknown,2024-03-26 04:41:29.516000+00:00,10,1,0,3,False,Low,Low,none,water logging at grt junction k r puram towards city,171.4411991
FKID002999,unplanned,water_logging,closed,13.0089596,77.5488656,West of Chord Road,Unknown,Malleshwaram,unknown,2024-03-26 04:50:51.053000+00:00,10,1,0,3,False,High,High,none,water logging,79.3147058
FKID003000,unplanned,water_logging,closed,12.9639847,77.581597,Mysore Road,Unknown,Halasuru Gate,unknown,2024-03-26 04:43:46.232000+00:00,10,1,0,3,True,High,High,none,sjp road sir,106.8736322
FKID003003,unplanned,water_logging,closed,12.9640463,77.5817789,Mysore Road,Unknown,Halasuru Gate,unknown,2024-03-26 04:45:01.257000+00:00,10,1,0,3,True,High,High,none,,77.6084918
FKID003004,unplanned,water_logging,closed,12.9931441,77.5958339,Non-corridor,Unknown,High ground,unknown,2024-03-26 04:42:47.931000+00:00,10,1,0,3,False,Low,Low,none,water loging,389.9546150833333
FKID003006,unplanned,water_logging,closed,12.967788,77.5745468,Mysore Road,Unknown,Chamarajpet,unknown,2024-03-26 04:48:15.987000+00:00,10,1,0,3,False,High,High,none,chickpet metro,25.367189333333332
FKID003008,unplanned,water_logging,closed,13.01464435,77.58385933,Bellary Road 1,Unknown,Sadashivanagar,unknown,2024-03-26 04:48:52.183000+00:00,10,1,0,3,False,High,High,none,water logging at stock 15 jn,38.08992445
FKID003011,unplanned,water_logging,closed,13.0034026,77.5839578,Bellary Road 1,Unknown,Sadashivanagar,unknown,2024-03-26 04:50:06.556000+00:00,10,1,0,3,False,High,High,none,waterlogging due to rain heavy rain,47.5818911
FKID003013,unplanned,tree_fall,closed,13.0089012,77.5489998,West of Chord Road,Unknown,Malleshwaram,unknown,2024-03-26 04:57:36.348000+00:00,10,1,0,3,False,High,High,none,🌳 tree fallen,72.68515286666667
FKID003014,unplanned,water_logging,closed,12.9987856,77.5839664,Bellary Road 1,Unknown,Sadashivanagar,unknown,2024-03-26 04:56:59.818000+00:00,10,1,0,3,False,High,High,none,rine,4022.929784933333
FKID003017,unplanned,water_logging,closed,12.9881078,77.5775497,Non-corridor,Unknown,Sheshadripuram,unknown,2024-03-26 05:00:36.512000+00:00,10,1,0,3,False,Low,Low,none,neharu towards s c road junction  sir,230.7993599
FKID003021,unplanned,water_logging,closed,12.9682004,77.5678526,Non-corridor,Unknown,Chamarajpet,unknown,2024-03-26 05:10:06.110000+00:00,10,1,0,3,False,Low,Low,none,water logging towards binnimill,24.846647383333334
FKID003022,unplanned,accident,closed,12.9619521,77.5123293,Non-corridor,Unknown,Jnanabharathi,unknown,2024-03-26 05:02:41.309000+00:00,10,1,0,3,False,Low,Low,none,ಮಳೆ ಬಿದ್ದ ಕಾರಣ ನಾಗರಬಾವಿ ಹೊರ ವರ್ತುಲ ರಸ್ತೆ ನಮ್ಮೂರು ತಿಂಡಿ ಮೇಲೆ lgv ವಾಹನ ಸ್ಕಿಡ್ ಆಗಿ ಮದ್ಯೆ  ಇರುವ ಡಿವೈಡರ್ಗೆ ಗುದ್ದಿ ಇರುತ್ತದೆ,42.8945817
FKID003023,unplanned,water_logging,closed,13.0064763,77.5789771,Non-corridor,Unknown,Sadashivanagar,unknown,2024-03-26 05:12:02.328000+00:00,10,1,0,3,False,Low,Low,none,,57.1615183
FKID003024,unplanned,water_logging,closed,12.9708832,77.6047263,Mysore Road,Unknown,Ashok Nagar,unknown,2024-03-26 05:30:28.720000+00:00,11,1,0,3,False,High,High,none,,324.67876015
FKID003025,unplanned,water_logging,closed,13.0240532,77.6431852,ORR North 1,Unknown,Banaswadi,unknown,2024-03-26 05:31:06.393000+00:00,11,1,0,3,False,High,High,none,[person] 80feet road,984.9738974833333
FKID003026,unplanned,water_logging,closed,13.0240615,77.6432044,ORR North 1,Unknown,Banaswadi,unknown,2024-03-26 05:18:59.663000+00:00,10,1,0,3,False,High,High,none,[person] 80feet road,997.1460983833333
FKID003030,unplanned,tree_fall,closed,13.022868,77.6396443,ORR North 1,Unknown,Banaswadi,unknown,2024-03-26 05:31:19.848000+00:00,11,1,0,3,False,High,High,none,tree fallen at 5th main road near 7plates hotel,191.90470683333334
FKID003035,unplanned,tree_fall,closed,12.9872808,77.5187908,Magadi Road,Unknown,Kamakshipalya,unknown,2024-03-26 05:33:04.122000+00:00,11,1,0,3,False,High,High,none,sumnahalli sir,9.963474483333332
FKID003036,unplanned,tree_fall,closed,13.00129,77.6188442,Airport New South Road,Unknown,Pulikeshinagar(F.Town),unknown,2024-03-26 05:34:20.233000+00:00,11,1,0,3,True,High,High,none,,18.271439616666665
FKID003037,unplanned,tree_fall,closed,13.0611979,77.5763089,Non-corridor,Unknown,Kodigehalli,unknown,2024-03-26 05:48:29.568000+00:00,11,1,0,3,True,Low,Low,none,,81.05660200000001
FKID003038,unplanned,water_logging,closed,13.0197254,77.5525224,Tumkur Road,Unknown,Yeshwanthpura,unknown,2024-03-26 05:31:20.069000+00:00,11,1,0,3,False,High,High,none,,1345.3929395666667
FKID003039,unplanned,tree_fall,closed,13.0045716,77.5607559,Non-corridor,Unknown,Malleshwaram,unknown,2024-03-26 05:52:51.002000+00:00,11,1,0,3,False,Low,Low,none,tree fall,4383.935256866666
FKID003042,unplanned,road_conditions,closed,13.0937436,77.5969989,Bellary Road 2,Unknown,Yelahanka,unknown,2024-03-26 05:33:55.614000+00:00,11,1,0,3,True,High,High,none,due to rain,58.722754933333334
FKID003047,unplanned,pot_holes,closed,13.0432139,77.5990018,ORR North 1,Unknown,Hebbala,unknown,2024-03-26 06:07:14.515000+00:00,11,1,0,3,False,High,High,none,,135.51806013333334
FKID003048,unplanned,water_logging,closed,13.040345,77.55721,Non-corridor,Unknown,Jalahalli,unknown,2024-03-26 06:01:25.783000+00:00,11,1,0,3,False,Low,Low,none,watter logging sir traffic no problem sir,2860.77638925
FKID003057,unplanned,vehicle_breakdown,closed,13.0199917,77.7093317,Non-corridor,Unknown,K.R. Pura,unknown,2024-03-26 06:36:21.487000+00:00,12,1,0,3,False,Low,Low,lcv,lgv vehicle brokedown traffic no problem [person] towards medahalli sir,6.703687566666667
FKID003061,unplanned,vehicle_breakdown,closed,13.0426282,77.6108847,ORR North 1,Unknown,Hebbala,unknown,2024-03-26 06:41:58.329000+00:00,12,1,0,3,False,High,High,bmtc_bus,,100.7026763
FKID003063,unplanned,vehicle_breakdown,closed,12.9900517,77.5048161,Magadi Road,Unknown,Kamakshipalya,unknown,2024-03-26 07:05:31.449000+00:00,12,1,0,3,False,High,High,bmtc_bus,vehicle starting problem at sunkadakatte bus stop out going side sir,46.057772066666665
FKID003066,unplanned,others,closed,12.9212016,77.5602316,ORR West 1,Unknown,Banashankari,unknown,2024-03-26 07:10:09.359000+00:00,12,1,0,3,False,High,High,none,bmtc bus offroad due to air pipe leak,36.40983923333333
FKID003067,unplanned,vehicle_breakdown,closed,12.9202917,77.6207772,Hosur Road,Unknown,Madiwala,unknown,2024-03-26 08:02:30.124000+00:00,13,1,0,3,False,High,High,private_bus,[person] near dargha towerds silk bord private bus off road sir traffic no problem sir,82.93424305
FKID003068,unplanned,vehicle_breakdown,closed,12.919537,77.542205,Non-corridor,Unknown,Banashankari,unknown,2024-03-26 08:12:50.932000+00:00,13,1,0,3,False,Low,Low,bmtc_bus,bus off-road sir,84.77698231666666
FKID003070,unplanned,water_logging,closed,13.04331,77.561475,ORR North 2,Unknown,Jalahalli,unknown,2024-03-26 07:11:35.133000+00:00,12,1,0,3,False,High,High,none,traffic no problem sir,2790.3985524
FKID003071,unplanned,vehicle_breakdown,closed,12.9630608,77.7023872,ORR East 2,Unknown,HAL Old Airport,unknown,2024-03-26 18:14:39.197000+00:00,23,1,0,3,False,High,High,lcv,[person] towards [location] service road vehicleoffroad d,25.358829383333333
FKID003072,unplanned,vehicle_breakdown,closed,12.9962958,77.6687511,ORR North 1,Unknown,Mahadevapura,unknown,2024-03-26 18:25:21.420000+00:00,23,1,0,3,False,High,High,heavy_vehicle,,124.40155733333333
FKID003073,unplanned,others,closed,13.0098341,77.5837043,Bellary Road 1,Unknown,Sadashivanagar,unknown,2024-03-26 20:15:39.268000+00:00,1,2,0,3,False,High,High,none,this vehicle off roaded due weal puncher,4837.147761283334
FKID003076,unplanned,vehicle_breakdown,closed,13.0267683,77.54354,Tumkur Road,Unknown,Yeshwanthpura,unknown,2024-03-26 21:16:15.740000+00:00,2,2,0,3,False,High,High,lcv,vehicle of road tumakuru road service road near mei junction outgoing traffic no problem,5.308476433333333
FKID003078,unplanned,water_logging,closed,12.9963473,77.5959367,Non-corridor,Unknown,R.T. Nagar,unknown,2024-03-26 21:25:56.492000+00:00,2,2,0,3,False,Low,Low,none,over flow water in drinage,230.06940948333335
FKID003079,unplanned,tree_fall,closed,13.0101364,77.5830106,Bellary Road 1,Unknown,Sadashivanagar,unknown,2024-03-26 20:33:12.874000+00:00,2,2,0,3,False,High,High,none,tree fall 9th main,115.15186836666666
FKID003080,unplanned,vehicle_breakdown,closed,12.9629289,77.5953757,Mysore Road,Unknown,Halasuru Gate,unknown,2024-03-26 20:59:31.854000+00:00,2,2,0,3,False,High,High,bmtc_bus,[location] towards [location],25.9249495
FKID003083,unplanned,vehicle_breakdown,closed,12.9288692,77.545287,ORR West 1,Unknown,Banashankari,unknown,2024-03-26 20:48:43.695000+00:00,2,2,0,3,False,High,High,bmtc_bus,traffic slowly moving,73.03041763333334
FKID003087,unplanned,tree_fall,closed,12.940721,77.5737328,Non-corridor,Unknown,Basavanagudi,unknown,2024-03-26 21:48:56.925000+00:00,3,2,0,3,True,Low,Low,none,tree fall [location] sir,173.99265736666666
FKID003092,unplanned,vehicle_breakdown,closed,12.9993363,77.5841717,Bellary Road 1,Unknown,Sadashivanagar,unknown,2024-03-26 23:04:31.291000+00:00,4,2,0,3,False,High,High,private_car,[person] bus stop  in coming side  starting problem,16.297705333333333
FKID003095,unplanned,vehicle_breakdown,closed,12.9662054,77.586928,Mysore Road,Unknown,Halasuru Gate,unknown,2024-03-26 23:52:20.512000+00:00,5,2,0,3,False,High,High,bmtc_bus,,6.283415033333333
FKID003096,unplanned,vehicle_breakdown,closed,12.9363838,77.5177104,Mysore Road,Unknown,Byatarayanapura,unknown,2024-03-26 23:55:39.238000+00:00,5,2,0,3,False,High,High,heavy_vehicle,starting problem,59.30142481666667
FKID003107,unplanned,vehicle_breakdown,closed,12.9726557,77.6987243,ORR East 2,Unknown,HAL Old Airport,unknown,2024-03-27 03:44:19.365000+00:00,9,2,0,3,False,High,High,taxi,selam bridge towards [person] one cab off road sir,33.80299288333333
FKID003108,unplanned,others,closed,13.0146323,77.5705952,Non-corridor,Unknown,Sadashivanagar,unknown,2024-03-27 02:11:55.635000+00:00,7,2,0,3,False,Low,Low,none,"tata tolto vehicle, clutch rod cut aagide. traffic moment slow ide sir..",88.10845821666666
FKID003109,unplanned,vehicle_breakdown,closed,12.9218972,77.6681657,ORR East 1,Unknown,Bellandur,unknown,2024-03-27 03:54:03.373000+00:00,9,2,0,3,False,High,High,bmtc_bus,microsoft to agar traffic slow moving sir,64.20612750000001
FKID003112,unplanned,vehicle_breakdown,closed,13.0066883,77.7572817,Non-corridor,Unknown,Mahadevapura,unknown,2024-03-27 04:54:47.250000+00:00,10,2,0,3,False,Low,Low,private_bus,school bus off-road at [location] palace hotel slow moving traffic belathur towards seegehalli,11.605493183333333
FKID003114,unplanned,vehicle_breakdown,closed,13.0144606,77.583683,Bellary Road 1,Unknown,Sadashivanagar,unknown,2024-03-27 05:11:50.118000+00:00,10,2,0,3,False,High,High,private_car,vehicle breakdown due to engine problem incoming ballary road taralabalu to cauvery mekri circle underpass,6.5536546666666675
FKID003117,unplanned,others,closed,12.974347,77.578087,Non-corridor,Unknown,Upparpet,unknown,2024-03-27 05:49:14.093000+00:00,11,2,0,3,False,Low,Low,none,[person] car puncture agide sir traffic movement normal ide sir,17.946091666666668
FKID003118,unplanned,vehicle_breakdown,closed,13.1211366,77.6100947,Bellary Road 2,Unknown,Yelahanka,unknown,2024-03-27 06:01:53.683000+00:00,11,2,0,3,False,High,High,others,[location] cross on flyover towords airport due to starting problem sir,21.91443695
FKID003131,unplanned,vehicle_breakdown,closed,13.0142433,77.6618833,ORR North 1,Unknown,Banaswadi,unknown,2024-03-27 18:49:12.452000+00:00,0,3,0,3,False,High,High,others,self accident,35.82966003333333
FKID003132,unplanned,vehicle_breakdown,closed,12.9966828,77.5848333,Bellary Road 1,Unknown,High ground,unknown,2024-03-27 19:33:35.791000+00:00,1,3,0,3,False,High,High,private_bus,"palace cross towards [location] middle private bus off-road,  no problem to traffic",23.154083816666667
FKID003134,unplanned,pot_holes,closed,12.9544642,77.7005552,Varthur Road,Unknown,HAL Old Airport,unknown,2024-03-27 20:01:01.314000+00:00,1,3,0,3,False,High,High,none,[person] towards [location] middle potholes sir,1484.1286093333333
FKID003138,unplanned,vehicle_breakdown,closed,12.9725013,77.6196495,Old Madras Road,Unknown,Halasur,unknown,2024-03-27 21:43:25.072000+00:00,3,3,0,3,False,High,High,others,ಡೀಸೆಲ್ ಖಾಲಿ ಆಗಿದೆ,13.457770483333332
FKID003141,unplanned,vehicle_breakdown,closed,12.9879573,77.5742432,Non-corridor,Unknown,Sheshadripuram,unknown,2024-03-27 21:59:05.974000+00:00,3,3,0,3,False,Low,Low,bmtc_bus,joint rod cut,51.76279426666667
FKID003148,unplanned,vehicle_breakdown,closed,12.9276054,77.6210679,IRR(Thanisandra road),Unknown,Adugodi,unknown,2024-03-28 01:22:36.518000+00:00,6,3,0,3,False,High,High,bmtc_bus,,18.787546516666666
FKID003150,unplanned,vehicle_breakdown,closed,12.9800149,77.602535,CBD 1,Unknown,Shivajinagar,unknown,2024-03-28 01:36:14.353000+00:00,7,3,0,3,False,High,High,private_car,"car is off road in technical issues, at lady [person] road sir",44.654022250000004
FKID003152,unplanned,vehicle_breakdown,closed,12.94095523,77.696044,ORR East 1,Unknown,HAL Old Airport,unknown,2024-03-28 03:11:56.693000+00:00,8,3,0,3,False,High,High,others,this school bus offloaded due starting problem call [phone],76.91394981666667
FKID003156,unplanned,vehicle_breakdown,closed,12.9622461,77.5939491,Non-corridor,Unknown,Halasuru Gate,unknown,2024-03-28 04:03:07.193000+00:00,9,3,0,3,False,Low,Low,lcv,"ದೇವಾಂಗ jn to shanti ನಗರ jn(mission road) near signal, this vehicle is break down due battery problem, it's need to clear this 10 to 15 minutes.",16.368508033333335
FKID003157,unplanned,vehicle_breakdown,closed,12.966984,77.5949181,Mysore Road,Unknown,Halasuru Gate,unknown,2024-03-28 03:38:37.164000+00:00,9,3,0,3,False,High,High,truck,truck offroad infant of itc gardenia hotel,17.55729665
FKID003161,unplanned,others,closed,12.9852301,77.5564059,Non-corridor,Unknown,Rajajinagar,unknown,2024-03-28 04:42:49.427000+00:00,10,3,0,3,True,Low,Low,none,tire problem,51.695509916666666
FKID003164,unplanned,vehicle_breakdown,closed,13.0454067,77.5565583,ORR North 2,Unknown,Jalahalli,unknown,2024-03-28 05:42:24.856000+00:00,11,3,0,3,False,High,High,bmtc_bus,traffic no problem,23.54380595
FKID003166,unplanned,vehicle_breakdown,closed,12.92194178,77.62088254,Hosur Road,Unknown,Madiwala,unknown,2024-03-28 06:18:15.958000+00:00,11,3,0,3,False,High,High,bmtc_bus,ಮಡಿವಾಳ ಮಾರ್ಕೆಟ್ ರೋಡ್ [location] ಬಿಎಂಟಿಸಿ ಬಸ್ ವೀಲ್ ಜಾಮ್ ಆಗಿ ಅಪ್ಲೋಡ್ ಆಗಿರುತ್ತದೆ ಸರ್,65.48031155
FKID003170,unplanned,vehicle_breakdown,closed,12.9316275,77.5802615,Non-corridor,Unknown,Jayanagara,unknown,2024-03-28 07:16:35.074000+00:00,12,3,0,3,False,Low,Low,bmtc_bus,,66.91385481666667
FKID003172,unplanned,others,closed,12.9458378,77.5953888,Non-corridor,Unknown,Wilson Garden,unknown,2024-03-28 07:54:10.726000+00:00,13,3,0,3,False,Low,Low,none,single light off. i complaint to [phone] adaptive sign number. before 50 minuts but still no update,9.63680495
FKID003190,unplanned,vehicle_breakdown,closed,12.9432779,77.6977361,ORR East 1,Unknown,HAL Old Airport,unknown,2024-03-28 20:45:10.408000+00:00,2,4,0,3,False,High,High,lcv,[location] vehicle off road sir,30.901282016666666
FKID003191,unplanned,vehicle_breakdown,closed,12.9841504,77.6417045,Old Madras Road,Unknown,Jeevanbheemanagar,unknown,2024-03-28 20:44:13.827000+00:00,2,4,0,3,False,High,High,others,[person] toward kalpali,36.214431233333336
FKID003195,unplanned,vehicle_breakdown,closed,13.0294384,77.5386352,Tumkur Road,Unknown,Yeshwanthpura,unknown,2024-03-28 21:42:19.589000+00:00,3,4,0,3,False,High,High,heavy_vehicle,wheel jam aagide,49.94344546666667
FKID003198,unplanned,pot_holes,closed,12.9425141,77.7471162,Non-corridor,Unknown,Whitefield,unknown,2024-03-28 22:16:48.686000+00:00,3,4,0,3,False,Low,Low,none,,19.206614733333332
FKID003199,unplanned,tree_fall,closed,12.9882051,77.6176248,Non-corridor,Unknown,Pulikeshinagar(F.Town),unknown,2024-03-28 21:48:01.012000+00:00,3,4,0,3,True,Low,Low,none,tree fall,59.84010705
FKID003200,unplanned,vehicle_breakdown,closed,12.9137215,77.6250785,Hosur Road,Unknown,HSR Layout,unknown,2024-03-28 21:32:51.691000+00:00,3,4,0,3,False,High,High,bmtc_bus,bmtc bus break down,99.30421715000001
FKID003201,unplanned,pot_holes,closed,12.9424871,77.7470398,Non-corridor,Unknown,Whitefield,unknown,2024-03-28 22:18:23.151000+00:00,3,4,0,3,False,Low,Low,none,,17.4932504
FKID003202,unplanned,pot_holes,closed,12.9425049,77.7472962,Non-corridor,Unknown,Whitefield,unknown,2024-03-28 22:20:36.720000+00:00,3,4,0,3,False,Low,Low,none,,14.928576566666667
FKID003203,unplanned,pot_holes,closed,12.9425308,77.747149,Non-corridor,Unknown,Whitefield,unknown,2024-03-28 22:20:08.967000+00:00,3,4,0,3,False,Low,Low,none,,15.4770977
FKID003204,unplanned,pot_holes,closed,12.9424619,77.7469973,Non-corridor,Unknown,Whitefield,unknown,2024-03-28 22:19:18.959000+00:00,3,4,0,3,False,Low,Low,none,,16.411283
FKID003205,unplanned,pot_holes,closed,12.9424407,77.7470255,Non-corridor,Unknown,Whitefield,unknown,2024-03-28 22:18:48.995000+00:00,3,4,0,3,False,Low,Low,none,,16.9942509
FKID003206,unplanned,pot_holes,closed,12.9425058,77.7471265,Non-corridor,Unknown,Whitefield,unknown,2024-03-28 22:17:35.139000+00:00,3,4,0,3,False,Low,Low,none,,18.3650141
FKID003207,unplanned,pot_holes,closed,12.9424843,77.7473385,Non-corridor,Unknown,Whitefield,unknown,2024-03-28 22:21:09.538000+00:00,3,4,0,3,False,Low,Low,none,,14.3002825
FKID003209,unplanned,pot_holes,closed,12.9424784,77.7475339,Non-corridor,Unknown,Whitefield,unknown,2024-03-28 22:22:43.092000+00:00,3,4,0,3,False,Low,Low,none,,12.506670883333333
FKID003210,unplanned,pot_holes,closed,12.9425514,77.7477548,Non-corridor,Unknown,Whitefield,unknown,2024-03-28 22:22:18.479000+00:00,3,4,0,3,False,Low,Low,none,solv,13.0632383
FKID003211,unplanned,pot_holes,closed,12.9419498,77.7471295,Non-corridor,Unknown,Whitefield,unknown,2024-03-28 22:25:19.623000+00:00,3,4,0,3,False,Low,Low,none,,9.021900033333333
FKID003212,unplanned,pot_holes,closed,12.9423461,77.7471126,Non-corridor,Unknown,Whitefield,unknown,2024-03-28 22:24:36.774000+00:00,3,4,0,3,False,Low,Low,none,,9.87261625
FKID003215,unplanned,vehicle_breakdown,closed,13.0264,77.544019,Tumkur Road,Unknown,Yeshwanthpura,unknown,2024-03-28 22:22:47.576000+00:00,3,4,0,3,False,High,High,heavy_vehicle,,47.03375918333334
FKID003217,unplanned,vehicle_breakdown,closed,12.9170038,77.5843604,Non-corridor,Unknown,Jayanagara,unknown,2024-03-29 00:36:43.946000+00:00,6,4,0,3,False,Low,Low,heavy_vehicle,bharath petroleum tanker,129.54430614999998
FKID003221,unplanned,vehicle_breakdown,resolved,13.184156,77.5666322,Bellary Road 2,Unknown,Kodigehalli,unknown,2024-03-29 01:05:19.310000+00:00,6,4,0,3,False,High,High,bmtc_bus,bmtc bus  off road mall of [location] gate offocite,61.873340950000006
FKID003222,unplanned,vehicle_breakdown,closed,12.9589527,77.5744505,Non-corridor,Unknown,V.V.Puram (C.Pet),unknown,2024-03-29 01:16:45.716000+00:00,6,4,0,3,False,Low,Low,bmtc_bus,medical college k r road joint cut agi off road agide sir traffic no problem sir,30.303397416666666
FKID003223,unplanned,vehicle_breakdown,closed,13.0259938,77.544893,Tumkur Road,Unknown,Yeshwanthpura,unknown,2024-03-29 02:09:21.349000+00:00,7,4,0,3,False,High,High,private_bus,,45.28342463333333
FKID003235,unplanned,tree_fall,closed,13.0197186,77.618829,Non-corridor,Unknown,K.G. Halli,unknown,2024-03-29 06:33:22.175000+00:00,12,4,0,3,True,Low,Low,none,,5696.365478299999
FKID003236,unplanned,vehicle_breakdown,closed,12.93919495,77.69506138,ORR East 1,Unknown,HAL Old Airport,unknown,2024-03-29 06:34:03.774000+00:00,12,4,0,3,False,High,High,private_car,left side tyre blast kadubeesanahalli underpass towards devarabeesanahalli it will  be clear within 20 minutes call [phone],18.49158505
FKID003237,unplanned,tree_fall,closed,12.9821964,77.6459164,Non-corridor,Unknown,Jeevanbheemanagar,unknown,2024-03-29 06:36:02.694000+00:00,12,4,0,3,True,Low,Low,none,,123.11069673333333
FKID003238,unplanned,tree_fall,closed,13.0197506,77.65293,ORR North 1,Unknown,Banaswadi,unknown,2024-03-29 06:37:35.915000+00:00,12,4,0,3,False,High,High,none,tree fall down,27.822454966666665
FKID003240,unplanned,vehicle_breakdown,closed,13.0567941,77.5469099,Non-corridor,Unknown,Jalahalli,unknown,2024-03-29 06:38:59.481000+00:00,12,4,0,3,False,Low,Low,bmtc_bus,gangamma circle towards sahitya koota [person] bus  offload,29.09114751666667
FKID003241,unplanned,tree_fall,closed,13.004089,77.6194467,Airport New South Road,Unknown,Pulikeshinagar(F.Town),unknown,2024-03-29 06:41:06.268000+00:00,12,4,0,3,False,High,High,none,,55.80160463333333
FKID003242,unplanned,vehicle_breakdown,closed,12.9160679,77.6329851,ORR East 1,Unknown,HSR Layout,unknown,2024-03-29 06:38:27.473000+00:00,12,4,0,3,False,High,High,bmtc_bus,this bus is offroad in between 9th main and 5th main hsr due to coolent problem sir,147.82595933333332
FKID003246,unplanned,vehicle_breakdown,closed,13.014328,77.5540398,West of Chord Road,Unknown,Malleshwaram,unknown,2024-03-29 06:56:47.321000+00:00,12,4,0,3,False,High,High,heavy_vehicle,vahicle starting problem,27.245910016666667
FKID003247,unplanned,water_logging,closed,12.9951469,77.6660306,ORR North 1,Unknown,Mahadevapura,unknown,2024-03-29 06:53:57.952000+00:00,12,4,0,3,False,High,High,none,heavy rain,80.64387239999999
FKID003248,unplanned,vehicle_breakdown,closed,12.9600223,77.6477107,Old Airport Road,Unknown,Jeevanbheemanagar,unknown,2024-03-29 06:52:46.461000+00:00,12,4,0,3,False,High,High,bmtc_bus,,118.12879753333333
FKID003249,unplanned,water_logging,closed,12.9811828,77.5701397,Non-corridor,Unknown,Chamarajpet,unknown,2024-03-29 06:56:17.058000+00:00,12,4,0,3,False,Low,Low,none,,831.3955135166667
FKID003251,unplanned,water_logging,closed,12.9612667,77.63171,Non-corridor,Unknown,Halasur,unknown,2024-03-29 06:57:38.552000+00:00,12,4,0,3,False,Low,Low,none,,2397.0427186
FKID003252,unplanned,water_logging,closed,12.9634616,77.5675385,Mysore Road,Unknown,Chamarajpet,unknown,2024-03-29 06:59:48.235000+00:00,12,4,0,3,True,High,High,none,water login,6867.212884783334
FKID003259,unplanned,vehicle_breakdown,closed,12.9873868,77.4925369,Magadi Road,Unknown,Kamakshipalya,unknown,2024-03-29 07:12:01.226000+00:00,12,4,0,3,False,High,High,bmtc_bus,starting problem,32.77034728333334
FKID003260,unplanned,vehicle_breakdown,closed,12.9900932,77.5037765,Magadi Road,Unknown,Kamakshipalya,unknown,2024-03-29 07:10:14.486000+00:00,12,4,0,3,False,High,High,bmtc_bus,cluth plate cut,43.28897356666666
FKID003261,unplanned,tree_fall,closed,12.9671343,77.6078962,Mysore Road,Unknown,Ashok Nagar,unknown,2024-03-29 07:07:55.384000+00:00,12,4,0,3,True,High,High,none,,185.27675816666667
FKID003262,unplanned,water_logging,closed,12.999828,77.6868586,Non-corridor,Unknown,Mahadevapura,unknown,2024-03-29 07:12:54.102000+00:00,12,4,0,3,False,Low,Low,none,heavy rain,7171.72163575
FKID003263,unplanned,others,closed,12.9768137,77.6966098,ORR East 2,Unknown,Mahadevapura,unknown,2024-03-29 07:14:17.159000+00:00,12,4,0,3,False,High,High,none,street light poll down to road,52.82519771666667
FKID003264,unplanned,water_logging,closed,12.9541386,77.5853718,Non-corridor,Unknown,Wilson Garden,unknown,2024-03-29 07:17:05.716000+00:00,12,4,0,3,False,Low,Low,none,water logging,33.98230143333333
FKID003265,unplanned,tree_fall,closed,12.9465649,77.5974362,Non-corridor,Unknown,Wilson Garden,unknown,2024-03-29 07:23:52.412000+00:00,12,4,0,3,False,Low,Low,none,12t ಕ್ರಾಸ್ 8th ಮೇಲ್ನಲ್ಲಿಮರ ಬಿದ್ದಿದೆ,62.629011799999994
FKID003267,unplanned,tree_fall,closed,12.9998653,77.550901,West of Chord Road,Unknown,Malleshwaram,unknown,2024-03-29 07:24:11.976000+00:00,12,4,0,3,False,High,High,none,tree fall,2.361166116666667
FKID003269,unplanned,water_logging,closed,12.9642667,77.5803218,Mysore Road,Unknown,Halasuru Gate,unknown,2024-03-29 07:17:32.896000+00:00,12,4,0,3,False,High,High,none,[location],841.5602696333333
FKID003270,unplanned,water_logging,closed,12.9561953,77.5921601,Non-corridor,Unknown,Wilson Garden,unknown,2024-03-29 07:18:14.022000+00:00,12,4,0,3,False,Low,Low,none,[location] near [location] to 4th cross skywalk waterlogging moment slow,31.003522133333334
FKID003271,unplanned,tree_fall,closed,12.96147,77.5842333,Mysore Road,Unknown,Halasuru Gate,unknown,2024-03-29 07:17:15.449000+00:00,12,4,0,3,True,High,High,none,[person] to poornima junction,2161.8970669833334
FKID003272,unplanned,water_logging,closed,12.968377,77.5747477,Non-corridor,Unknown,Chamarajpet,unknown,2024-03-29 07:19:13.236000+00:00,12,4,0,3,True,Low,Low,none,water logging road close sir,6522.521589333333
FKID003273,unplanned,water_logging,closed,12.955158,77.591999,Non-corridor,Unknown,Wilson Garden,unknown,2024-03-29 07:25:30.507000+00:00,12,4,0,3,False,Low,Low,none,,0.9927395166666667
FKID003274,unplanned,water_logging,closed,12.955158,77.591999,Non-corridor,Unknown,Wilson Garden,unknown,2024-03-29 07:25:30.507000+00:00,12,4,0,3,False,Low,Low,none,,70.98094761666667
FKID003278,unplanned,congestion,closed,12.9622836,77.5937712,Non-corridor,Unknown,Halasuru Gate,unknown,2024-03-29 07:26:12.353000+00:00,12,4,0,3,False,Low,Low,none,water loging at mission road subbayya circle towards [location] junction,1.9894772
FKID003281,unplanned,water_logging,closed,12.9410827,77.5799627,Non-corridor,Unknown,Basavanagudi,unknown,2024-03-29 07:34:09.997000+00:00,13,4,0,3,False,Low,Low,none,,846.7670525833333
FKID003284,unplanned,congestion,closed,12.9622836,77.5937712,Non-corridor,Unknown,Halasuru Gate,unknown,2024-03-29 07:26:12.353000+00:00,12,4,0,3,False,Low,Low,none,water loging at mission road subbayya circle towards [location] junction,125.9162801
FKID003285,unplanned,vehicle_breakdown,closed,13.0208962,77.7111378,Non-corridor,Unknown,K.R. Pura,unknown,2024-03-29 08:48:47.039000+00:00,14,4,0,3,False,Low,Low,others,medahalli towards battarahalli accel cut [location] traffic no problem sir,108.5029804
FKID003288,unplanned,vehicle_breakdown,closed,12.9945937,77.5851751,Bellary Road 1,Unknown,High ground,unknown,2024-03-29 08:40:48.540000+00:00,14,4,0,3,False,High,High,private_car,incoming side [person] towards bo2,27.2819623
FKID003290,unplanned,water_logging,closed,13.0101155,77.6976101,Non-corridor,Unknown,K.R. Pura,unknown,2024-03-29 11:38:47.131000+00:00,17,4,0,3,False,Low,Low,none,water logging near grt traffic slow movement,81.68219065
FKID003292,unplanned,accident,closed,12.8928009,77.4796977,Non-corridor,Unknown,Kengeri,unknown,2024-03-29 13:47:17.836000+00:00,19,4,0,3,True,Low,Low,none,lorry accident,28.093455249999998
FKID003301,unplanned,vehicle_breakdown,closed,12.9563631,77.5773428,Non-corridor,Unknown,City Market,unknown,2024-03-29 19:34:16.124000+00:00,1,5,1,3,False,Low,Low,bmtc_bus,bmtc bus joint cut agi off road agide sir traffic one side movement [location] ide sir,23.377118366666664
FKID003303,unplanned,construction,closed,12.96877944,77.70122799,ORR East 2,Unknown,HAL Old Airport,unknown,2024-03-29 19:58:19.196000+00:00,1,5,1,3,False,High,High,none,[location] construction sir,397.89829058333333
FKID003304,unplanned,road_conditions,closed,12.9612896,77.5866306,Mysore Road,Unknown,Halasuru Gate,unknown,2024-03-29 18:49:11.953000+00:00,0,5,1,3,True,High,High,none,road collapse due to rain,3223.2303516666666
FKID003305,unplanned,road_conditions,closed,12.9845977,77.5879019,Bellary Road 1,Unknown,High ground,unknown,2024-03-29 19:29:15.838000+00:00,0,5,1,3,False,High,High,none,man hole open traffic slow movement,7791.301535483333
FKID003306,unplanned,vehicle_breakdown,closed,12.9793531,77.5854569,Non-corridor,Unknown,Cubbon Park,unknown,2024-03-29 19:57:25.759000+00:00,1,5,1,3,False,Low,Low,heavy_vehicle,one side traffic moving,57.63663505
FKID003310,unplanned,accident,closed,13.0179142,77.5594838,Tumkur Road,Unknown,Yeshwanthpura,unknown,2024-03-29 20:46:31.131000+00:00,2,5,1,3,False,High,High,none,near [location],62.21196405
FKID003311,unplanned,tree_fall,closed,12.9678065,77.6529808,Non-corridor,Unknown,Jeevanbheemanagar,unknown,2024-03-29 20:41:42.652000+00:00,2,5,1,3,False,Low,Low,none,bbmp forest department information remove sir,486.97046405000003
FKID003316,unplanned,vehicle_breakdown,closed,12.9292202,77.6152975,Hosur Road,Unknown,Madiwala,unknown,2024-03-29 21:00:27.474000+00:00,2,5,1,3,False,High,High,private_bus,"vehicle battery burst,vehicle offroad. in sp road juction traffic slow movement sir",46.13815655
FKID003323,unplanned,others,resolved,12.9463182,77.6025017,Non-corridor,Unknown,Adugodi,unknown,2024-03-29 21:45:41.038000+00:00,3,5,1,3,False,Low,Low,none,kmf vehicle park in  mainroad no driver traffic movement slow in bg road near [location] sir 🙏,57.6405702
FKID003325,unplanned,vehicle_breakdown,closed,12.9869407,77.5888485,Bellary Road 1,Unknown,High ground,unknown,2024-03-29 21:37:46.512000+00:00,3,5,1,3,False,High,High,taxi,,115.88590868333334
FKID003326,unplanned,vehicle_breakdown,closed,13.0205131,77.552269,Tumkur Road,Unknown,Yeshwanthpura,unknown,2024-03-29 21:56:00.962000+00:00,3,5,1,3,False,High,High,heavy_vehicle,,105.8915411
FKID003328,unplanned,tree_fall,closed,13.0015752,77.6121596,Non-corridor,Unknown,Pulikeshinagar(F.Town),unknown,2024-03-29 22:34:59.910000+00:00,4,5,1,3,False,Low,Low,none,,40.36682893333333
FKID003341,unplanned,tree_fall,closed,13.0010026,77.6122223,Non-corridor,Unknown,Pulikeshinagar(F.Town),unknown,2024-03-29 22:45:45.594000+00:00,4,5,1,3,True,Low,Low,none,tree fall,29.77319076666667
FKID003342,unplanned,vehicle_breakdown,closed,12.9860425,77.5895725,Bellary Road 1,Unknown,High ground,unknown,2024-03-29 23:29:34.880000+00:00,4,5,1,3,False,High,High,ksrtc_bus,lrde ಜಂಕ್ಷನ್ ಹತ್ತಿರ ksrtc bus off road agiddu ಸೈಡಿಗೆ ಹಚ್ಚಿರುತ್ತೇನೆ ಟ್ರಾಫಿ ಗೆ ಏನು ಸಮಸ್ಯೆ ಇರುವುದಿಲ್ಲ,10.81146455
FKID003343,unplanned,vehicle_breakdown,closed,12.9380883,77.5986283,Bannerghata Road,Unknown,Wilson Garden,unknown,2024-03-29 23:12:38.455000+00:00,4,5,1,3,False,High,High,bmtc_bus,battery problem,79.09793438333332
FKID003344,unplanned,vehicle_breakdown,closed,12.9240195,77.5534081,ORR West 1,Unknown,Banashankari,unknown,2024-03-30 00:13:23.167000+00:00,5,5,1,3,False,High,High,lcv,kamakya depo opposite,15.052173633333332
FKID003346,unplanned,pot_holes,closed,12.9714742,77.6193579,Old Madras Road,Unknown,Halasur,unknown,2024-03-29 23:22:21.575000+00:00,4,5,1,3,False,High,High,none,rm road junction  traffic normal moment,9236.96378575
FKID003358,unplanned,vehicle_breakdown,closed,12.97276155,77.69877413,ORR East 2,Unknown,HAL Old Airport,unknown,2024-03-30 02:08:44.629000+00:00,7,5,1,3,False,High,High,others,[person],27.418236333333333
FKID003361,unplanned,vehicle_breakdown,closed,12.9270796,77.6791784,ORR East 1,Unknown,Bellandur,unknown,2024-03-30 03:08:34.493000+00:00,8,5,1,3,False,High,High,heavy_vehicle,bbmp vehicle is off road near ecospace upper ramp towards iblure junction sir traffic slow movement sir,30.649880516666666
FKID003363,unplanned,vehicle_breakdown,closed,12.9574414,77.503195,Non-corridor,Unknown,Jnanabharathi,unknown,2024-03-30 04:35:01.848000+00:00,10,5,1,3,True,Low,Low,private_bus,,50.121874866666666
FKID003364,unplanned,vehicle_breakdown,closed,12.9757515,77.5621464,Magadi Road,Unknown,Magadi Road,unknown,2024-03-30 04:55:04.618000+00:00,10,5,1,3,False,High,High,others,tata ace tyre puncture,60.88455116666667
FKID003365,unplanned,vehicle_breakdown,closed,13.0269771,77.6204275,Non-corridor,Unknown,K.G. Halli,unknown,2024-03-30 04:48:03.046000+00:00,10,5,1,3,False,Low,Low,bmtc_bus,,32.11716358333334
FKID003366,unplanned,vehicle_breakdown,closed,12.9841489,77.6490274,Old Madras Road,Unknown,Jeevanbheemanagar,unknown,2024-03-30 05:10:01.534000+00:00,10,5,1,3,False,High,High,bmtc_bus,bmtc bus breakdown at [location] towards [location],18.52816173333333
FKID003367,unplanned,others,closed,13.0365821,77.5893887,Bellary Road 1,Unknown,Kodigehalli,unknown,2024-03-30 05:05:43.070000+00:00,10,5,1,3,False,High,High,none,battery down sir,1273.2366011333334
FKID003368,unplanned,vehicle_breakdown,closed,12.9801396,77.6139775,Non-corridor,Unknown,Shivajinagar,unknown,2024-03-30 05:22:56.878000+00:00,10,5,1,3,False,Low,Low,others,ಆರ್ ಬಿ ಎಂ ಎಂ ಎಸ್ ಗ್ರೌಂಡ್ ಇಂದ ದೋಬಿ ಘಾಟ್ ಕಡೆಗೆ ಈ ವಾಹನವು ಅಪ್ಲೋಡ್ ಆಗಿರುತ್ತೆ ಸಂಚಾರಕ್ಕೆ ಯಾವುದೇ ತೊಂದರೆ ಇರುವುದಿಲ್ಲ,40.622727166666664
FKID003378,unplanned,vehicle_breakdown,closed,12.92182185,77.62106024,Hosur Road,Unknown,Madiwala,unknown,2024-03-30 05:17:52.962000+00:00,10,5,1,3,False,High,High,private_bus,"ಡಿ ಎಲ್ [person] ಮುಂಬಾಗ ಟುವರ್ಡ್ ಎಂ ಪಿ ಎಸ್ ಕಡೆಗೆ ಬ್ರೇಕ್ ಕಟ್ ಆಗಿ ಅಪ್ಲೋಡ್ ಆಗಿರುತ್ತೆ, ಸರ್ ಮೆಕಾನಿಕ್ ಬರುತ್ತಿದ್ದು 30 ನಿಮಿಷದಲ್ಲಿ ಕ್ಲಿಯರ್ ಆಗುತ್ತೆ ಸರ್ ಟ್ರಾಫಿಕ್ ನಾರ್ಮಲ್ ಮೊಮೆಂಟ್ ಇರುತ್ತೆ ಸರ್",107.0100683
FKID003387,unplanned,vehicle_breakdown,closed,12.9292336,77.564136,Non-corridor,Unknown,Banashankari,unknown,2024-03-30 08:32:43.489000+00:00,14,5,1,3,False,Low,Low,bmtc_bus,vehicle breakdown due to staring jam informed to mechanic traffic normal sir,45.149276816666664
FKID003391,unplanned,tree_fall,closed,13.0390583,77.5627367,Non-corridor,Unknown,Sadashivanagar,unknown,2024-03-30 17:40:41.169000+00:00,23,5,1,3,True,Low,Low,none,,107.3134921
FKID003394,unplanned,vehicle_breakdown,closed,12.9517469,77.5902794,Non-corridor,Unknown,Wilson Garden,unknown,2024-03-30 19:34:10.996000+00:00,1,6,1,3,False,Low,Low,heavy_vehicle,ಲಾರಿ ಹಿಂಬದಿಯ ಎರಡು ಟೈರ್ ಗಳು ಒಡೆದು ಹೋಗಿದ್ದು ವಾಹನವನ್ನು ಖಾಲಿ ಜಾಗದಲ್ಲಿ ಎಡಗಡೆಗೆ ಹಾಕಿಸಿದ್ದೇನೆ ಸರ್ ಆದಷ್ಟು ಬೇಗ ರೆಡಿ ಮಾಡಿಕೊಂಡು ಹೋಗುವುದಾಗಿ ಚಾಲಕ ತಿಳಿಸಿರುತ್ತಾನೆ ಸರ್ 🙏,6.343955466666667
FKID003395,unplanned,vehicle_breakdown,closed,12.9531369,77.5417503,Mysore Road,Unknown,Byatarayanapura,unknown,2024-03-30 19:50:06.071000+00:00,1,6,1,3,False,High,High,private_bus,,97.06916886666666
FKID003396,unplanned,pot_holes,closed,12.9054626,77.5850476,ORR West 1,Unknown,J.P. Nagar,unknown,2024-03-30 20:56:48.487000+00:00,2,6,1,3,False,High,High,none,,109.25430580000001
FKID003401,unplanned,vehicle_breakdown,closed,12.9414237,77.5975231,Non-corridor,Unknown,Wilson Garden,unknown,2024-03-30 21:38:31.245000+00:00,3,6,1,3,True,Low,Low,others,break down agide,16.730086149999998
FKID003402,unplanned,vehicle_breakdown,closed,13.0002572,77.6109204,Non-corridor,Unknown,Pulikeshinagar(F.Town),unknown,2024-03-30 20:53:51.926000+00:00,2,6,1,3,False,Low,Low,bmtc_bus,[person]tannery road),109.45861035
FKID003405,unplanned,tree_fall,closed,13.000017,77.5516663,West of Chord Road,Unknown,Malleshwaram,unknown,2024-03-30 21:37:36.724000+00:00,3,6,1,3,False,High,High,none,informed bbmp sir traffic no problem sir,3476.3552569333333
FKID003412,unplanned,pot_holes,closed,12.98109,77.5703733,Non-corridor,Unknown,Chamarajpet,unknown,2024-03-30 22:11:14.744000+00:00,3,6,1,3,False,Low,Low,none,khody under pass hattira road bad condition vehicle slow moving,4871.568496116667
FKID003414,unplanned,vehicle_breakdown,closed,13.01853031,77.557799,Tumkur Road,Unknown,Yeshwanthpura,unknown,2024-03-30 23:26:18.189000+00:00,4,6,1,3,False,High,High,bmtc_bus,due to cluch problem sir,2.0504059
FKID003416,unplanned,vehicle_breakdown,closed,12.9459064,77.5955084,Non-corridor,Unknown,Wilson Garden,unknown,2024-03-30 22:27:59.808000+00:00,3,6,1,3,False,Low,Low,lcv,,19.155355633333333
FKID003429,unplanned,vehicle_breakdown,closed,12.9240089,77.6184611,Hosur Road,Unknown,Madiwala,unknown,2024-03-31 01:48:48.072000+00:00,7,6,1,3,False,High,High,private_bus,ayyappa under pass nalli bus offload [location] to mps traffic moment slow iruttade sir,22.957331716666665
FKID003430,unplanned,others,closed,13.0390679,77.589309,Bellary Road 1,Unknown,Kodigehalli,unknown,2024-03-31 02:19:00.125000+00:00,7,6,1,3,False,High,High,none,puncture,21.594104683333335
FKID003436,unplanned,vehicle_breakdown,closed,13.0102318,77.6974368,Non-corridor,Unknown,K.R. Pura,unknown,2024-03-31 02:25:53.854000+00:00,7,6,1,3,False,Low,Low,private_bus,starting problem sir,123.76114394999999
FKID003439,unplanned,vehicle_breakdown,closed,13.003447,77.7570511,Non-corridor,Unknown,Mahadevapura,unknown,2024-03-31 02:24:11.328000+00:00,7,6,1,3,False,Low,Low,heavy_vehicle,tipper off road at belathur signal slow moving traffic towards seegehalli,12.062376916666667
FKID003440,unplanned,vehicle_breakdown,closed,13.0143227,77.7004163,Non-corridor,Unknown,K.R. Pura,unknown,2024-03-31 01:02:55.990000+00:00,6,6,1,3,False,Low,Low,lcv,vehicle rloffroad,110.94811854999999
FKID003442,unplanned,vehicle_breakdown,closed,12.9996339,77.5843205,Bellary Road 1,Unknown,Sadashivanagar,unknown,2024-03-31 03:09:42.295000+00:00,8,6,1,3,False,High,High,ksrtc_bus,vehicle breakdown,19.97699008333333
FKID003443,unplanned,vehicle_breakdown,closed,13.0217837,77.5326429,Non-corridor,Unknown,Rajajinagar,unknown,2024-03-31 03:13:05.185000+00:00,8,6,1,3,False,Low,Low,truck,,33.289917816666666
FKID003444,unplanned,vehicle_breakdown,closed,13.016874,77.5609665,Tumkur Road,Unknown,Yeshwanthpura,unknown,2024-03-31 03:54:47.986000+00:00,9,6,1,3,False,High,High,bmtc_bus,"k08 towards [location], one side movement traffic normal",86.64108061666667
FKID003445,unplanned,vehicle_breakdown,closed,12.9943026,77.757433,Non-corridor,Unknown,Mahadevapura,unknown,2024-03-31 04:19:14.260000+00:00,9,6,1,3,False,Low,Low,heavy_vehicle,slow moving traffic bridge towards [location],4.059924333333333
FKID003446,unplanned,pot_holes,resolved,12.8415683,77.644615,Non-corridor,Unknown,Electronic City,unknown,2024-03-31 04:18:43.684000+00:00,9,6,1,3,False,Low,Low,none,ದೊಡ್ಡದಾದ ರಸ್ತೆಗುಂಡಿ ಬಿದ್ದಿದ್ದು ಸಂಚಾರವು ನಿಧಾನಗತಿಯಲ್ಲಿ ಸಾಗುತ್ತಿರುತ್ತದೆ ಸರ್,3975.1130913166667
FKID003451,unplanned,vehicle_breakdown,closed,12.9699546,77.4967523,Non-corridor,Unknown,Jnanabharathi,unknown,2024-03-31 06:40:30.789000+00:00,12,6,1,3,True,Low,Low,bmtc_bus,not moving up road,8.768508033333335
FKID003452,unplanned,others,closed,12.9604985,77.5041501,Non-corridor,Unknown,Jnanabharathi,unknown,2024-03-31 06:13:46.075000+00:00,11,6,1,3,False,Low,Low,none,bmtc electrical bus off-road at [location] cause of starting problem sir,101.6763598
FKID003454,unplanned,pot_holes,closed,12.9469274,77.5691881,Non-corridor,Unknown,Basavanagudi,unknown,2024-03-31 04:44:47.007000+00:00,10,6,1,3,False,Low,Low,none,,5814.187975433333
FKID003456,unplanned,tree_fall,closed,13.0289757,77.5586268,Non-corridor,Unknown,Yeshwanthpura,unknown,2024-03-31 07:02:26.554000+00:00,12,6,1,3,False,Low,Low,none,,8425.193067016668
FKID003458,unplanned,vehicle_breakdown,closed,12.9592717,77.6556783,Old Airport Road,Unknown,Jeevanbheemanagar,unknown,2024-03-31 07:03:21.342000+00:00,12,6,1,3,False,High,High,bmtc_bus,starting problem,122.7237518
FKID003459,unplanned,vehicle_breakdown,closed,12.9570521,77.5742822,Non-corridor,Unknown,V.V.Puram (C.Pet),unknown,2024-03-31 07:09:39.878000+00:00,12,6,1,3,False,Low,Low,bmtc_bus,bus puncher traffic no problem sir,90.95861588333334
FKID003468,unplanned,vehicle_breakdown,closed,12.9921469,77.5853902,Bellary Road 1,Unknown,High ground,unknown,2024-03-31 19:17:43.540000+00:00,0,0,0,4,False,High,High,lcv,"back wheel puncher,b10 under pass towards [location] sir",24.24073986666667
FKID003469,unplanned,vehicle_breakdown,closed,13.0397501,77.5435557,ORR North 2,Unknown,Jalahalli,unknown,2024-03-31 20:54:47.820000+00:00,2,0,0,4,False,High,High,others,vehicle off-road,41.59923455
FKID003476,unplanned,vehicle_breakdown,closed,12.958377,77.5550049,Mysore Road,Unknown,Chamarajpet,unknown,2024-03-31 22:19:42.475000+00:00,3,0,0,4,False,High,High,heavy_vehicle,"vehicle starting problem ,vehicle on one side of the road  traffic no problem",18.0877439
FKID003484,unplanned,others,closed,12.9702655,77.6411052,IRR(Thanisandra road),Unknown,Jeevanbheemanagar,unknown,2024-04-01 01:44:47.858000+00:00,7,0,0,4,False,High,High,none,12 th main 100 feet towards 6th main 100 feet road,65.08393731666666
FKID003485,unplanned,construction,closed,12.9363582,77.703834,Non-corridor,Unknown,HAL Old Airport,unknown,2024-04-01 01:56:08.827000+00:00,7,0,0,4,False,Low,Low,none,bhoganahalli junction sir drainage work sir,2963.87893805
FKID003486,unplanned,vehicle_breakdown,closed,12.9781425,77.5648766,Magadi Road,Unknown,Magadi Road,unknown,2024-04-01 03:06:18.897000+00:00,8,0,0,4,False,High,High,bmtc_bus,engine problem,15.24906015
FKID003490,unplanned,vehicle_breakdown,closed,12.9457522,77.5956883,Non-corridor,Unknown,Wilson Garden,unknown,2024-04-01 03:23:13.620000+00:00,8,0,0,4,False,Low,Low,bmtc_bus,ಬಸ್ ನ ಹಿಂಬದಿ ಒಳಗಿನಿಂದ ಹೊಗೆ ಬರುತ್ತಿರುತ್ತದೆ,131.94412271666667
FKID003493,unplanned,others,closed,13.0278942,77.5418886,Tumkur Road,Unknown,Yeshwanthpura,unknown,2024-04-01 05:25:38.906000+00:00,10,0,0,4,False,High,High,none,trqffic movement normal,92.57581136666666
FKID003497,unplanned,accident,closed,13.1061381,77.600163,Bellary Road 2,Unknown,Yelahanka,unknown,2024-04-01 08:43:56.797000+00:00,14,0,0,4,False,High,High,none,chain accident at kogilu cross on flyover towards city only vehicle damge sir traffic slow moment sir,111.00052843333333
FKID003499,unplanned,vehicle_breakdown,closed,13.0427386,77.5506686,ORR North 2,Unknown,Jalahalli,unknown,2024-04-01 18:28:41.937000+00:00,23,0,0,4,False,High,High,heavy_vehicle,gare problem,75.40505538333333
FKID003500,unplanned,vehicle_breakdown,closed,13.0102333,77.6975197,Non-corridor,Unknown,K.R. Pura,unknown,2024-04-01 18:53:03.655000+00:00,0,1,0,4,False,Low,Low,lcv,vehicle slow moment,68.49113005
FKID003501,unplanned,others,closed,13.0069151,77.5838779,Bellary Road 1,Unknown,Sadashivanagar,unknown,2024-04-01 18:12:43.713000+00:00,23,0,0,4,False,High,High,none,due to fuel empty sir,2439.674774333333
FKID003505,unplanned,vehicle_breakdown,closed,12.9591144,77.6574092,Old Airport Road,Unknown,Jeevanbheemanagar,unknown,2024-04-01 21:00:57.436000+00:00,2,1,0,4,False,High,High,bmtc_bus,,74.84090605
FKID003507,unplanned,others,closed,12.9458182,77.5953985,Non-corridor,Unknown,Wilson Garden,unknown,2024-04-01 20:59:08.727000+00:00,2,1,0,4,False,Low,Low,none,ಈ ವಾಹನ ಪಂಚರ್ ಆಗಿದ್ದು ರಸ್ತೆ ಪಕ್ಕಕ್ಕೆ ನಿಲ್ಲಿಸಲಾಗಿದ್ದು ವಾಹನ ಓಡಾಟಕ್ಕೆ [person] ಇರುವುದಿಲ್ಲ ಅರ್ದ ಗಂಟೆಯೊಳಗೆ ರೆಡಿಮಾಡಿಕೊಂಡು ಹೊಗುವದಾಗಿ ಚಾಲಕ ತಿಳಿಸಿರುತ್ತಾನೆ ಸರ್,235.79430155
FKID003511,unplanned,vehicle_breakdown,closed,12.9153846,77.6384335,ORR East 1,Unknown,HSR Layout,unknown,2024-04-01 19:43:56.956000+00:00,1,1,0,4,False,High,High,lcv,14 ಮೈನ್ ಜಂಕ್ಷನ್ ಹತ್ತಿರ ಎಚ್‌ಪಿ ಪೆಟ್ರೋಲ್ ಬಂಕ್ ಅಪೋಸಿಟ್ ಬ್ಯಾಟರಿ ಡೌನ್ ಆಗಿ ಅಪ್ರೋಡಾಗಿದ್ದು ಇನ್ನೂ 20 ಮಿನಿಟಲ್ಲಿ ಮೆಕ್ಯಾನಿಕ್ ಕರೆಸಿ ರಿಮೂವ್ ಮಾಡಿಸುತ್ತೇವೆ ಸಂಚಾರಕ್ಕೆ ಅಡಚಣೆ ಇರುವುದಿಲ್ಲ ಹಾಗೂ ವೆಹಿಕಲ್ ಸೈಡ್ ನಲ್ಲಿ ಇರುತ್ತದೆ,145.02591746666667
FKID003518,unplanned,vehicle_breakdown,closed,12.9592974,77.6546997,Old Airport Road,Unknown,Jeevanbheemanagar,unknown,2024-04-02 00:25:28.394000+00:00,5,1,0,4,True,High,High,bmtc_bus,,14.23674055
FKID003531,unplanned,vehicle_breakdown,closed,12.9974507,77.6698174,ORR North 1,Unknown,Banaswadi,unknown,2024-04-02 02:10:08.003000+00:00,7,1,0,4,False,High,High,truck,off road [location] iti sir battery problem not started sir,37.87514003333333
FKID003535,unplanned,vehicle_breakdown,closed,13.0092094,77.5838479,Bellary Road 1,Unknown,Sadashivanagar,unknown,2024-04-02 05:13:16.714000+00:00,10,1,0,4,False,High,High,others,"good evening sir 
this bbmp vehicle off-road due to damage at clutch loading at in between gate no 3 and gate no 4 city incoming side
vehicle at left side n no problem for traffic moment n removed within half an hour",136.31685245
FKID003538,unplanned,others,closed,13.0418068,77.5477057,ORR North 2,Unknown,Jalahalli,unknown,2024-04-02 05:00:50.267000+00:00,10,1,0,4,False,High,High,none,mes road towards gg palya bbmp vehicle,30.405308533333333
FKID003540,unplanned,water_logging,closed,12.8999213,77.6010062,Bannerghata Road,Unknown,Mico Layout,unknown,2024-04-02 05:43:22.781000+00:00,11,1,0,4,False,High,High,none,infrontof [person] water logging sir,2414.280303016667
FKID003542,unplanned,vehicle_breakdown,closed,12.9679885,77.5882273,Mysore Road,Unknown,Halasuru Gate,unknown,2024-04-02 06:12:04.412000+00:00,11,1,0,4,False,High,High,bmtc_bus,houdson bus stop,40.551200216666665
FKID003544,unplanned,vehicle_breakdown,closed,12.9151685,77.5998241,Bannerghata Road,Unknown,Mico Layout,unknown,2024-04-02 06:38:45.177000+00:00,12,1,0,4,False,High,High,private_car,private car is off road gpalya to [person] due to catch failure no problem for traffic towing vehicle is on the way sir,37.75064423333333
FKID003545,unplanned,vehicle_breakdown,closed,12.9902665,77.5853871,Bellary Road 1,Unknown,High ground,unknown,2024-04-02 06:49:30.630000+00:00,12,1,0,4,False,High,High,others,old high ground towards b02 sir traffic are slow moment sir,79.2974488
FKID003552,unplanned,vehicle_breakdown,closed,12.9666084,77.5739023,Mysore Road,Unknown,Chamarajpet,unknown,2024-04-02 07:32:27.344000+00:00,13,1,0,4,False,High,High,heavy_vehicle,,35.1868439
FKID003554,unplanned,vehicle_breakdown,closed,12.9698153,77.5873976,Mysore Road,Unknown,Halasuru Gate,unknown,2024-04-02 08:58:07.976000+00:00,14,1,0,4,False,High,High,private_car,[person],70.84477651666666
FKID003562,unplanned,vehicle_breakdown,closed,12.91263873,77.48523704,Mysore Road,Unknown,Kengeri,unknown,2024-04-02 19:01:52.706000+00:00,0,2,0,4,False,High,High,truck,,38.20066928333333
FKID003564,unplanned,others,closed,13.1505659,77.6197236,Bellary Road 2,Unknown,Chikkajala,unknown,2024-04-02 20:45:04.081000+00:00,2,2,0,4,False,High,High,none,ನಮಸ್ತೆ ಸರ್ ಮಹಾವೀರ ಅಪಾರ್ಟ್ಮೆಂಟ್ ಹತ್ತಿರ ಟುವರ್ಡ್ಸ್ ಏರ್ಪೋರ್ಟ್ ಕಡೆ ಟಿಪ್ಪರ್ ಲಾರಿಯ ಇದ್ದಂತ ಸಗಣಿ ರೋಡ್ ತುಂಬ ಚೆಲ್ಲಿ ಅಪ್ಲೋಡ್ ಆಗಿರುತ್ತದೆ ಸಂಚಾರ [location],241.04827926666667
FKID003565,unplanned,vehicle_breakdown,closed,12.9568266,77.702037,Varthur Road,Unknown,HAL Old Airport,unknown,2024-04-02 19:51:57.701000+00:00,1,2,0,4,False,High,High,others,kundalahalli towards city,46.857148433333336
FKID003567,unplanned,vehicle_breakdown,closed,12.9575781,77.5861908,Non-corridor,Unknown,Wilson Garden,unknown,2024-04-02 20:24:24.222000+00:00,1,2,0,4,False,Low,Low,heavy_vehicle,,64.38512095
FKID003569,unplanned,tree_fall,closed,13.0264,77.544019,Tumkur Road,Unknown,Yeshwanthpura,unknown,2024-04-02 20:54:32.794000+00:00,2,2,0,4,False,High,High,none,,625.2399286
FKID003576,unplanned,vehicle_breakdown,closed,13.02041435,77.58404933,Bellary Road 1,Unknown,Sadashivanagar,unknown,2024-04-02 22:57:39.308000+00:00,4,2,0,4,False,High,High,private_car,innova private car off road due to starting problem near hmt bhavana (incoming side )  traffic no problem sir,15.27002655
FKID003580,unplanned,vehicle_breakdown,closed,12.9735078,77.6144939,Old Madras Road,Unknown,Halasur,unknown,2024-04-03 00:03:42.292000+00:00,5,2,0,4,False,High,High,private_car,,58.26014678333333
FKID003581,unplanned,vehicle_breakdown,closed,12.9734934,77.6143989,Old Madras Road,Unknown,Halasur,unknown,2024-04-03 00:27:18.234000+00:00,5,2,0,4,False,High,High,private_car,22 towards 21 junction..wheels are jam,34.93423536666667
FKID003587,unplanned,vehicle_breakdown,closed,13.0180242,77.5586509,Tumkur Road,Unknown,Yeshwanthpura,unknown,2024-04-03 01:57:01.824000+00:00,7,2,0,4,False,High,High,bmtc_bus,"k08 towards [location], one side movement",59.305708083333336
FKID003592,unplanned,vehicle_breakdown,closed,12.9338744,77.6899073,ORR East 1,Unknown,HAL Old Airport,unknown,2024-04-03 03:20:01.908000+00:00,8,2,0,4,False,High,High,lcv,wellsforgo service rd towards jp morgan one tata ac vehicle off road sir traffic no problem sir,110.08692461666666
FKID003594,unplanned,vehicle_breakdown,closed,12.9726633,77.5947383,Mysore Road,Unknown,Cubbon Park,unknown,2024-04-03 03:31:30.763000+00:00,9,2,0,4,False,High,High,heavy_vehicle,queens junction to [location] near [location] hotels,115.65848086666666
FKID003595,unplanned,vehicle_breakdown,closed,12.91698635,77.67344311,Non-corridor,Unknown,Bellandur,unknown,2024-04-03 03:38:44.805000+00:00,9,2,0,4,False,Low,Low,others,[location] sir,11.757047016666666
FKID003596,unplanned,vehicle_breakdown,closed,12.9645696,77.57401,Mysore Road,Unknown,City Market,unknown,2024-04-03 04:59:48.351000+00:00,10,2,0,4,False,High,High,heavy_vehicle,,41.90043643333333
FKID003599,unplanned,others,closed,12.9714236,77.5979847,Non-corridor,Unknown,Cubbon Park,unknown,2024-04-03 05:08:10.357000+00:00,10,2,0,4,False,Low,Low,none,water chamber has been broken and water is flowing on road... near [location] junction no problem to traffic movement.,48.774039916666666
FKID003600,unplanned,vehicle_breakdown,closed,12.9341239,77.6299902,Non-corridor,Unknown,Adugodi,unknown,2024-04-03 05:13:42.275000+00:00,10,2,0,4,False,Low,Low,private_car,,61.62912321666667
FKID003604,unplanned,vehicle_breakdown,closed,13.014139,77.5837383,Bellary Road 1,Unknown,Sadashivanagar,unknown,2024-04-03 05:50:02.058000+00:00,11,2,0,4,False,High,High,others,vehicle breakdown due to tyre [person],165.32164101666666
FKID003607,unplanned,vehicle_breakdown,closed,13.0287725,77.540212,Tumkur Road,Unknown,Yeshwanthpura,unknown,2024-04-03 06:34:08.261000+00:00,12,2,0,4,False,High,High,private_car,car off road in [location] no problem sir,36.63884388333334
FKID003612,unplanned,water_logging,closed,12.9952874,77.6664068,ORR North 1,Unknown,Mahadevapura,unknown,2024-04-03 06:44:43.770000+00:00,12,2,0,4,False,High,High,none,rain,4332.938050933333
FKID003616,unplanned,water_logging,closed,12.9962646,77.5846917,Bellary Road 1,Unknown,High ground,unknown,2024-04-03 06:52:50.391000+00:00,12,2,0,4,False,High,High,none,water logging rp road jn towards pg halli,166.96345176666668
FKID003617,unplanned,water_logging,closed,12.9937741,77.5957802,Non-corridor,Unknown,High ground,unknown,2024-04-03 06:47:28.920000+00:00,12,2,0,4,False,Low,Low,none,old udaya tv towerds [location] road contonment railway under bridge water logging traffic slow moving,200.69236025
FKID003618,unplanned,tree_fall,closed,13.0427175,77.6122126,ORR North 1,Unknown,Hebbala,unknown,2024-04-03 07:06:03.851000+00:00,12,2,0,4,True,High,High,none,[person],91.21919121666666
FKID003620,unplanned,tree_fall,closed,13.0283454,77.5792081,Non-corridor,Unknown,Kodigehalli,unknown,2024-04-03 07:11:23.135000+00:00,12,2,0,4,True,Low,Low,none,[person] main road,925.7372646833334
FKID003621,unplanned,water_logging,closed,13.1090517,77.580184,Non-corridor,Unknown,Yelahanka,unknown,2024-04-03 07:09:54.594000+00:00,12,2,0,4,False,Low,Low,none,puttenahall depo water logging sir,1006.1655060333334
FKID003622,unplanned,tree_fall,closed,13.04319605,77.60986939,ORR North 1,Unknown,Hebbala,unknown,2024-04-03 07:07:47.556000+00:00,12,2,0,4,True,High,High,none,,1460.2014964666666
FKID003624,unplanned,water_logging,closed,13.04625027,77.591725,Bellary Road 1,Unknown,Hebbala,unknown,2024-04-03 07:12:10.845000+00:00,12,2,0,4,False,High,High,none,,47.057578199999995
FKID003625,unplanned,water_logging,closed,13.0272956,77.5421344,Tumkur Road,Unknown,Yeshwanthpura,unknown,2024-04-03 07:18:03.945000+00:00,12,2,0,4,False,High,High,none,,290.6539000166667
FKID003628,unplanned,others,closed,13.115836,77.5783772,Non-corridor,Unknown,Yelahanka,unknown,2024-04-03 07:20:58.087000+00:00,12,2,0,4,False,Low,Low,none,tree falling sir,995.1403278833333
FKID003629,unplanned,water_logging,closed,12.9805205,77.5708724,Non-corridor,Unknown,Chamarajpet,unknown,2024-04-03 07:22:49.883000+00:00,12,2,0,4,False,Low,Low,none,,8085.1825991999995
FKID003631,unplanned,water_logging,closed,12.9634233,77.5675933,Mysore Road,Unknown,Chamarajpet,unknown,2024-04-03 07:24:11.255000+00:00,12,2,0,4,False,High,High,none,[person] on flyover towards market circle,41.50739275
FKID003633,unplanned,tree_fall,closed,13.0289627,77.5786285,Non-corridor,Unknown,Kodigehalli,unknown,2024-04-03 07:26:06.765000+00:00,12,2,0,4,True,Low,Low,none,[person] main road,910.6879625166667
FKID003634,unplanned,water_logging,closed,12.9590844,77.7465505,Varthur Road,Unknown,Whitefield,unknown,2024-04-03 07:20:53.423000+00:00,12,2,0,4,False,High,High,none,watter log in varthur [person] near nexas [location],4336.9783851
FKID003635,unplanned,water_logging,closed,13.1071128,77.60332,Bellary Road 2,Unknown,Yelahanka,unknown,2024-04-03 07:34:34.496000+00:00,13,2,0,4,False,High,High,none,water logging on kogilu cross on flyover towards city traffic movement is slow moving sir,2770.8328553166666
FKID003637,unplanned,tree_fall,closed,13.0218972,77.5518195,Tumkur Road,Unknown,Yeshwanthpura,unknown,2024-04-03 07:42:22.344000+00:00,13,2,0,4,False,High,High,none,,266.31099951666664
FKID003640,unplanned,water_logging,closed,12.97135887,77.56655109,Non-corridor,Unknown,Magadi Road,unknown,2024-04-03 07:43:26.029000+00:00,13,2,0,4,False,Low,Low,none,[location] under pass water logging vehicle movement slow sir,30.881768916666665
FKID003643,unplanned,tree_fall,closed,12.9902133,77.766255,Non-corridor,Unknown,Mahadevapura,unknown,2024-04-03 07:55:49.960000+00:00,13,2,0,4,False,Low,Low,none,,18.83196996666667
FKID003644,unplanned,water_logging,closed,13.0423168,77.5143636,Tumkur Road,Unknown,Peenya,unknown,2024-04-03 08:00:10.675000+00:00,13,2,0,4,False,High,High,none,[location] station on flyover water logging traffic one side slow movement,22.479101616666664
FKID003648,unplanned,vehicle_breakdown,closed,13.0423867,77.5143903,Tumkur Road,Unknown,Peenya,unknown,2024-04-03 08:31:52.609000+00:00,14,2,0,4,False,High,High,lcv,jalahalli metro station on flyover lcv vehicle off-road towards parle toll traffic one side movement,27.599997716666667
FKID003650,unplanned,tree_fall,closed,13.0117307,77.5519405,West of Chord Road,Unknown,Malleshwaram,unknown,2024-04-03 08:35:45.197000+00:00,14,2,0,4,False,High,High,none,,33.88522995
FKID003651,unplanned,vehicle_breakdown,closed,13.0389135,77.5201138,Tumkur Road,Unknown,Peenya,unknown,2024-04-03 08:44:43.840000+00:00,14,2,0,4,False,High,High,private_car,jalahalli metro station on flyover car off-road towards parle toll traffic one side movement,14.710999483333334
FKID003655,unplanned,vehicle_breakdown,closed,12.9507593,77.5373271,West of Chord Road,Unknown,Byatarayanapura,unknown,2024-04-03 09:49:00.728000+00:00,15,2,0,4,False,High,High,private_bus,,40.58120198333334
FKID003657,unplanned,tree_fall,closed,13.0231428,77.5221329,Non-corridor,Unknown,Peenya,unknown,2024-04-03 10:16:05.969000+00:00,15,2,0,4,True,Low,Low,none,,32.49691728333333
FKID003664,unplanned,vehicle_breakdown,closed,13.1352303,77.6170911,Bellary Road 2,Unknown,Yelahanka,unknown,2024-04-03 19:23:14.276000+00:00,0,3,0,4,False,High,High,heavy_vehicle,hgv vechile off load bharatinagara cross towards city sir,20.8340875
FKID003665,unplanned,others,closed,12.9530439,77.5401102,West of Chord Road,Unknown,Byatarayanapura,unknown,2024-04-03 19:08:57.863000+00:00,0,3,0,4,False,High,High,none,couse off battery dead vehicle no start mechanic is coming,72.12592303333332
FKID003670,unplanned,vehicle_breakdown,closed,13.1410304,77.6175473,Bellary Road 2,Unknown,Chikkajala,unknown,2024-04-03 20:18:23.041000+00:00,1,3,0,4,False,High,High,heavy_vehicle,"tyre burst of hgv on [location] road towards city near hunsamaranahalli indian oil petrol pump, there is no problem of traffic conjunction.",96.70297571666667
FKID003673,unplanned,construction,closed,13.0013754,77.7576431,Non-corridor,Unknown,Mahadevapura,unknown,2024-04-03 20:37:23.289000+00:00,2,3,0,4,False,Low,Low,none,slow moving traffic belathur towards [location],46.820458583333334
FKID003678,unplanned,others,closed,13.0011314,77.5331004,Non-corridor,Unknown,Rajajinagar,unknown,2024-04-03 21:10:34.720000+00:00,2,3,0,4,False,Low,Low,none,one said down,63.648181349999994
FKID003682,unplanned,tree_fall,closed,13.0198398,77.5322518,Non-corridor,Unknown,Rajajinagar,unknown,2024-04-03 21:06:15.951000+00:00,2,3,0,4,True,Low,Low,none,,4537.371423233333
FKID003684,unplanned,vehicle_breakdown,closed,12.9664808,77.5871217,Mysore Road,Unknown,Halasuru Gate,unknown,2024-04-03 21:06:25.666000+00:00,2,3,0,4,False,High,High,bmtc_bus,,48.24166831666666
FKID003685,unplanned,tree_fall,closed,13.0505275,77.5429039,Non-corridor,Unknown,Jalahalli,unknown,2024-04-03 21:18:39.571000+00:00,2,3,0,4,False,Low,Low,none,tree falls,1.08053705
FKID003687,unplanned,vehicle_breakdown,closed,12.9734924,77.5800572,Non-corridor,Unknown,Upparpet,unknown,2024-04-03 21:36:31.983000+00:00,3,3,0,4,False,Low,Low,bmtc_bus,breakdown,25.400898083333335
FKID003688,unplanned,tree_fall,closed,13.0196287,77.5323874,Non-corridor,Unknown,Rajajinagar,unknown,2024-04-03 21:34:33.760000+00:00,3,3,0,4,True,Low,Low,none,tree fall in [location] samadi service road,90.36818116666667
FKID003689,unplanned,others,closed,12.993329,77.5848089,Bellary Road 1,Unknown,High ground,unknown,2024-04-03 21:31:02.061000+00:00,3,3,0,4,False,High,High,none,ಬಿಎಂಟಿಸಿ ಬಸ್ ಫ್ರಂಟ್ ವ್ಹಿಲ್ ಪಂಚರ್ ಆಗಿದೆ ಸರ್. 50 ನಂಬರ್ ಡೀಪೋ ಟ್ರಾಫಿಕ್ ಏನೂ [person] ಇಲ್ಲಾ ಸರ್ ಸೈಡ್ನಲ್ಲಿ ಇದೆ. 20 ನಿಮಿಷದಲ್ಲಿ ರೆಡಿ ಆಗುತ್ತದೆ ಎಂದು ತಿಳಿಸಿರುತ್ತಾರೆ ಸರ್,72.40414826666667
FKID003692,unplanned,vehicle_breakdown,closed,12.9600517,77.5158133,Non-corridor,Unknown,Byatarayanapura,unknown,2024-04-03 22:06:01.518000+00:00,3,3,0,4,False,Low,Low,heavy_vehicle,nammurthindi towords nagabhavi hgv lorry offraoad traffic slow moving sir.....,86.31497898333333
FKID003693,unplanned,vehicle_breakdown,closed,12.8970624,77.5999432,Bannerghata Road,Unknown,Mico Layout,unknown,2024-04-03 21:57:39.937000+00:00,3,3,0,4,False,High,High,bmtc_bus,infrontof iimb bmtc bus off road due wheel jam no problem to traffic from [location] to hsbc junction sir,122.30917251666666
FKID003694,unplanned,tree_fall,closed,13.0325272,77.5744129,Non-corridor,Unknown,Kodigehalli,unknown,2024-04-03 21:58:25.085000+00:00,3,3,0,4,False,Low,Low,none,traffic no problem sir,1470.0430083666665
FKID003695,unplanned,tree_fall,closed,13.0324833,77.5743917,Non-corridor,Unknown,Kodigehalli,unknown,2024-04-03 22:27:54.206000+00:00,3,3,0,4,False,Low,Low,none,traffic no problem sir,1440.6003920833332
FKID003696,unplanned,tree_fall,closed,13.0272314,77.5779974,Non-corridor,Unknown,Kodigehalli,unknown,2024-04-03 22:11:51.215000+00:00,3,3,0,4,False,Low,Low,none,tree fall down,2916.2087200166666
FKID003698,unplanned,vehicle_breakdown,closed,13.01293275,77.69960033,Non-corridor,Unknown,K.R. Pura,unknown,2024-01-30 00:46:11.830000+00:00,6,1,0,1,False,Low,Low,heavy_vehicle,technical issue eicher off road in [location] pura traffic police station opposite sir,21.402474516666665
FKID003699,unplanned,vehicle_breakdown,closed,12.9995738,77.5839076,Bellary Road 1,Unknown,Sadashivanagar,unknown,2024-01-30 01:37:40.358000+00:00,7,1,0,1,False,High,High,bmtc_bus,due to tyre puncture incoming side pg halli,95.43600070000001
FKID003703,unplanned,tree_fall,closed,13.0281595,77.5809735,Non-corridor,Unknown,Kodigehalli,unknown,2024-04-03 22:56:27.469000+00:00,4,3,0,4,False,Low,Low,none,traffic no problem sir,1411.9529853499998
FKID003712,unplanned,vehicle_breakdown,closed,13.1159263,77.6074683,Bellary Road 2,Unknown,Yelahanka,unknown,2024-04-04 00:15:03.099000+00:00,5,3,0,4,False,High,High,private_bus,off-road at [location] main road towards airport due to tyre burst sir,1.8602064833333332
FKID003719,unplanned,pot_holes,closed,12.9312414,77.6867236,ORR East 1,Unknown,HAL Old Airport,unknown,2024-04-04 02:19:19.555000+00:00,7,3,0,4,False,High,High,none,jp morgan service road towards [location] service road potholes sir traffic slow moment sir,1197.5816577
FKID003723,unplanned,vehicle_breakdown,closed,12.9570122,77.6986845,Varthur Road,Unknown,HAL Old Airport,unknown,2024-04-04 04:31:32.539000+00:00,10,3,0,4,False,High,High,bmtc_bus,starting problem,14.215710583333333
FKID003724,unplanned,vehicle_breakdown,closed,12.9383414,77.7455907,Non-corridor,Unknown,Whitefield,unknown,2024-04-04 04:51:09.391000+00:00,10,3,0,4,False,Low,Low,others,school bus offload varthur ps towrds baligere sir,30.141555516666664
FKID003725,unplanned,vehicle_breakdown,closed,12.965224,77.5124798,Non-corridor,Unknown,Jnanabharathi,unknown,2024-04-04 04:35:23.433000+00:00,10,3,0,4,False,Low,Low,truck,ಟೈರ್ ಬ್ಲಾಸ್ಟ್ ಆಗಿದೆ,39.16560811666667
FKID003726,unplanned,vehicle_breakdown,closed,12.9861104,77.5892071,Bellary Road 1,Unknown,High ground,unknown,2024-04-04 04:45:11.168000+00:00,10,3,0,4,False,High,High,others,vehicle punchar traffic slow movement,35.277599050000006
FKID003730,unplanned,pot_holes,closed,12.9380425,77.5572228,Non-corridor,Unknown,Basavanagudi,unknown,2024-04-04 05:38:15.941000+00:00,11,3,0,4,True,Low,Low,none,,226.26411701666666
FKID003733,unplanned,vehicle_breakdown,closed,13.0260439,77.5442079,Tumkur Road,Unknown,Yeshwanthpura,unknown,2024-04-04 05:40:26.963000+00:00,11,3,0,4,False,High,High,bmtc_bus,bmtc bus puncher,112.07015633333334
FKID003739,unplanned,accident,closed,13.161945,77.6274033,Bellary Road 2,Unknown,Chikkajala,unknown,2024-04-04 08:06:02.788000+00:00,13,3,0,4,False,High,High,none,ನಮಸ್ತೆ ಸರ್ ವಿದ್ಯಾನಗರ ಕ್ರಾಸ್ ಫ್ಲೇವರ್ ಮೇಲೆ ಟುವಾರ್ಡ್ ಸಿಟಿ ಕಡೆ ಚೈನ ಆಕ್ಸಿಡೆಂಟ್ ಆಗಿರುತ್ತದೆ ಸಂಚಾರ ನಿಧನ ಗತಿ ಆಗಿರುತ್ತದೆ,61.258163683333336
FKID003743,unplanned,vehicle_breakdown,closed,12.9951275,77.7578422,Non-corridor,Unknown,Mahadevapura,unknown,2024-04-04 08:56:41.157000+00:00,14,3,0,4,False,Low,Low,lcv,slow moving traffic [location] towards belathur,21.601343216666667
FKID003745,unplanned,vehicle_breakdown,closed,13.0418026,77.5474441,ORR North 2,Unknown,Jalahalli,unknown,2024-04-04 07:20:48.669000+00:00,12,3,0,4,False,High,High,bmtc_bus,bus,123.6661835
FKID003747,unplanned,vehicle_breakdown,closed,12.9543734,77.5441065,Mysore Road,Unknown,Byatarayanapura,unknown,2024-04-04 10:00:34.986000+00:00,15,3,0,4,False,High,High,heavy_vehicle,joint cut,2.5509378833333334
FKID003754,unplanned,vehicle_breakdown,closed,13.0287453,77.5401306,Tumkur Road,Unknown,Yeshwanthpura,unknown,2024-04-04 20:34:19.274000+00:00,2,4,0,4,False,High,High,heavy_vehicle,breakdown,25.809777583333336
FKID003765,unplanned,vehicle_breakdown,closed,12.9170075,77.5854234,Non-corridor,Unknown,Jayanagara,unknown,2024-04-04 22:43:43.742000+00:00,4,4,0,4,False,Low,Low,lcv,,40.9466631
FKID003768,unplanned,pot_holes,closed,13.01853031,77.557799,Tumkur Road,Unknown,Yeshwanthpura,unknown,2024-04-04 23:34:42.868000+00:00,5,4,0,4,False,High,High,none,patholes,1924.8340301833334
FKID003774,unplanned,vehicle_breakdown,closed,13.02274,77.7144067,Non-corridor,Unknown,K.R. Pura,unknown,2024-04-05 02:08:26.551000+00:00,7,4,0,4,False,Low,Low,truck,tyre blast only traffic no problem sir,24.558310283333334
FKID003776,unplanned,vehicle_breakdown,closed,12.9644827,77.5855641,Mysore Road,Unknown,Halasuru Gate,unknown,2024-04-05 01:59:12.650000+00:00,7,4,0,4,False,High,High,private_car,townhall to nr junction sir traffic normal moment sir,76.01981826666666
FKID003782,unplanned,vehicle_breakdown,closed,13.0642359,77.4548054,Non-corridor,Unknown,Chikkabanavara,unknown,2024-04-05 04:52:18.644000+00:00,10,4,0,4,False,Low,Low,heavy_vehicle,vehicle breakdown due to technical problem outgoing service road near arkavati bridge slow moving traffic sir,27.298359316666666
FKID003784,unplanned,vehicle_breakdown,closed,13.0953378,77.579604,Non-corridor,Unknown,Yelahanka,unknown,2024-04-05 05:13:30.592000+00:00,10,4,0,4,False,Low,Low,bmtc_bus,16 b cross road bmtc bus ಗೇರ್ ಪ್ರಾಬ್ಲಮ್ ಸರ್,19.6133014
FKID003785,unplanned,vehicle_breakdown,closed,13.0161342,77.5623277,Tumkur Road,Unknown,Yeshwanthpura,unknown,2024-04-05 05:45:36.677000+00:00,11,4,0,4,True,High,High,bmtc_bus,,22.866417416666664
FKID003786,unplanned,vehicle_breakdown,closed,12.9681141,77.5873478,Mysore Road,Unknown,Halasuru Gate,unknown,2024-04-05 06:22:26.536000+00:00,11,4,0,4,False,High,High,ksrtc_bus,police courenr,4.514547266666667
FKID003787,unplanned,vehicle_breakdown,closed,12.9837761,77.5884101,Bellary Road 1,Unknown,Cubbon Park,unknown,2024-04-05 06:18:15.677000+00:00,11,4,0,4,False,High,High,heavy_vehicle,nandini milk tanker off-road near stock 10 towards ags.,65.88227233333333
FKID003793,unplanned,vehicle_breakdown,closed,12.9890452,77.5075876,Magadi Road,Unknown,Kamakshipalya,unknown,2024-04-05 07:08:34.447000+00:00,12,4,0,4,False,High,High,bmtc_bus,,65.73336365
FKID003802,unplanned,water_logging,closed,12.8817524,77.5959638,Bannerghata Road,Unknown,Hulimavu,unknown,2024-04-05 08:00:36.068000+00:00,13,4,0,4,False,High,High,none,hulimavu gate towards [person] garments,48.68090058333333
FKID003804,unplanned,vehicle_breakdown,closed,13.0816844,77.5482041,Non-corridor,Unknown,Yelahanka,unknown,2024-04-05 08:07:44.243000+00:00,13,4,0,4,False,Low,Low,bmtc_bus,m s [location],61.2069801
FKID003805,unplanned,water_logging,closed,12.9252638,77.617668,Hosur Road,Unknown,Madiwala,unknown,2024-04-05 07:57:03.165000+00:00,13,4,0,4,False,High,High,none,ayyappa under pass both saide waterlogging ಆಗಿರುವುದರಿಂದ traffic moment slow iruttade sir,142.49620595
FKID003806,unplanned,water_logging,closed,12.9072662,77.6285519,Hosur Road,Unknown,Madiwala,unknown,2024-04-05 07:58:48.272000+00:00,13,4,0,4,False,High,High,none,,142.60774456666667
FKID003811,unplanned,tree_fall,closed,12.941638,77.5982188,Non-corridor,Unknown,Wilson Garden,unknown,2024-04-05 08:24:37.664000+00:00,13,4,0,4,True,Low,Low,none,ಡೈರಿ ಸರ್ಕಲ್ ಟು ಟೆಂತ್ ಕ್ಲಾಸ್ ಮರ ಬಿದ್ದಿರುತ್ತದೆ,16.979280016666667
FKID003812,unplanned,water_logging,closed,12.9423002,77.6026128,Non-corridor,Unknown,Adugodi,unknown,2024-04-05 08:25:15.248000+00:00,13,4,0,4,False,Low,Low,none,no problem clear within 15 minutes,40.03074528333333
FKID003813,unplanned,tree_fall,closed,12.9244997,77.5513424,ORR West 1,Unknown,Banashankari,unknown,2024-04-05 08:24:04.921000+00:00,13,4,0,4,False,High,High,none,,72.61775473333334
FKID003814,unplanned,tree_fall,closed,12.9309026,77.580145,Non-corridor,Unknown,Jayanagara,unknown,2024-04-05 08:30:32.804000+00:00,14,4,0,4,True,Low,Low,none,tree poling,96.0607281
FKID003815,unplanned,tree_fall,closed,12.9163366,77.5858368,Non-corridor,Unknown,J.P. Nagar,unknown,2024-04-05 08:17:31.222000+00:00,13,4,0,4,False,Low,Low,none,[person] sir tree fallen rv dental trds aravinda of 24 th main,1393.53298145
FKID003820,unplanned,vehicle_breakdown,closed,12.941473,77.5974971,Non-corridor,Unknown,Wilson Garden,unknown,2024-04-05 08:18:12.097000+00:00,13,4,0,4,True,Low,Low,ksrtc_bus,,32.297003716666666
FKID003824,unplanned,water_logging,closed,12.9242106,77.6148702,Hosur Road,Unknown,Madiwala,unknown,2024-04-05 09:08:53.845000+00:00,14,4,0,4,False,High,High,none,ಡ್ರೈನೇಜ್ ವಾಟರ್ ತುಂಬಿ ರಸ್ತೆಗೆ ನೀರು [person] moment ಸ್ಲೋ ಇರುತ್ತದೆ sir,49.00152443333333
FKID003825,unplanned,water_logging,closed,12.9066867,77.5760217,ORR West 1,Unknown,J.P. Nagar,unknown,2024-04-05 08:37:23.483000+00:00,14,4,0,4,False,High,High,none,water logging sarakki trds sindhoora vehicle movement slowly moving sir,1373.5644947333335
FKID003826,unplanned,tree_fall,closed,12.9354269,77.6087904,Hosur Road,Unknown,Mico Layout,unknown,2024-04-05 08:50:29.698000+00:00,14,4,0,4,True,High,High,none,thavarekere junction towards dairy circle sir,5581.945785433333
FKID003827,unplanned,water_logging,closed,12.9054074,77.6036665,Bannerghata Road,Unknown,Mico Layout,unknown,2024-04-05 08:43:59.187000+00:00,14,4,0,4,False,High,High,none,,8107.59154595
FKID003828,unplanned,water_logging,closed,12.9000457,77.6008736,Bannerghata Road,Unknown,Mico Layout,unknown,2024-04-05 08:37:30.757000+00:00,14,4,0,4,False,High,High,none,in front of [person] drainage water over flow so traffic moving slowly from [person] to hsbc junction sir,9920.083762916667
FKID003835,unplanned,water_logging,closed,12.9413183,77.5975167,Non-corridor,Unknown,Wilson Garden,unknown,2024-04-05 09:19:38.657000+00:00,14,4,0,4,False,Low,Low,none,,16.5208074
FKID003836,unplanned,tree_fall,closed,12.9846079,77.6223905,Non-corridor,Unknown,Halasur,unknown,2024-04-05 09:15:28.333000+00:00,14,4,0,4,True,Low,Low,none,[location] towards meg centre vehicle not moving sir,548.7531228
FKID003838,unplanned,tree_fall,closed,12.9102602,77.5903258,Non-corridor,Unknown,J.P. Nagar,unknown,2024-04-05 09:30:26.419000+00:00,15,4,0,4,False,Low,Low,none,tree fallen 8 th main 9 th cross trds 17 th main road closed sir,1320.4380149333333
FKID003845,unplanned,tree_fall,closed,12.9436591,77.5759531,Non-corridor,Unknown,Basavanagudi,unknown,2024-04-05 10:38:04.581000+00:00,16,4,0,4,True,Low,Low,none,informed bbmp,536.49335105
FKID003846,unplanned,vehicle_breakdown,closed,13.0106945,77.5837221,Bellary Road 1,Unknown,Sadashivanagar,unknown,2024-04-05 18:20:56.451000+00:00,23,4,0,4,False,High,High,ksrtc_bus,ತ್ರಿಪುರವಾಸಿನಿ  ಗೇಟ್ 02 ಹಾಲ್ಟಿಂಗ್  ಬಳಿ  ಕಾವೇರಿ ಜಂಕ್ಷನಗೆ ಹೋಗುವ ಕಡೆ ಬಸ್ ಪಂಚರ್ ಆಗಿರುತ್ತದೆ,48.2565839
FKID003853,unplanned,water_logging,closed,12.9681974,77.6201863,Non-corridor,Unknown,Halasur,unknown,2024-04-05 18:31:56.799000+00:00,0,5,1,4,False,Low,Low,none,22 junction towards asc junction,4496.882610116666
FKID003857,unplanned,vehicle_breakdown,closed,12.8386875,77.6778382,Non-corridor,Unknown,Electronic City,unknown,2024-04-05 20:55:48.395000+00:00,2,5,1,4,False,Low,Low,lcv,,45.58134771666666
FKID003858,unplanned,tree_fall,closed,12.930675,77.5823783,Non-corridor,Unknown,Jayanagara,unknown,2024-04-05 21:04:33.462000+00:00,2,5,1,4,True,Low,Low,none,canara bank junction towards 27th cross [location] close sir,300.69633755
FKID003869,unplanned,tree_fall,closed,12.9999679,77.5514594,West of Chord Road,Unknown,Malleshwaram,unknown,2024-04-05 22:03:45.034000+00:00,3,5,1,4,False,High,High,none,tree fall,155.89571066666667
FKID003877,unplanned,vehicle_breakdown,closed,12.9480688,77.5349619,Mysore Road,Unknown,Byatarayanapura,unknown,2024-04-06 01:19:16.824000+00:00,6,5,1,4,False,High,High,others,vechile is [location] blast,26.13505413333333
FKID003878,unplanned,tree_fall,closed,12.9421468,77.5711553,Non-corridor,Unknown,Basavanagudi,unknown,2024-04-05 10:23:30.046000+00:00,15,4,0,4,False,Low,Low,none,,952.3543390833333
FKID003882,unplanned,vehicle_breakdown,closed,12.9723001,77.6196211,Old Madras Road,Unknown,Halasur,unknown,2024-04-06 01:47:19.887000+00:00,7,5,1,4,False,High,High,ksrtc_bus,trinity circle towards rm road,35.63385138333333
FKID003884,unplanned,vehicle_breakdown,closed,13.0299924,77.5369243,Tumkur Road,Unknown,Yeshwanthpura,unknown,2024-04-06 02:38:49.599000+00:00,8,5,1,4,False,High,High,heavy_vehicle,gear  problem,14.8788692
FKID003888,unplanned,others,closed,12.9763484,77.5833231,Non-corridor,Unknown,Upparpet,unknown,2024-04-06 03:53:48.143000+00:00,9,5,1,4,False,Low,Low,none,bbmp ಕಸದ ವಾಹನ ಜಾಯಿಂಟ್ ಕಟ್ ಆಗಿ ಆಫ್ road ಆಗಿದೆ ಸರ್ 40 ನಿಮಿಷದಲ್ಲಿ ರೆಡಿ ಆಗಿ ಹೋಗುತ್ತದೆ.,2533.2403664333333
FKID003890,unplanned,vehicle_breakdown,closed,13.004029,77.5712718,Non-corridor,Unknown,Malleshwaram,unknown,2024-04-06 03:57:20.981000+00:00,9,5,1,4,False,Low,Low,bmtc_bus,bmtc bus break down malleswaram sampige 13 cross road to yashavantpur  5 mints remove the vehicle,10.893157416666666
FKID003893,unplanned,vehicle_breakdown,closed,12.9571937,77.573942,Non-corridor,Unknown,V.V.Puram (C.Pet),unknown,2024-04-06 04:43:45.012000+00:00,10,5,1,4,False,Low,Low,bmtc_bus,traffic slow movement,48.53696371666667
FKID003894,unplanned,vehicle_breakdown,closed,12.9666429,77.6085336,Mysore Road,Unknown,Ashok Nagar,unknown,2024-04-06 04:48:59.979000+00:00,10,5,1,4,False,High,High,lcv,vehicle breakdown,58.50245235
FKID003899,unplanned,water_logging,closed,13.0465802,77.5226848,Non-corridor,Unknown,Jalahalli,unknown,2024-04-06 06:34:05.485000+00:00,12,5,1,4,False,Low,Low,none,drainage likege sir,4277.100367116666
FKID003900,unplanned,others,closed,12.9902449,77.5043682,Magadi Road,Unknown,Kamakshipalya,unknown,2024-04-06 05:53:28.166000+00:00,11,5,1,4,False,High,High,none,starting problem sir 5 minute sir,14.85765895
FKID003904,unplanned,water_logging,closed,13.082551,77.5502985,Non-corridor,Unknown,Yelahanka,unknown,2024-04-06 06:09:34.690000+00:00,11,5,1,4,False,Low,Low,none,water logging near ms palya depo. yelahanka towards [location] palya road.,2869.6824818166665
FKID003905,unplanned,water_logging,closed,12.9682876,77.5748387,Non-corridor,Unknown,Chamarajpet,unknown,2024-04-06 06:38:49.384000+00:00,12,5,1,4,False,Low,Low,none,ಮಳೆಯಿಂದ ವಾಟರ್ ಲಾಗಿನ್ ಸರ್,5498.457785316667
FKID003906,unplanned,water_logging,closed,13.0100214,77.5905302,Non-corridor,Unknown,R.T. Nagar,unknown,2024-04-06 06:32:43.675000+00:00,12,5,1,4,False,Low,Low,none,cqal cross water loging slow movement traffic jayamahal road,7237.5212427999995
FKID003910,unplanned,water_logging,closed,13.0440977,77.5543926,ORR North 2,Unknown,Jalahalli,unknown,2024-04-06 06:46:10.198000+00:00,12,5,1,4,False,High,High,none,due to rain,106.64748336666666
FKID003912,unplanned,water_logging,closed,12.9676097,77.5745054,Mysore Road,Unknown,Chamarajpet,unknown,2024-04-06 06:41:44.411000+00:00,12,5,1,4,True,High,High,none,ಚಿಕ್ಕಟ್ಟೆ ಮೆಟ್ರೋ,34.89283663333333
FKID003914,unplanned,water_logging,closed,12.9947561,77.5958288,Non-corridor,Unknown,High ground,unknown,2024-04-06 06:42:29.675000+00:00,12,5,1,4,False,Low,Low,none,"heavvy rain, water loging near uday tv to [location]",948.7411337666667
FKID003917,unplanned,water_logging,closed,12.9863199,77.5796547,Non-corridor,Unknown,High ground,unknown,2024-04-06 06:41:39.643000+00:00,12,5,1,4,False,Low,Low,none,stock 8 jn waterlogging sir..,63.20659305
FKID003918,unplanned,water_logging,closed,12.9572507,77.5521754,Mysore Road,Unknown,Chamarajpet,unknown,2024-04-06 06:45:24.093000+00:00,12,5,1,4,True,High,High,none,,214.58835468333334
FKID003924,unplanned,water_logging,closed,12.99703217,77.58456258,Bellary Road 1,Unknown,High ground,unknown,2024-04-06 06:45:33.994000+00:00,12,5,1,4,False,High,High,none,itc hotel junction towards bda upper ramp vehicle slow moment,160.49394478333335
FKID003925,unplanned,water_logging,closed,12.9641569,77.5698552,Mysore Road,Unknown,Chamarajpet,unknown,2024-04-06 06:45:29.164000+00:00,12,5,1,4,False,High,High,none,ವಾಟರ್ ಲಾಗಿಂಗ್ ಆಗಿದೆ ಟ್ರಾಫಿಕ್ ಸ್ಲೋ ಇದೆ ಬ್ರಿಯಾಂಡ್ ಜಂಕ್ಷನ್ ಸರ್,2454.942666616667
FKID003927,unplanned,water_logging,closed,12.9641078,77.581529,Mysore Road,Unknown,Halasuru Gate,unknown,2024-04-06 06:54:02.433000+00:00,12,5,1,4,True,High,High,none,[location],1.20292415
FKID003928,unplanned,water_logging,closed,12.96399,77.5816104,Mysore Road,Unknown,Halasuru Gate,unknown,2024-04-06 06:55:15.076000+00:00,12,5,1,4,True,High,High,none,[location],102.53868266666667
FKID003931,unplanned,water_logging,closed,12.9763106,77.5991358,Old Madras Road,Unknown,Cubbon Park,unknown,2024-04-06 07:03:18.365000+00:00,12,5,1,4,False,High,High,none,,65.57669031666667
FKID003932,unplanned,water_logging,closed,12.9190273,77.6217794,ORR East 1,Unknown,Madiwala,unknown,2024-04-06 06:58:56.047000+00:00,12,5,1,4,False,High,High,none,,2.4512035666666665
FKID003936,unplanned,water_logging,closed,12.9907523,77.571665,Non-corridor,Unknown,Sheshadripuram,unknown,2024-04-06 06:54:26.926000+00:00,12,5,1,4,False,Low,Low,none,,1437.0530988
FKID003937,unplanned,water_logging,closed,13.0239189,77.643188,ORR North 1,Unknown,Banaswadi,unknown,2024-04-06 06:55:28.568000+00:00,12,5,1,4,False,High,High,none,[person] junction,46.07936715
FKID003938,unplanned,water_logging,closed,12.976738,77.5992508,Old Madras Road,Unknown,Cubbon Park,unknown,2024-04-06 07:04:14.486000+00:00,12,5,1,4,False,High,High,none,,0.6965376666666666
FKID003942,unplanned,water_logging,closed,12.9639906,77.5821037,Mysore Road,Unknown,Halasuru Gate,unknown,2024-04-06 07:09:22.808000+00:00,12,5,1,4,True,High,High,none,,32.478422933333334
FKID003944,unplanned,tree_fall,closed,13.0141196,77.5730206,Non-corridor,Unknown,Sadashivanagar,unknown,2024-04-06 07:07:41.135000+00:00,12,5,1,4,True,Low,Low,none,tree fall due to heavy rain,44.1921915
FKID003946,unplanned,others,closed,12.9806464,77.5762418,Non-corridor,Unknown,Upparpet,unknown,2024-04-06 07:15:51.731000+00:00,12,5,1,4,True,Low,Low,none,[person] to subbanna near fortune hotel [location] bus offload,56.71689196666667
FKID003947,unplanned,water_logging,closed,12.9871612,77.5803445,Non-corridor,Unknown,High ground,unknown,2024-04-06 07:07:54.219000+00:00,12,5,1,4,False,Low,Low,none,ಗುರುರಾಜ ಜಂಕ್ಷನ್ ಕಡೆಯಿಂದ ಗಾಂಧಿಭವನ ಕಡೆ ಬರೋ ರೋಡಲ್ಲಿ ವಾಟರ್ ಲಾಗಿಂಗ್ ಆಗಿದ್ದು ವಿಂಡ್ಸರ್ ಮ್ಯಾನರ್ ಜಂಕ್ಷನ್ ಕಡೆ ಟ್ರಾಪಿಕ್ ಸ್ಲೋ ಮುಮೆಂಟ್ ಇರುತ್ತದೆ ಸರ್,130.15376253333335
FKID003948,unplanned,tree_fall,closed,13.0189786,77.5592937,Tumkur Road,Unknown,Yeshwanthpura,unknown,2024-04-06 07:16:26.413000+00:00,12,5,1,4,False,High,High,none,,1153.7935038666667
FKID003949,unplanned,water_logging,closed,13.0205324,77.5519074,Tumkur Road,Unknown,Yeshwanthpura,unknown,2024-04-06 07:17:23.696000+00:00,12,5,1,4,False,High,High,none,,1416.37773795
FKID003950,unplanned,water_logging,closed,12.9718029,77.595009,Mysore Road,Unknown,Cubbon Park,unknown,2024-04-06 07:08:27.258000+00:00,12,5,1,4,False,High,High,none,water logging slow movement vehicle sir,5642.406143316666
FKID003951,unplanned,water_logging,closed,12.9524702,77.5414034,Mysore Road,Unknown,Byatarayanapura,unknown,2024-04-06 07:18:43.916000+00:00,12,5,1,4,False,High,High,none,,14.584563283333333
FKID003952,unplanned,water_logging,closed,12.9718029,77.595009,Mysore Road,Unknown,Cubbon Park,unknown,2024-04-06 07:08:27.258000+00:00,12,5,1,4,False,High,High,none,water logging slow movement vehicle sir,5642.447306733333
FKID003959,unplanned,water_logging,closed,12.9591783,77.7464824,Varthur Road,Unknown,Whitefield,unknown,2024-04-06 07:37:54.051000+00:00,13,5,1,4,False,High,High,none,,5662.36376305
FKID003962,unplanned,water_logging,closed,12.9566317,77.7090983,Varthur Road,Unknown,HAL Old Airport,unknown,2024-04-06 07:26:56.324000+00:00,12,5,1,4,False,High,High,none,,35.91581583333333
FKID003964,unplanned,others,closed,12.9671705,77.5403742,Non-corridor,Unknown,Vijayanagara,unknown,2024-04-06 07:45:41.700000+00:00,13,5,1,4,True,Low,Low,none,deth,1403.7603150166665
FKID003967,unplanned,tree_fall,closed,13.0335198,77.5581582,Non-corridor,Unknown,Yeshwanthpura,unknown,2024-04-06 07:37:42.658000+00:00,13,5,1,4,False,Low,Low,none,hmt main road near mattikere bus stop signal sir towards ramaiah bus stop,64.03180449999999
FKID003968,unplanned,tree_fall,closed,13.0050772,77.569096,Non-corridor,Unknown,Malleshwaram,unknown,2024-04-06 07:59:06.960000+00:00,13,5,1,4,True,Low,Low,none,[location] road 15 th [location] tree fall towards malleswaram kcg general hospital traffic division 4th main,77.13955258333334
FKID003977,unplanned,vehicle_breakdown,closed,13.0281748,77.5360795,Tumkur Road,Unknown,Yeshwanthpura,unknown,2024-04-06 08:19:24.252000+00:00,13,5,1,4,False,High,High,lcv,wheel nut,16.6484411
FKID003989,unplanned,vehicle_breakdown,closed,12.99308197,77.70532632,Non-corridor,Unknown,Mahadevapura,unknown,2024-04-06 18:59:22.199000+00:00,0,6,1,4,False,Low,Low,heavy_vehicle,,15.931807983333334
FKID003994,unplanned,vehicle_breakdown,closed,12.9838286,77.6398503,Old Madras Road,Unknown,Jeevanbheemanagar,unknown,2024-04-06 19:19:35.872000+00:00,0,6,1,4,False,High,High,others,100feet om road towards double road,35.37574233333333
FKID003996,unplanned,vehicle_breakdown,closed,12.9756011,77.6167012,Old Madras Road,Unknown,Halasur,unknown,2024-04-06 19:42:43.201000+00:00,1,6,1,4,False,High,High,others,apsrtc vehicle off road gear problem vehicle movement no problem sir,21.099181166666664
FKID003997,unplanned,tree_fall,closed,12.9756407,77.6167078,Old Madras Road,Unknown,Halasur,unknown,2024-04-06 19:10:05.757000+00:00,0,6,1,4,False,High,High,none,road not closed sir two wheeler and four wheeler moving.buses and lgv vehicle not moving,54.21143968333333
FKID003998,unplanned,others,closed,12.9829064,77.6371666,Old Madras Road,Unknown,Jeevanbheemanagar,unknown,2024-04-06 19:24:51.724000+00:00,0,6,1,4,False,High,High,none,vehicle punctured,623.1539982833333
FKID004003,unplanned,tree_fall,closed,13.0074652,77.5662988,Non-corridor,Unknown,Malleshwaram,unknown,2024-04-06 20:14:40.406000+00:00,1,6,1,4,True,Low,Low,none,malleswaram 17th cross  towards rajajinagar tree is fall remove the 5 minute in from to bbmp,38.38311856666667
FKID004004,unplanned,vehicle_breakdown,closed,12.9608456,77.5133151,Non-corridor,Unknown,Jnanabharathi,unknown,2024-04-06 21:18:56.168000+00:00,2,6,1,4,False,Low,Low,bmtc_bus,bmtc bus starting problem,48.38570516666667
FKID004005,unplanned,water_logging,closed,12.986114,77.5807451,Non-corridor,Unknown,High ground,unknown,2024-04-06 21:48:09.016000+00:00,3,6,1,4,False,Low,Low,none,[person] junction to [person] junction [location] drainage open agi water logging agiruttade,100.97545570000001
FKID004012,unplanned,vehicle_breakdown,closed,12.9792233,77.6025466,Old Madras Road,Unknown,Shivajinagar,unknown,2024-04-06 21:13:02.448000+00:00,2,6,1,4,False,High,High,private_car,ಕಾರಿನ ಮುಂಭಾಗದ ಟೈರು ವೀಲ್ ಕಟ್ ಆಗಿರುತ್ತದೆ,93.39061898333333
FKID004015,unplanned,tree_fall,closed,12.9238289,77.5971089,Bannerghata Road,Unknown,Jayanagara,unknown,2024-04-06 22:50:22.873000+00:00,4,6,1,4,True,High,High,none,bescom power problem,30.045177533333334
FKID004020,unplanned,vehicle_breakdown,closed,12.9640674,77.5855008,Mysore Road,Unknown,Halasuru Gate,unknown,2024-04-06 23:39:25.869000+00:00,5,6,1,4,False,High,High,bmtc_bus,gear problem sir,86.21060556666666
FKID004026,unplanned,vehicle_breakdown,closed,12.8798387,77.5459388,Non-corridor,Unknown,Thalagattapura,unknown,2024-04-07 00:09:16.756000+00:00,5,6,1,4,False,Low,Low,heavy_vehicle,ksit signal near [location] jewellers [person] [location] out going traffic slow movements,13.937764283333333
FKID004027,unplanned,vehicle_breakdown,closed,13.0028917,77.5306097,Non-corridor,Unknown,Rajajinagar,unknown,2024-04-07 00:45:43.663000+00:00,6,6,1,4,False,Low,Low,lcv,,21.3044091
FKID004030,unplanned,others,closed,12.9118524,77.4858155,Mysore Road,Unknown,Kengeri,unknown,2024-04-07 00:58:06.443000+00:00,6,6,1,4,True,High,High,none,starting problem sir,306.1306395666667
FKID004032,unplanned,vehicle_breakdown,closed,12.9759434,77.5981783,CBD 2,Unknown,Cubbon Park,unknown,2024-04-07 01:40:11.985000+00:00,7,6,1,4,False,High,High,truck,traffic slow moment,4.8932101999999995
FKID004033,unplanned,vehicle_breakdown,closed,13.0143257,77.5837964,Bellary Road 1,Unknown,Sadashivanagar,unknown,2024-04-07 01:09:37.916000+00:00,6,6,1,4,False,High,High,private_car,,62.002885516666666
FKID004034,unplanned,vehicle_breakdown,closed,12.8462325,77.6724104,Non-corridor,Unknown,Electronic City,unknown,2024-04-07 02:12:05.994000+00:00,7,6,1,4,False,Low,Low,heavy_vehicle,veerasandra service road near bmtc depo,16.351039883333335
FKID004038,unplanned,vehicle_breakdown,closed,13.0351311,77.5269457,Tumkur Road,Unknown,Peenya,unknown,2024-04-07 02:35:52.603000+00:00,8,6,1,4,False,High,High,heavy_vehicle,srs junction on flyover towards city eicher vehicle off road due to starting problem sir traffic one side moving sir,100.47900773333335
FKID004039,unplanned,vehicle_breakdown,closed,12.979865,77.5925813,CBD 2,Unknown,Cubbon Park,unknown,2024-04-07 03:01:08.935000+00:00,8,6,1,4,False,High,High,others,bus offroad near [location] traffic slow movement sir,6.410764866666667
FKID004040,unplanned,vehicle_breakdown,closed,12.9424793,77.6228453,Non-corridor,Unknown,Adugodi,unknown,2024-04-07 03:02:14.957000+00:00,8,6,1,4,False,Low,Low,bmtc_bus,near ngv back gate jn,149.70177753333334
FKID004042,unplanned,others,closed,13.0132803,77.6997851,Non-corridor,Unknown,K.R. Pura,unknown,2024-04-07 02:48:34.116000+00:00,8,6,1,4,False,Low,Low,none,this vehicle is parked due to an accidental fire. the fire has been extinguished.  at govt clg signal towards city.,31.60635735
FKID004044,unplanned,vehicle_breakdown,closed,12.9665476,77.5048771,Non-corridor,Unknown,Jnanabharathi,unknown,2024-04-07 04:02:21.409000+00:00,9,6,1,4,False,Low,Low,heavy_vehicle,heavy vehicle break down deepa complex towards [location] main road,42.76717533333333
FKID004046,unplanned,vehicle_breakdown,closed,12.8412305,77.6491021,Non-corridor,Unknown,Electronic City,unknown,2024-04-07 04:06:41.942000+00:00,9,6,1,4,False,Low,Low,private_car,,82.94842686666667
FKID004047,unplanned,pot_holes,closed,12.9715513,77.6192827,Old Madras Road,Unknown,Halasur,unknown,2024-04-07 03:48:41.360000+00:00,9,6,1,4,False,High,High,none,rm road junction,4444.951326083334
FKID004052,unplanned,vehicle_breakdown,closed,13.01762,77.5596867,Tumkur Road,Unknown,Yeshwanthpura,unknown,2024-04-07 04:47:03.372000+00:00,10,6,1,4,False,High,High,bmtc_bus,,117.5478197
FKID004053,unplanned,vehicle_breakdown,closed,12.9876499,77.5134587,Magadi Road,Unknown,Kamakshipalya,unknown,2024-04-07 04:46:58.077000+00:00,10,6,1,4,False,High,High,heavy_vehicle,starting problem..[person] not working..,82.63382763333334
FKID004054,unplanned,vehicle_breakdown,closed,13.0429853,77.5121761,Tumkur Road,Unknown,Peenya,unknown,2024-04-07 05:31:01.855000+00:00,11,6,1,4,False,High,High,heavy_vehicle,[person] on flyover towards outgoing side,9.90734335
FKID004055,unplanned,accident,closed,13.0416747,77.5212074,Tumkur Road,Unknown,Peenya,unknown,2024-04-07 05:14:05.706000+00:00,10,6,1,4,False,High,High,none,[location] circle on flyover towards city private car accident only vehicle damage sir traffic one side moving sir,26.873762566666667
FKID004056,unplanned,vehicle_breakdown,closed,12.97058459,77.64127574,IRR(Thanisandra road),Unknown,Jeevanbheemanagar,unknown,2024-04-07 04:51:00.762000+00:00,10,6,1,4,False,High,High,bmtc_bus,,60.60606776666667
FKID004059,unplanned,pot_holes,closed,12.9380002,77.5573089,Non-corridor,Unknown,Basavanagudi,unknown,2024-04-07 06:21:32.505000+00:00,11,6,1,4,False,Low,Low,none,,103.51557583333333
FKID004061,unplanned,vehicle_breakdown,closed,12.9637362,77.584069,Mysore Road,Unknown,Halasuru Gate,unknown,2024-04-07 06:00:25.656000+00:00,11,6,1,4,False,High,High,lcv,ಬ್ರೇಕ್ ಡೌನ್,103.61959628333334
FKID004063,unplanned,tree_fall,closed,13.0056626,77.5799769,Non-corridor,Unknown,Sadashivanagar,unknown,2024-04-07 06:03:09.345000+00:00,11,6,1,4,True,Low,Low,none,cauvery towards bhashyam tree fall sir,53.07258183333333
FKID004064,unplanned,vehicle_breakdown,closed,13.003657,77.5839592,Bellary Road 1,Unknown,Sadashivanagar,unknown,2024-04-07 07:06:50.491000+00:00,12,6,1,4,False,High,High,ksrtc_bus,"cuavery junction towards mekhri circle bus off road due to clutch problem, traffic movement very slow",116.56037328333333
FKID004066,unplanned,water_logging,closed,12.9874499,77.5195745,Magadi Road,Unknown,Kamakshipalya,unknown,2024-04-07 06:26:51.405000+00:00,11,6,1,4,False,High,High,none,water loging,256.12679966666667
FKID004069,unplanned,tree_fall,closed,13.0113111,77.5814991,Bellary Road 1,Unknown,Sadashivanagar,unknown,2024-04-07 06:24:53.416000+00:00,11,6,1,4,False,High,High,none,tree branches falldown,1266.6776086833333
FKID004070,unplanned,water_logging,closed,12.997285,77.5850456,Bellary Road 1,Unknown,High ground,unknown,2024-04-07 05:45:24.778000+00:00,11,6,1,4,False,High,High,none,b02 towards [location] traffic slow movements,2756.454794866667
FKID004074,unplanned,vehicle_breakdown,closed,12.9273789,77.5470363,ORR West 1,Unknown,Banashankari,unknown,2024-04-07 07:38:39.412000+00:00,13,6,1,4,False,High,High,bmtc_bus,traffic movieing slow,42.17753376666667
FKID004078,unplanned,vehicle_breakdown,closed,12.930013,77.5667405,Non-corridor,Unknown,Banashankari,unknown,2024-04-07 08:39:17.406000+00:00,14,6,1,4,False,Low,Low,bmtc_bus,bmtc bus breakdown due to joint problem sir informed to mechanic,49.50281723333333
FKID004081,unplanned,vehicle_breakdown,closed,13.0429949,77.5511954,ORR North 2,Unknown,Jalahalli,unknown,2024-04-07 09:53:33.612000+00:00,15,6,1,4,False,High,High,heavy_vehicle,hgv off road in mes road mutyalnagar to [person] at madar terasa school one side traffic moment sir,59.8490193
FKID004086,unplanned,vehicle_breakdown,closed,12.9603222,77.5572047,Mysore Road,Unknown,Chamarajpet,unknown,2024-04-07 19:19:05.176000+00:00,0,0,0,4,False,High,High,heavy_vehicle,gear box breakdown,49.959164333333334
FKID004092,planned,procession,closed,12.99838,77.5713867,Non-corridor,Unknown,Malleshwaram,unknown,2024-04-07 20:36:30.257000+00:00,2,0,0,4,False,Low,Low,none,ವಾಕ್ ವಿತ್ ರಾಮಾಜ ನಡಿಗೆ ಕಾರ್ಯಕ್ರಮ ಮಲ್ಲೇಶ್ವರಂ ಸರ್ಕಲ್ ನಿಂದ ಸರ್ಕಲ್ ಮಾರಮ್ಮ ಮಾರ್ಗೋಸ್ ರಸ್ತೆ 11ನೇ ಮೆರವಣಿಗೆ ನಡೆಯುತ್ತದೆ ಸರ್ ಸಂಚಾರಕ್ಕೆ ಯಾವುದೇ ರೀತಿ ತೊಂದರೆಯುವುದಿಲ್ಲ,91.63820131666667
FKID004099,unplanned,vehicle_breakdown,closed,13.010548,77.5837153,Bellary Road 1,Unknown,Sadashivanagar,unknown,2024-04-07 21:55:52.106000+00:00,3,0,0,4,False,High,High,bmtc_bus,bmtc bus off road near 9 th main one side traffic moving sir...,10.468071333333334
FKID004111,unplanned,vehicle_breakdown,closed,13.0209143,77.7112687,Non-corridor,Unknown,K.R. Pura,unknown,2024-04-08 02:33:27.447000+00:00,8,0,0,4,False,Low,Low,ksrtc_bus,ಮೇಡಳ್ಳಿ ಜಂಕ್ಷನ್ ನಿಂದ ಭಟ್ಟರಹಳ್ಳಿ ಜಂಕ್ಷನ್ ಗೆ ಹೋಗುವ ಕಡೆ ksrtc ಬಸ್ ಅಪ್ಲೋಡ್ ಆಗಿ ನಿಂತಿದೆ ಟ್ರಾಫಿಕ್ ಮೂಮೆಂಟ್ ಸ್ಲೋ ಇದೆ ಸರ್,16.323145383333333
FKID004113,unplanned,others,closed,12.9992364,77.5713166,Non-corridor,Unknown,Malleshwaram,unknown,2024-04-08 07:46:41.053000+00:00,13,0,0,4,False,Low,Low,none,traffic signal off due to power cut,25.01378635
FKID004114,unplanned,vehicle_breakdown,closed,12.9755238,77.620293,Old Madras Road,Unknown,Halasur,unknown,2024-04-08 02:58:54.820000+00:00,8,0,0,4,False,High,High,private_car,gurudwara signal,26.570824366666667
FKID004116,unplanned,vehicle_breakdown,closed,12.9985042,77.5844064,Bellary Road 1,Unknown,Sadashivanagar,unknown,2024-04-08 03:01:21.198000+00:00,8,0,0,4,False,High,High,bmtc_bus,ph [phone],51.01353958333333
FKID004118,unplanned,water_logging,closed,12.8402003,77.677072,Non-corridor,Unknown,Electronic City,unknown,2024-04-08 07:49:18.629000+00:00,13,0,0,4,False,Low,Low,none,water logging at veerasandra traffic slow moving sir,34.769885716666664
FKID004120,unplanned,vehicle_breakdown,closed,13.0441064,77.5089747,Tumkur Road,Unknown,Peenya,unknown,2024-04-08 11:18:02.081000+00:00,16,0,0,4,False,High,High,heavy_vehicle,satva appartment opposite towards city eicher vehicle off road due to starting problem sir traffic one side moving,35.686632450000005
FKID004132,unplanned,vehicle_breakdown,closed,12.8193862,77.6890097,Non-corridor,Unknown,Electronic City,unknown,2023-11-18 21:45:09.637000+00:00,3,6,1,11,False,Low,Low,heavy_vehicle,hgv vehicle breakdown bomsandra flavour down [person],37.67183235
FKID004137,unplanned,construction,closed,13.0395661,77.6412265,Airport New South Road,North Zone 1,Hennuru,unknown,2024-01-01 19:27:58.270000+00:00,0,1,0,1,False,High,High,none,"ನಮಸ್ತೆ ಸರ್, ಎಲ್ಲೂರು ಹೆಣ್ಣೂರು ಬಾಗಲೂರು ಮುಖ್ಯ ರಸ್ತೆ ವಡ್ಡರ ಪಾಳ್ಯ ಜಂಕ್ಷನ್ ನಲ್ಲಿ ಬಿಡಬ್ಲ್ಯೂಎಸ್ಎಸ್ಬಿ ದವರು ಒಳ ಚರಂಡಿ ಕಾಮಗಾರಿ [person] ಕಡೆಗೆ ಸಂಚಾರವು ನಿಧಾನಗತಿಯಲ್ಲಿ ಸಾಗುತ್ತಿವೆ ಸರ್",364.60111866666665
FKID004138,unplanned,vehicle_breakdown,closed,12.9611105,77.5103384,Non-corridor,West Zone 1,Jnanabharathi,unknown,2023-11-28 06:29:56.409000+00:00,11,1,0,11,False,Low,Low,bmtc_bus,break down sir,92.59100211666667
FKID004139,unplanned,vehicle_breakdown,closed,13.1643301,77.6309231,Bellary Road 2,Unknown,Chikkajala,unknown,2023-11-25 06:55:56.225000+00:00,12,5,1,11,False,High,High,truck,ನಮಸ್ತೆ ಸರ್  ಗೂಡ್ಸ್ ವೆಹಿಕಲ್ ಜಿಯೋ ಪೆಟ್ರೋಲ್ ಬಂಕ್ ಹತ್ತಿರ ಬ್ರೇಕ್ ಡೌನ್ ಆಗಿ ನಿಂತಿರುತ್ತದೆ ಟ್ರಾಫಿಕ್ ಮೂಮೆಂಟ್ ನಾರ್ಮಲ್ ಆಗಿರುತ್ತದೆ ಟುವರ್ಡ್ಸ್ ದೇವನಹಳ್ಳಿ ಕಡೆಗೆ ನಮಸ್ತೆ ಸರ್,133.6017457
FKID004142,unplanned,vehicle_breakdown,closed,13.2210345,77.6822537,Non-corridor,Unknown,Devanahalli Airport,unknown,2023-11-28 05:30:33.835000+00:00,11,1,0,11,False,Low,Low,truck,vehicle break down at kannamangala palya gate on nh44 due to axile cut removing in 1hr sir,58.11503883333333
FKID004149,unplanned,tree_fall,closed,13.0239336,77.5833386,Bellary Road 1,West Zone 2,Kodigehalli,unknown,2024-01-02 01:47:33.455000+00:00,7,1,0,1,False,High,High,none,[person] cross to hqtc sir,235.45923915
FKID004150,unplanned,vehicle_breakdown,closed,12.8394,77.65426,Non-corridor,Unknown,Electronic City,unknown,2024-01-02 07:05:12.375000+00:00,12,1,0,1,False,Low,Low,lcv,,86.67813828333333
FKID004154,unplanned,construction,closed,13.1850133,77.6984583,Non-corridor,Unknown,Chikkajala,unknown,2024-01-02 08:02:40.717000+00:00,13,1,0,1,False,Low,Low,none,ನಮಸ್ತೆ ಸರ್ . ಮೈಲನಹಳ್ಳಿ ಹತ್ತಿರ ಮೋರೆ ಕೆಲಸ ಮಾಡುತ್ತಿದ್ದು ವಾಹನಗಳ ಸಂಚಾರವು ನಿಧಾನಗತಿಯಲ್ಲಿ ಸಂಚರಿಸಿರುತ್ತದೆ ಸರ್ ಚಿಕ್ಕಜಾಲ ಸಂಚಾರ ಪೊಲೀಸ್ ಠಾಣೆ,1080.7534168166667
FKID004160,unplanned,vehicle_breakdown,resolved,13.1827536,77.5739465,Bellary Road 2,Unknown,Kodigehalli,unknown,2023-12-16 20:31:11.475000+00:00,2,6,1,12,False,High,High,bmtc_bus,[person] jam sir,25.09538858333333
FKID004176,unplanned,vehicle_breakdown,closed,13.0280608,77.5858748,Bellary Road 1,North Zone 2,Kodigehalli,unknown,2023-11-28 19:15:48.386000+00:00,0,2,0,11,False,High,High,lcv,accel cut,73.43753403333334
FKID004179,unplanned,vehicle_breakdown,closed,12.840935,77.6496567,Non-corridor,Unknown,Electronic City,unknown,2023-12-22 23:02:37.636000+00:00,4,5,1,12,False,Low,Low,bmtc_bus,,133.06417406666665
FKID004184,unplanned,procession,closed,12.8874767,77.7372183,Non-corridor,Unknown,Whitefield,unknown,2023-12-25 08:31:49.434000+00:00,14,0,0,12,True,Low,Low,none,[location] hatra procession,38.40874121666666
FKID004189,unplanned,accident,closed,13.1877011,77.7119109,Non-corridor,Unknown,Chikkajala,unknown,2023-12-25 23:07:09.569000+00:00,4,1,0,12,False,Low,Low,none,ನಮಸ್ತೆ ಸರ್ ನಿಯರ್ ಸ್ಟರ್ಲಿಂಗ್ [location]  ಕಾಡಯರಪ್ಪನಹಳ್ಳಿ ಹತ್ತಿರ ಸ್ವಯಂ ಅಪಘಾತವಾಗಿದ್ದು ಓನ್ಲಿ ವೆಹಿಕಲ್ ಡ್ಯಾಮೇಜ್ ಸಂಚಾರಕ್ಕೆ ಅಡಚಣೆ ಇರುವುದಿಲ್ಲ ವಾಹನವನ್ನು ಠಾಣೆಗೆ ಕಳುಹಿಸಿ ಕೊಡುತ್ತೇನೆ,43.29526675
FKID004196,unplanned,accident,closed,12.8445617,77.6732867,Non-corridor,Unknown,Electronic City,unknown,2023-12-28 00:51:40.081933+00:00,6,3,0,12,False,Low,Low,none,,77.25445518333332
FKID004197,unplanned,accident,closed,12.8375952,77.6788445,Non-corridor,Unknown,Electronic City,unknown,2023-12-28 01:11:02.481146+00:00,6,3,0,12,False,Low,Low,none,,57.72944888333333
FKID004210,unplanned,vehicle_breakdown,closed,12.9692815,77.7357346,Non-corridor,East Zone 1,Whitefield,unknown,2024-01-03 04:21:29.885000+00:00,9,2,0,1,False,Low,Low,others,vehicle ಕ್ಲತ್ ಪ್ಲೇಟ್ problem,51.47168045
FKID004213,unplanned,accident,closed,13.1853883,77.6418683,Bellary Road 2,Unknown,Chikkajala,unknown,2024-01-03 02:03:27.965000+00:00,7,2,0,1,False,High,High,none,ನಮಸ್ತೆ ಸರ್ ಕ್ಲಾಸ್ 58ak8782 ಬೊಲೆರೋ ಗೂಡ್ಸ್ ವಾಹನ ಸ್ವಯಂ ಅಪಘಾತವಾಗಿದ್ದು ಓನ್ಲಿ ವೆಹಿಕಲ್ ಡಾಮಿ ಸರ್ ಸಂಚಾರಕ್ಕೆ ಯಾವುದೇ ಅಡಚಣೆ ಇರುವುದಿಲ್ಲ,29.787725583333334
FKID004219,unplanned,vehicle_breakdown,closed,12.9140108,77.5673732,ORR West 1,South Zone 1,Banashankari,unknown,2024-01-16 21:21:33.472000+00:00,2,2,0,1,False,High,High,bmtc_bus,[person] towards k s layout junction middle,26.65322595
FKID004220,unplanned,vehicle_breakdown,closed,12.9999986,77.6634061,ORR North 1,Central Zone 1,Banaswadi,unknown,2024-01-16 21:33:04.340000+00:00,3,2,0,1,False,High,High,bmtc_bus,vehicle break down,34.82160695
FKID004221,unplanned,vehicle_breakdown,closed,13.005755,77.6904483,Non-corridor,East Zone 2,K.R. Pura,unknown,2024-01-16 22:56:51.272000+00:00,4,2,0,1,False,Low,Low,lcv,vehicle stating problem sir towards city,23.468869533333336
FKID004222,unplanned,vehicle_breakdown,closed,13.0442709,77.6432677,Non-corridor,East Zone 2,Hennuru,unknown,2024-01-16 23:35:40.876000+00:00,5,2,0,1,False,Low,Low,heavy_vehicle,,9.259744333333334
FKID004223,unplanned,vehicle_breakdown,closed,13.0431317,77.5512583,ORR North 2,North Zone 2,Jalahalli,unknown,2024-01-17 00:34:20.663000+00:00,6,2,0,1,False,High,High,heavy_vehicle,due to battery died it's off roaded near [location] sir towards [person] turn from muttyalam junction,73.26354786666667
FKID004231,unplanned,vehicle_breakdown,closed,12.9717905,77.5075445,Non-corridor,West Zone 1,Jnanabharathi,unknown,2024-01-18 00:26:44.741000+00:00,5,3,0,1,False,Low,Low,bmtc_bus,traffic no problem normal traffic sir,17.014181316666665
FKID004235,unplanned,vehicle_breakdown,closed,13.0196125,77.6738748,Non-corridor,East Zone 2,Banaswadi,unknown,2024-01-18 08:49:43.299000+00:00,14,3,0,1,False,Low,Low,private_car,20minits,76.8051597
FKID004241,unplanned,vehicle_breakdown,closed,12.8405554,77.6518242,Non-corridor,Unknown,Electronic City,unknown,2024-01-03 21:11:12.334000+00:00,2,3,0,1,False,Low,Low,bmtc_bus,,103.64548719999999
FKID004243,unplanned,vehicle_breakdown,closed,12.974094,77.508972,Non-corridor,West Zone 1,Jnanabharathi,unknown,2024-01-03 22:52:56.454000+00:00,4,3,0,1,False,Low,Low,bmtc_bus,traffic no problem normal traffic sir,12.0260546
FKID004250,unplanned,vehicle_breakdown,closed,13.026353,77.544093,Tumkur Road,West Zone 1,Yeshwanthpura,unknown,2024-01-04 03:42:04.144000+00:00,9,3,0,1,False,High,High,ksrtc_bus,,28.985925033333334
FKID004256,unplanned,vehicle_breakdown,closed,13.0266391,77.7214589,Non-corridor,East Zone 2,K.R. Pura,unknown,2024-01-04 18:17:56.882000+00:00,23,3,0,1,False,Low,Low,lcv,lcv vehicle upset at [location] towards city due to tire bladt,58.999642466666664
FKID004257,unplanned,vehicle_breakdown,resolved,12.8713593,77.530622,ORR North 2,South Zone 1,Jalahalli,unknown,2023-11-29 07:19:36.539000+00:00,12,2,0,11,False,High,High,bmtc_bus,due to starting problem,91.40762088333332
FKID004261,unplanned,vehicle_breakdown,closed,12.9233342,77.6099015,Non-corridor,South Zone 2,Mico Layout,unknown,2024-01-04 20:55:07.743000+00:00,2,4,0,1,False,Low,Low,others,ಮೋರಿ ಟು ತಾವರೆಕೆರೆ 16 th main,70.21878856666667
FKID004262,unplanned,vehicle_breakdown,closed,12.9666372,77.5048395,Non-corridor,West Zone 1,Jnanabharathi,unknown,2023-11-29 08:34:42.734000+00:00,14,2,0,11,False,Low,Low,bmtc_bus,due to break problem sir,75.99562091666667
FKID004264,unplanned,vehicle_breakdown,closed,13.0514702,77.5942456,Bellary Road 1,North Zone 1,Hebbala,unknown,2023-11-29 19:38:49.753000+00:00,1,3,0,11,False,High,High,heavy_vehicle,the  vechile is breakdown starting problem kempapura cross towards city,119.66875773333332
FKID004265,unplanned,vehicle_breakdown,closed,12.8951843,77.5551185,Non-corridor,South Zone 1,K.S. Layout,unknown,2024-01-04 21:54:23.712000+00:00,3,4,0,1,False,Low,Low,bmtc_bus,,66.1186007
FKID004274,unplanned,vehicle_breakdown,closed,12.9979702,77.6627056,ORR North 1,Central Zone 1,Banaswadi,unknown,2023-11-29 22:27:55.735000+00:00,3,3,0,11,False,High,High,lcv,vehicle starting problem,52.80341505
FKID004276,unplanned,vehicle_breakdown,closed,13.0037533,77.7569917,Non-corridor,East Zone 2,Mahadevapura,unknown,2024-01-19 05:17:45.743000+00:00,10,4,0,1,False,Low,Low,private_car,slow moving traffic kadugodi towards belathur,30.2210109
FKID004277,unplanned,vehicle_breakdown,closed,13.0187717,77.586025,Bellary Road 1,North Zone 2,R.T. Nagar,unknown,2024-01-19 06:23:20.709000+00:00,11,4,0,1,False,High,High,lcv,clutch problem,111.53120048333334
FKID004280,unplanned,vehicle_breakdown,closed,13.0005187,77.7120899,Non-corridor,East Zone 2,K.R. Pura,unknown,2024-01-05 00:51:26.074000+00:00,6,4,0,1,False,Low,Low,heavy_vehicle,madahalli bridge towards battarahalli near sai orthopaedic hospital,120.12128181666667
FKID004281,unplanned,vehicle_breakdown,closed,13.0419433,77.5969833,ORR North 1,North Zone 1,Hebbala,unknown,2023-11-30 00:39:03.874000+00:00,6,3,0,11,False,High,High,heavy_vehicle,insufficient fuel,19.141461233333334
FKID004284,unplanned,vehicle_breakdown,closed,12.9068891,77.4736058,Mysore Road,West Zone 1,Kengeri,unknown,2023-11-30 03:47:12.367000+00:00,9,3,0,11,False,High,High,bmtc_bus,"break jam sir, inform 12th depo mechanic",7.899234916666667
FKID004286,unplanned,road_conditions,closed,13.0664309,77.6407721,Non-corridor,East Zone 2,Hennuru,unknown,2023-11-30 05:24:17.892000+00:00,10,3,0,11,False,Low,Low,none,road bad condition,2592.6318681333337
FKID004288,unplanned,vehicle_breakdown,closed,13.0493842,77.5930447,Bellary Road 1,North Zone 1,Hebbala,unknown,2024-01-05 11:21:16.337000+00:00,16,4,0,1,False,High,High,lcv,off-road in [location] towards airport in service road,7.709397766666667
FKID004290,unplanned,vehicle_breakdown,closed,12.9234754,77.6560202,ORR East 1,Central Zone 1,Bellandur,unknown,2024-01-05 19:42:42.118000+00:00,1,5,1,1,False,High,High,heavy_vehicle,27 th main down ramp vehicle break down traffiv slow movement,33.951876483333336
FKID004302,unplanned,vehicle_breakdown,closed,13.0549185,77.5348111,Non-corridor,North Zone 2,Jalahalli,unknown,2023-11-30 21:57:57.787000+00:00,3,4,0,12,False,Low,Low,bmtc_bus,,45.277387833333336
FKID004303,unplanned,vehicle_breakdown,closed,13.0527934,77.6460881,Non-corridor,East Zone 2,Hennuru,unknown,2024-01-05 20:24:27.213000+00:00,1,5,1,1,False,Low,Low,private_bus,drlhi public school bus offload near [location] school,87.5886433
FKID004311,unplanned,vehicle_breakdown,closed,12.91371,77.6783083,Non-corridor,East Zone 1,Bellandur,unknown,2023-11-30 21:05:35.432000+00:00,2,4,0,12,False,Low,Low,bmtc_bus,wheel zam,147.50678613333332
FKID004312,unplanned,vehicle_breakdown,closed,12.9230219,77.6566549,ORR East 1,Central Zone 1,Bellandur,unknown,2023-11-30 23:28:35.932000+00:00,4,4,0,12,False,High,High,bmtc_bus,on road traffic movement is slow..,79.75770394999999
FKID004316,unplanned,congestion,closed,13.03439169,77.55736917,Non-corridor,North Zone 2,Yeshwanthpura,unknown,2023-12-01 02:53:57.430000+00:00,8,4,0,12,False,Low,Low,none,keb cable work,8.53112645
FKID004317,unplanned,vehicle_breakdown,closed,12.9383623,77.7468821,Non-corridor,East Zone 1,Whitefield,unknown,2023-12-01 01:39:14.674000+00:00,7,4,0,12,False,Low,Low,heavy_vehicle,offload varthur ps towards gunjur sir,107.99300908333333
FKID004318,unplanned,vehicle_breakdown,closed,13.03439169,77.55736917,Non-corridor,North Zone 2,Yeshwanthpura,unknown,2023-12-01 03:54:22.962000+00:00,9,4,0,12,False,Low,Low,lcv,front side left wheel beering cut problem sir,15.054321499999999
FKID004319,unplanned,vehicle_breakdown,closed,13.025843,77.5446395,Tumkur Road,West Zone 1,Yeshwanthpura,unknown,2023-12-01 03:47:04.057000+00:00,9,4,0,12,False,High,High,ksrtc_bus,,71.66411911666667
FKID004321,unplanned,vehicle_breakdown,closed,12.9757351,77.5595824,Magadi Road,Central Zone 2,Magadi Road,unknown,2024-01-06 05:35:33.944000+00:00,11,5,1,1,False,High,High,bmtc_bus,towards hunasemara sir,23.924992883333335
FKID004326,unplanned,vehicle_breakdown,closed,13.0549018,77.5346642,Non-corridor,North Zone 2,Jalahalli,unknown,2023-12-01 09:15:18.262000+00:00,14,4,0,12,False,Low,Low,bmtc_bus,one's side traffic moment sir,52.7526632
FKID004335,unplanned,construction,closed,13.0346801,77.5572821,Non-corridor,North Zone 2,Yeshwanthpura,unknown,2023-12-01 23:21:12.999000+00:00,4,5,1,12,True,Low,Low,none,k-ride suberbun train construction work progress sir,212.49775946666665
FKID004342,unplanned,vehicle_breakdown,closed,13.0197615,77.7092792,Non-corridor,East Zone 2,K.R. Pura,unknown,2024-01-06 21:42:31.920000+00:00,3,6,1,1,False,Low,Low,others,starting problem [person] towards city near [location] jn,22.6700687
FKID004349,unplanned,vehicle_breakdown,resolved,12.9658795,77.5049199,Non-corridor,West Zone 1,Jnanabharathi,unknown,2024-01-06 22:49:07.567000+00:00,4,6,1,1,False,Low,Low,bmtc_bus,break down sir,46.14128001666666
FKID004358,unplanned,others,closed,13.0014127,77.5837418,Bellary Road 1,West Zone 2,Sadashivanagar,unknown,2023-12-02 07:20:20.335000+00:00,12,5,1,12,False,High,High,none,[vehicle] cab clutch plate gone... out going side pg [person] towards cauvery middle. no issues to traffic moment sir.,1019.0574604
FKID004363,unplanned,vehicle_breakdown,closed,13.1232782,77.6384588,Hennur Main Road,Unknown,Chikkajala,unknown,2024-01-07 00:23:41.406000+00:00,5,6,1,1,True,High,High,heavy_vehicle,,31.50097945
FKID004366,unplanned,vehicle_breakdown,closed,12.9752846,77.6976675,ORR East 2,East Zone 1,Mahadevapura,unknown,2024-01-07 01:55:45.709000+00:00,7,6,1,1,False,High,High,lcv,,31.0078949
FKID004371,unplanned,vehicle_breakdown,closed,13.03484,77.5887367,Bellary Road 1,North Zone 2,Kodigehalli,unknown,2023-12-03 00:24:02.352000+00:00,5,6,1,12,False,High,High,lcv,,14.120967933333333
FKID004376,unplanned,vehicle_breakdown,closed,13.04756,77.5003067,Non-corridor,West Zone 1,Peenya,unknown,2023-12-03 02:06:34.973000+00:00,7,6,1,12,False,Low,Low,heavy_vehicle,[location] station on flyover hgv  vehicle off-road towards parle toll traffic one side slow movement,37.96253371666667
FKID004380,unplanned,others,closed,13.0240081,77.5849244,Bellary Road 1,North Zone 2,Kodigehalli,unknown,2023-12-03 04:47:01.173000+00:00,10,6,1,12,False,High,High,none,ಬ್ಯಾಟರಿ ಬೌನ್ ಆಗಿದೆ ಸಾರ್,15.16647845
FKID004390,unplanned,others,closed,12.987525,77.475115,Non-corridor,West Zone 1,Kamakshipalya,unknown,2024-01-07 09:35:32.637000+00:00,15,6,1,1,False,Low,Low,none,parking issue to function hall,43.93024606666667
FKID004393,unplanned,others,closed,12.9508048,77.7175179,Non-corridor,East Zone 1,Whitefield,unknown,2023-12-03 06:34:55.963000+00:00,12,6,1,12,False,Low,Low,none,disel close,36.25226046666667
FKID004394,unplanned,vehicle_breakdown,closed,12.983316,77.5303271,Magadi Road,West Zone 2,Kamakshipalya,unknown,2023-12-03 07:26:36.734000+00:00,12,6,1,12,False,High,High,bmtc_bus,bus off road out going side in front of dananjaya palace vehicle are slow movement sir,17.286109166666666
FKID004395,unplanned,vehicle_breakdown,closed,13.0501267,77.526015,Non-corridor,North Zone 2,Jalahalli,unknown,2023-12-03 07:38:51.301000+00:00,13,6,1,12,False,Low,Low,truck,diesel emty,81.40570293333333
FKID004410,unplanned,vehicle_breakdown,closed,12.9951755,77.7580241,Non-corridor,East Zone 1,Mahadevapura,unknown,2023-11-10 07:33:05.108000+00:00,13,4,0,11,False,Low,Low,bmtc_bus,bmtc bus off road at kadugodi flyover slow moving traffic towards belathur,45.65551266666667
FKID004411,unplanned,vehicle_breakdown,closed,12.9894968,77.506296,Magadi Road,Unknown,Kamakshipalya,unknown,2024-01-20 06:33:15.068000+00:00,12,5,1,1,False,High,High,bmtc_bus,engine heat problem...sunkadakatte towards ashraya,32.2544127
FKID004415,unplanned,vehicle_breakdown,closed,12.9993949,77.5837931,Bellary Road 1,Unknown,Sadashivanagar,unknown,2024-01-20 07:03:18.373000+00:00,12,5,1,1,False,High,High,private_car,out going pg halli bus stand car starting problem,27.512111066666666
FKID004416,unplanned,construction,closed,13.0530017,77.6458557,Non-corridor,East Zone 2,Hennuru,unknown,2023-12-03 23:42:14.605000+00:00,5,0,0,12,False,Low,Low,none,ಸರ್ ನಮಸ್ತೆ ಕೆ ನಾರಾಯಣಪುರ ಜಂಕ್ಷನ್ ಹತ್ತಿರ ವೈಟ್ ಟಾಪಿಂಗ್ ಕಾಮಗಾರಿ ನಡೆಯುತ್ತಿರುವುದರಿಂದ ಹೆನ್ನೂರು ಬಾಗಲೂರು ಮುಖ್ಯ ರಸ್ತೆಯಲ್ಲಿ ಸಂಚಾರವು ಬಾಗಲೂರು ಕಡೆ ನಿಧಾನಗತಿಯಲ್ಲಿ ಸಾಗುತ್ತಿದೆ ಸರ್,422.84670481666666
FKID004424,unplanned,vehicle_breakdown,closed,13.0195425,77.7085296,Non-corridor,East Zone 2,K.R. Pura,unknown,2023-12-04 03:50:37.404000+00:00,9,0,0,12,True,Low,Low,others,starting problem,79.95452736666667
FKID004433,unplanned,vehicle_breakdown,closed,13.0361679,77.5416999,ORR North 2,West Zone 1,Yeshwanthpura,unknown,2023-11-11 12:45:29.415000+00:00,18,5,1,11,True,High,High,heavy_vehicle,no problem,47.18853848333333
FKID004437,unplanned,vehicle_breakdown,closed,13.0442533,77.5479436,ORR North 2,North Zone 2,Jalahalli,unknown,2023-12-05 20:05:38.864000+00:00,1,2,0,12,False,High,High,bmtc_bus,starting problem sir traffic one side moment sir,119.49004745
FKID004438,unplanned,vehicle_breakdown,closed,13.0050171,77.6844668,Non-corridor,Unknown,K.R. Pura,unknown,2024-01-20 23:34:13.182000+00:00,5,6,1,1,False,Low,Low,heavy_vehicle,[location],29.950958099999998
FKID004440,unplanned,vehicle_breakdown,closed,13.0365267,77.589335,Bellary Road 1,North Zone 2,Kodigehalli,unknown,2023-11-11 20:39:07.208000+00:00,2,6,1,11,False,High,High,private_bus,..,84.78185871666666
FKID004443,unplanned,vehicle_breakdown,closed,12.9857398,77.479266,Non-corridor,Unknown,Kamakshipalya,unknown,2024-01-21 00:23:56.580000+00:00,5,6,1,1,False,Low,Low,lcv,tiear puncher,104.65397676666666
FKID004445,unplanned,vehicle_breakdown,closed,12.8792647,77.6466964,Hosur Road,Unknown,Electronic City,unknown,2024-01-21 00:48:40.112000+00:00,6,6,1,1,False,High,High,lcv,on fly over,40.8658856
FKID004446,unplanned,vehicle_breakdown,closed,13.02598,77.7200833,Non-corridor,East Zone 2,K.R. Pura,unknown,2023-12-05 21:32:14.452000+00:00,3,2,0,12,False,Low,Low,lcv,lgv vehicle off road battarahalli towards hosakote sir,117.56678289999999
FKID004450,unplanned,vehicle_breakdown,closed,13.1770041,77.6364868,Bellary Road 2,Unknown,Chikkajala,unknown,2024-01-21 05:05:17.885000+00:00,10,6,1,1,False,High,High,heavy_vehicle,tyre blast near [location],61.77776111666667
FKID004451,unplanned,vehicle_breakdown,closed,13.0199901,77.7095006,Non-corridor,Unknown,K.R. Pura,unknown,2024-01-21 05:58:55.300000+00:00,11,6,1,1,False,Low,Low,ksrtc_bus,ಮೇಡಳ್ಳಿ ಜಂಕ್ಷನ್ ನಿಂದ ಭಟ್ಟರಹಳ್ಳಿ ಜಂಕ್ಷನ್ ಬರುವ ಕಡೆ ವೆಹಿಕಲ್ ಬ್ರೇಕ್ ಡೌನ್ ಆಗಿ ನಿಂತಿದೆ ಸಾರ್,17.657173883333332
FKID004454,unplanned,road_conditions,closed,12.9642324,77.5124845,Non-corridor,West Zone 1,Jnanabharathi,unknown,2024-01-07 21:12:34.692000+00:00,2,0,0,1,False,Low,Low,none,ರಸ್ತೆ ಮೇಲೆ ಆಯಿಲ್ ಸುಮಾರು 300-400 ಉದ್ದಕ್ಕೆ ಚೆಲ್ಲಿದ್ದು ಮಣ್ಣು ಹಾಕಲಾಗಿದ್ದು ಬ್ಯಾರಿಕೇಟ್ ಹಾಕಿ  ಕಾಶನ್ ಟೇಪ್ ಕಟ್ಟಲಾಗಿದೆ,7198.283467300001
FKID004456,unplanned,others,closed,13.0414407,77.5458546,ORR North 2,North Zone 2,Jalahalli,unknown,2023-12-06 00:52:27.811000+00:00,6,2,0,12,False,High,High,none,diesel empty,88.33196928333334
FKID004458,unplanned,road_conditions,closed,13.0042309,77.5839751,Bellary Road 1,West Zone 2,Sadashivanagar,unknown,2023-12-06 02:58:09.742000+00:00,8,2,0,12,False,High,High,none,near 4th main outgoing side.,1080.0639681999999
FKID004463,unplanned,others,closed,13.0268667,77.7211683,Non-corridor,East Zone 2,K.R. Pura,unknown,2023-12-06 05:18:54.865000+00:00,10,2,0,12,False,Low,Low,none,parked at servise road medahalli towards hoskote,34.33242193333333
FKID004475,unplanned,vehicle_breakdown,closed,12.997957,77.5843292,Bellary Road 1,Central Zone 2,Sadashivanagar,unknown,2024-01-08 05:12:07.189000+00:00,10,0,0,1,False,High,High,bmtc_bus,[person],66.08000601666667
FKID004487,unplanned,construction,closed,13.0520864,77.6458472,Non-corridor,East Zone 2,Hennuru,unknown,2024-01-06 20:36:46.804000+00:00,2,6,1,1,False,Low,Low,none,ನಮಸ್ತೆ ಸರ್ ಹೆಣ್ಣೂರ್ ಬಾಗಲೂರು ಮೇನ್ ರೋಡ್ ವೈಟ್ ಟೈಪಿಂಗ್ ಕಾಮಗಾರಿ ನಡೆಯುತ್ತಿರುವುದರಿಂದ ಹೆಣ್ಣೂರು ಬಾಗಲೂರು ಮುಖ್ಯ ರಸ್ತೆ ಕೆ ನಾರಾಯಣಪುರದಿಂದ ಗೆದ್ದಲಳ್ಳಿ ಮುಖ್ಯರಸ್ತೆವರೆಗೆ ವೈಟ್ ಟ್ಯಾಪಿಂಗ್ ಕಾಮಗಾರಿ ಸರ್,2088.7512201166664
FKID004490,unplanned,road_conditions,closed,13.0405253,77.6416766,Airport New South Road,East Zone 2,Hennuru,unknown,2023-11-13 19:25:13.070000+00:00,0,1,0,11,False,High,High,none,ರಸ್ತೆ ಯಲ್ಲಿ ಕೆಸರು ನೀರು [location] ಹೆಣ್ಣೂರು ಜಂಕ್ಷನ್ ಗೆ ಹೋಗುವ ವಾಹನಗಳು ಮಂದಗತಿಯಲ್ಲಿ ಇರುತ್ತವೆ.. 🙏,413.53389055
FKID004496,unplanned,vehicle_breakdown,closed,13.0197796,77.7095576,Non-corridor,East Zone 2,K.R. Pura,unknown,2024-01-08 09:14:46.641000+00:00,14,0,0,1,True,Low,Low,lcv,starting problem,29.330081749999998
FKID004497,unplanned,accident,closed,12.9968495,77.5847935,Bellary Road 1,Central Zone 2,High ground,unknown,2023-11-13 20:48:32.053000+00:00,2,1,0,11,False,High,High,none,small accident happend opposite bda vehicle movment normal sir,77.10802596666667
FKID004498,unplanned,vehicle_breakdown,closed,12.9669599,77.7484269,Non-corridor,East Zone 1,Whitefield,unknown,2024-01-08 18:54:18.794000+00:00,0,1,0,1,False,Low,Low,heavy_vehicle,white field main road towards hope form sir,15.805486683333333
FKID004499,unplanned,pot_holes,closed,12.9522803,77.7002234,ORR East 1,East Zone 1,HAL Old Airport,unknown,2023-11-13 21:13:22.767000+00:00,2,1,0,11,False,High,High,none,[location] road to kadabisenahalli bescom work traffic slow movement sir,4312.2463811
FKID004500,unplanned,vehicle_breakdown,closed,13.0266017,77.5872681,Bellary Road 1,Unknown,R.T. Nagar,unknown,2024-01-22 02:04:20.007000+00:00,7,0,0,1,False,High,High,bmtc_bus,ಬಿಎಂಟಿಸಿ ಬಸ್ ಟೈಯರ್ puncher,36.41474506666667
FKID004508,unplanned,vehicle_breakdown,closed,13.0264842,77.5448307,Tumkur Road,West Zone 1,Yeshwanthpura,unknown,2024-01-08 20:08:21.794000+00:00,1,1,0,1,False,High,High,truck,,84.17469084999999
FKID004511,unplanned,vehicle_breakdown,closed,13.0197731,77.7087354,Non-corridor,Unknown,K.R. Pura,unknown,2024-01-22 02:44:56.727000+00:00,8,0,0,1,False,Low,Low,lcv,tyre bust,68.62886456666666
FKID004512,unplanned,accident,closed,13.0841133,77.5518104,Non-corridor,North Zone 2,Yelahanka,unknown,2023-11-14 05:22:03.832884+00:00,10,1,0,11,False,Low,Low,none,,36.671183766666665
FKID004513,unplanned,vehicle_breakdown,closed,12.95636169,77.73183671,Varthur Road,East Zone 1,Whitefield,unknown,2023-12-07 02:29:11.302000+00:00,7,3,0,12,False,High,High,others,water tanker breakdown at [location],7.910359416666666
FKID004514,unplanned,vehicle_breakdown,closed,13.05972511,77.57677197,Non-corridor,Unknown,Kodigehalli,unknown,2024-01-22 03:01:39.184000+00:00,8,0,0,1,False,Low,Low,bmtc_bus,vehicle breakdown,16.803901183333334
FKID004516,unplanned,vehicle_breakdown,closed,12.9137134,77.6775778,Non-corridor,South Zone 2,Bellandur,unknown,2024-01-08 20:18:29.473000+00:00,1,1,0,1,True,Low,Low,bmtc_bus,,43.907098983333334
FKID004522,unplanned,vehicle_breakdown,closed,12.9113033,77.5670083,ORR West 1,South Zone 1,K.S. Layout,unknown,2023-12-07 04:30:55.598000+00:00,10,3,0,12,False,High,High,bmtc_bus,,96.01973389999999
FKID004523,unplanned,others,closed,12.9907263,77.5015706,Magadi Road,West Zone 1,Kamakshipalya,unknown,2023-11-14 20:22:06.220000+00:00,1,2,0,11,False,High,High,none,ayyappa swami temple [person] pipeline road close sir diversion sub road only cross road sir,6519.404712766667
FKID004524,unplanned,vehicle_breakdown,resolved,13.0486094,77.5137389,Mysore Road,North Zone 2,Halasuru Gate,unknown,2023-12-07 04:34:45.418000+00:00,10,3,0,12,False,High,High,bmtc_bus,nr road towards marcket,96.76755278333333
FKID004525,unplanned,water_logging,closed,13.0116593,77.6159324,Non-corridor,North Zone 1,K.G. Halli,unknown,2023-11-14 20:47:06.998000+00:00,2,2,0,11,True,Low,Low,none,,4694.001404166667
FKID004528,unplanned,pot_holes,closed,12.9887556,77.4994315,Magadi Road,West Zone 1,Kamakshipalya,unknown,2024-01-03 05:56:04.051000+00:00,11,2,0,1,False,High,High,none,2 x 3 feet.lenth.,8267.722609033333
FKID004529,unplanned,vehicle_breakdown,closed,12.93880013,77.52290747,Mysore Road,West Zone 1,Byatarayanapura,unknown,2023-12-07 06:22:29.776000+00:00,11,3,0,12,False,High,High,bmtc_bus,vehicle starting problem,112.81719833333334
FKID004530,unplanned,vehicle_breakdown,closed,12.9890709,77.5072986,Magadi Road,West Zone 1,Kamakshipalya,unknown,2024-01-08 23:44:15.976000+00:00,5,1,0,1,False,High,High,heavy_vehicle,accilater cable cut,8.331595366666667
FKID004532,unplanned,vehicle_breakdown,closed,12.9118314,77.6257063,Hosur Road,South Zone 2,Madiwala,unknown,2023-12-07 07:15:18.073000+00:00,12,3,0,12,False,High,High,bmtc_bus,b,76.14695535000001
FKID004535,planned,protest,closed,13.184446,77.6797199,Non-corridor,Unknown,Chikkajala,unknown,2023-11-14 22:57:07.409000+00:00,4,2,0,11,False,Low,Low,none,airport taxi drivers protest begur galamma circle to towards airport so trffic slow moment,18.243379033333333
FKID004536,unplanned,vehicle_breakdown,closed,12.9896263,77.5017355,Magadi Road,West Zone 1,Kamakshipalya,unknown,2023-11-14 23:45:04.122000+00:00,5,2,0,11,False,High,High,heavy_vehicle,magadi main road opp samruddi hotel towards bh cross herohalli sunkdakatte sir,34.93821658333333
FKID004540,unplanned,others,closed,12.999465,77.5842967,Bellary Road 1,West Zone 2,Sadashivanagar,unknown,2024-01-09 01:57:45.993000+00:00,7,1,0,1,True,High,High,none,[person] to palace cross incomeing side,75.32430751666668
FKID004546,unplanned,vehicle_breakdown,closed,12.9486698,77.7179181,Non-corridor,East Zone 1,Whitefield,unknown,2023-11-15 04:03:41.064000+00:00,9,2,0,11,False,Low,Low,heavy_vehicle,vehicle off-road,13.8765319
FKID004550,unplanned,vehicle_breakdown,closed,12.9498464,77.6993198,ORR East 1,East Zone 1,HAL Old Airport,unknown,2023-12-07 19:36:11.456000+00:00,1,4,0,12,False,High,High,bmtc_bus,"hello sir, this vehicle is parked in front of adishwar due to a straightening problem, sir.",13.849933383333333
FKID004551,unplanned,road_conditions,closed,13.0394665,77.6413904,Airport New South Road,North Zone 1,Hennuru,unknown,2023-11-15 04:53:44.640000+00:00,10,2,0,11,True,High,High,none,vadarpally junction sir,875.3519315
FKID004552,unplanned,accident,closed,12.9227359,77.6700495,ORR East 1,East Zone 1,Bellandur,unknown,2023-11-15 05:40:35.620000+00:00,11,2,0,11,False,High,High,none,self accident front wheel cut,29.571941783333333
FKID004559,unplanned,vehicle_breakdown,closed,13.0199049,77.709868,Non-corridor,East Zone 2,K.R. Pura,unknown,2024-01-09 05:11:34.705000+00:00,10,1,0,1,True,Low,Low,others,starting problem,58.34383913333333
FKID004561,unplanned,vehicle_breakdown,closed,13.0491785,77.5549561,Non-corridor,North Zone 1,Jalahalli,unknown,2024-01-09 06:14:04.003000+00:00,11,1,0,1,False,Low,Low,bmtc_bus,vehicle break down,55.27947091666667
FKID004562,unplanned,vehicle_breakdown,closed,12.9621653,77.5642902,Mysore Road,Central Zone 2,Chamarajpet,unknown,2023-12-07 22:19:56.906000+00:00,3,4,0,12,False,High,High,bmtc_bus,traffic no problem side alli ide,62.3155683
FKID004568,unplanned,vehicle_breakdown,closed,12.8748071,77.6692195,Non-corridor,South Zone 1,Electronic City,unknown,2024-01-09 06:52:42.542000+00:00,12,1,0,1,False,Low,Low,bmtc_bus,bmtc bus front wheel puncture sir,61.12860748333333
FKID004569,unplanned,vehicle_breakdown,closed,12.8417072,77.6442073,Non-corridor,Unknown,Electronic City,unknown,2023-11-15 21:43:26.893000+00:00,3,3,0,11,False,Low,Low,others,cement concrete mixer vehicle off road at [location] towards [location] road traffic slow movement sir,98.90068815
FKID004570,unplanned,tree_fall,closed,13.0139185,77.5793879,Non-corridor,West Zone 2,Sadashivanagar,unknown,2024-01-09 07:15:20.482000+00:00,12,1,0,1,False,Low,Low,none,tree fall on footpath traffic no problem,90.51336833333333
FKID004574,unplanned,others,closed,13.2294452,77.6903518,Non-corridor,Unknown,Devanahalli Airport,unknown,2023-11-16 00:14:01.502000+00:00,5,3,0,11,False,Low,Low,none,desial,5387.863340333333
FKID004581,unplanned,vehicle_breakdown,closed,12.98380495,77.52899131,Magadi Road,West Zone 2,Kamakshipalya,unknown,2024-01-09 08:38:02.633000+00:00,14,1,0,1,False,High,High,lcv,tata ace [person] cut,49.2026263
FKID004582,unplanned,accident,closed,13.0496326,77.4944754,Non-corridor,West Zone 1,Peenya,unknown,2023-12-08 02:39:04.490000+00:00,8,4,0,12,False,Low,Low,none,outgoing parle g toll vehicle self accident,107.37691118333333
FKID004583,unplanned,vehicle_breakdown,closed,12.9986587,77.5843121,Bellary Road 1,West Zone 2,Sadashivanagar,unknown,2024-01-09 08:53:17.321000+00:00,14,1,0,1,False,High,High,bmtc_bus,cauvery to palace guttalli,8.5709438
FKID004584,unplanned,vehicle_breakdown,closed,13.2502567,77.7070167,Non-corridor,Unknown,Devanahalli Airport,unknown,2023-12-08 02:36:32.619000+00:00,8,4,0,12,False,Low,Low,heavy_vehicle,[location] to [location] highway near [location] cross road towards chikballapur side vehicle breakdown,10.310373033333333
FKID004589,unplanned,vehicle_breakdown,closed,12.9193469,77.6429512,ORR East 1,South Zone 2,HSR Layout,unknown,2023-11-16 06:03:32.364000+00:00,11,3,0,11,False,High,High,bmtc_bus,starting problem,89.75760016666666
FKID004593,unplanned,vehicle_breakdown,closed,13.0494288,77.4947532,Non-corridor,West Zone 1,Peenya,unknown,2023-12-08 03:29:11.095000+00:00,8,4,0,12,False,Low,Low,heavy_vehicle,srs on flyover tanker vehicle off-road towards parle toll traffic one side slow movement,57.23335346666667
FKID004595,unplanned,vehicle_breakdown,closed,12.9400972,77.7473413,Non-corridor,East Zone 1,Whitefield,unknown,2023-12-08 07:10:51.172000+00:00,12,4,0,12,False,Low,Low,bmtc_bus,bmtc bus front tyer puncher @ [person] circle towards varthur ps sir traffic slow moving,55.859611666666666
FKID004596,unplanned,vehicle_breakdown,closed,13.03484,77.557342,Non-corridor,North Zone 2,Yeshwanthpura,unknown,2023-11-16 20:55:20.317000+00:00,2,4,0,11,False,Low,Low,heavy_vehicle,battery problem sir,86.91129488333333
FKID004599,unplanned,vehicle_breakdown,closed,13.0200101,77.7099626,Non-corridor,East Zone 2,K.R. Pura,unknown,2023-12-08 06:05:05.283000+00:00,11,4,0,12,True,Low,Low,others,starting problem,91.56274088333333
FKID004600,unplanned,vehicle_breakdown,closed,13.0370812,77.5418374,ORR North 2,West Zone 1,Yeshwanthpura,unknown,2023-11-16 20:14:24.759000+00:00,1,4,0,11,False,High,High,lcv,tyre burst near cqae gate towards [person] traffic one side moving sir,70.69381796666667
FKID004601,unplanned,others,closed,13.0345827,77.5755233,Non-corridor,North Zone 2,Kodigehalli,unknown,2023-11-16 21:10:15.793000+00:00,2,4,0,11,False,Low,Low,none,[person] main road  near sanjay nagar ps,44.664516866666666
FKID004604,unplanned,vehicle_breakdown,closed,13.0422769,77.5484704,ORR North 2,North Zone 2,Jalahalli,unknown,2023-12-08 10:13:32.377000+00:00,15,4,0,12,False,High,High,lcv,due to engine problem it's off roaded near [location] junction towards bel u turn.. mes road,7.5481027166666665
FKID004605,unplanned,others,closed,13.0411509,77.545984,ORR North 2,North Zone 2,Jalahalli,unknown,2023-12-08 08:45:17.382000+00:00,14,4,0,12,False,High,High,none,desiel empty,112.90304878333333
FKID004606,unplanned,vehicle_breakdown,closed,13.021378,77.5842667,Bellary Road 1,North Zone 2,Sadashivanagar,unknown,2023-11-17 01:10:29.045000+00:00,6,4,0,11,False,High,High,bmtc_bus,gear shifting problem,33.71249048333333
FKID004608,unplanned,vehicle_breakdown,closed,12.9796057,77.5105862,Non-corridor,West Zone 1,Jnanabharathi,unknown,2024-01-09 22:13:46.472000+00:00,3,2,0,1,False,Low,Low,bmtc_bus,bda complex near bmtc bus off road sir,46.53765805
FKID004610,unplanned,vehicle_breakdown,closed,12.9994123,77.5843319,Bellary Road 1,West Zone 2,Sadashivanagar,unknown,2023-12-08 19:22:24.068000+00:00,0,5,1,12,False,High,High,bmtc_bus,starting problem,52.97608373333333
FKID004611,unplanned,vehicle_breakdown,closed,12.9658108,77.65806,Non-corridor,Central Zone 1,Jeevanbheemanagar,unknown,2023-12-08 19:18:07.272000+00:00,0,5,1,12,False,Low,Low,lcv,vehicle off road [location] towards ngef sir,98.72606275
FKID004612,unplanned,vehicle_breakdown,closed,12.9039683,77.5105667,Non-corridor,West Zone 1,Kengeri,unknown,2023-11-17 20:22:41.420000+00:00,1,5,1,11,False,Low,Low,bmtc_bus,gear rod cutt thats while traffic slow moveing,39.61189256666667
FKID004613,unplanned,vehicle_breakdown,closed,13.0796571,77.5020024,Non-corridor,Unknown,Chikkabanavara,unknown,2023-11-17 21:02:50.145000+00:00,2,5,1,11,False,Low,Low,bmtc_bus,,32.548574
FKID004615,unplanned,others,closed,12.9911376,77.5855515,Bellary Road 1,Central Zone 2,High ground,unknown,2023-11-17 22:10:32.150000+00:00,3,5,1,11,False,High,High,none,offroad,452.1203694833333
FKID004618,unplanned,others,closed,13.0416033,77.5468346,ORR North 2,North Zone 2,Jalahalli,unknown,2023-12-08 21:16:29.607000+00:00,2,5,1,12,False,High,High,none,excel break down,142.48538508333334
FKID004619,unplanned,pot_holes,closed,12.9985379,77.5844506,Bellary Road 1,West Zone 2,Sadashivanagar,unknown,2023-12-08 21:10:44.009000+00:00,2,5,1,12,False,High,High,none,width and [location],5702.2693427
FKID004620,unplanned,vehicle_breakdown,closed,12.999518,77.6743497,Non-corridor,East Zone 2,Banaswadi,unknown,2023-11-18 01:05:10.777000+00:00,6,5,1,11,False,Low,Low,heavy_vehicle,eicher vehicle offroa at [location] railway station due to wheel jam sir,14.0151522
FKID004625,unplanned,others,closed,13.039775,77.5434356,ORR North 2,North Zone 2,Jalahalli,unknown,2023-11-18 02:47:56.847000+00:00,8,5,1,11,False,High,High,none,tayar burst on muttyalamma bridge,205.8966446
FKID004627,unplanned,vehicle_breakdown,closed,12.9987004,77.584156,Bellary Road 1,Central Zone 2,Sadashivanagar,unknown,2023-11-18 05:03:16.464000+00:00,10,5,1,11,False,High,High,ksrtc_bus,break down  due to gare problem,94.6911131
FKID004633,unplanned,vehicle_breakdown,closed,12.861995,77.6598631,Non-corridor,South Zone 1,Electronic City,unknown,2024-01-10 05:21:22.836000+00:00,10,2,0,1,False,Low,Low,lcv,ec fly over towards city lgv offroad nera beretena agrahara sir,17.692932883333334
FKID004634,unplanned,accident,closed,13.09591716,77.56173962,Non-corridor,North Zone 2,Yelahanka,unknown,2023-11-18 09:24:48.962284+00:00,14,5,1,11,False,Low,Low,none,,26.38407085
FKID004636,unplanned,vehicle_breakdown,closed,12.9621751,77.630028,Non-corridor,Central Zone 1,Halasur,unknown,2024-01-10 05:47:23.885000+00:00,11,2,0,1,False,Low,Low,bmtc_bus,,38.401426900000004
FKID004637,unplanned,vehicle_breakdown,closed,12.99827828,77.66343478,ORR North 1,Central Zone 1,Banaswadi,unknown,2024-01-10 06:11:03.651000+00:00,11,2,0,1,False,High,High,others,battery low,22.08807725
FKID004643,unplanned,vehicle_breakdown,closed,13.0027412,77.6796932,ORR East 2,East Zone 2,K.R. Pura,unknown,2023-11-18 19:45:36.785000+00:00,1,6,1,11,False,High,High,bmtc_bus,towords hoskote,72.49902041666665
FKID004647,unplanned,vehicle_breakdown,closed,13.0200175,77.5837123,Bellary Road 1,West Zone 2,Sadashivanagar,unknown,2023-11-18 22:03:12.241000+00:00,3,6,1,11,False,High,High,private_car,"car offroad near hqtc bus stop outgoing side due to tyre puncture, shifted to bus stop. no problem for vehicle movement.",40.69936873333334
FKID004648,unplanned,vehicle_breakdown,closed,13.0891594,77.5960975,Bellary Road 2,Unknown,Yelahanka,unknown,2024-01-22 12:05:28.146000+00:00,17,0,0,1,False,High,High,heavy_vehicle,[person] mrng sir heavy goods vehicle off-road at [person] towards city traffi movement slow sir,43.00044726666667
FKID004653,planned,construction,closed,13.0493257,77.645601,Non-corridor,East Zone 2,Hennuru,unknown,2024-01-10 19:40:46.980000+00:00,1,3,0,1,True,Low,Low,none,white tapping work is going on sir,6237.622645016667
FKID004654,unplanned,vehicle_breakdown,closed,12.9524768,77.6997647,ORR East 1,Unknown,HAL Old Airport,unknown,2024-01-22 20:42:32.159000+00:00,2,1,0,1,False,High,High,bmtc_bus,near home town [location] regarding front right wheel functure,12.876541900000001
FKID004655,unplanned,vehicle_breakdown,closed,12.9856366,77.4863683,Non-corridor,Unknown,Kamakshipalya,unknown,2024-01-22 21:16:37.242000+00:00,2,1,0,1,False,Low,Low,heavy_vehicle,,52.71905041666666
FKID004657,unplanned,vehicle_breakdown,closed,12.8689366,77.5363322,Non-corridor,Unknown,Thalagattapura,unknown,2024-01-22 21:18:11.167000+00:00,2,1,0,1,False,Low,Low,ksrtc_bus,[location] road towards banashankari traffic movement is slow sir.,62.614986433333335
FKID004658,unplanned,construction,closed,13.0741677,77.6516608,Non-corridor,Unknown,Hennuru,unknown,2024-01-22 20:39:09.352000+00:00,2,1,0,1,False,Low,Low,none,ನಮಸ್ತೆ ಸರ್ ಹೆಣ್ಣರು ಬಾಗ್ಲುರ್ ಮೈನ್ ರೋಡ್ ವೈಟ್ ಟ್ಯಾಪಿಂಗ್ ಕಾಮಗಾರಿ ನಡೆಯುತ್ತಿರುವುದರಿಂದ ಟ್ರಾಫಿಕ್ ಸ್ಲೋ ಮೊಮೊವೆಂಟ್ ಇದೆ ಸರ್ ರಾಪಿಗೆ ಯಾವುದೇ ಸಮಸ್ಯೆ ಇರುವುದಿಲ್ಲ ಸರ್ ಸರ್,1436.9409212833334
FKID004660,unplanned,others,closed,13.03221,77.58787,Bellary Road 1,North Zone 2,Kodigehalli,unknown,2023-11-19 02:45:48.779000+00:00,8,6,1,11,False,High,High,none,starting trabal,185.81082023333332
FKID004664,unplanned,vehicle_breakdown,closed,12.9424948,77.7466463,Non-corridor,East Zone 1,Whitefield,unknown,2023-12-09 10:02:29.969000+00:00,15,5,1,12,False,Low,Low,heavy_vehicle,varthur college towards varthur [person] sir,32.470111116666665
FKID004665,unplanned,vehicle_breakdown,closed,13.1091483,77.60362,Bellary Road 2,North Zone 2,Yelahanka,unknown,2024-01-10 20:34:48.488000+00:00,2,3,0,1,False,High,High,taxi,[location] onflyover to wards airport cab clutch plate problem sir traffic normal mument sir,74.9959374
FKID004672,unplanned,vehicle_breakdown,closed,13.0801789,77.5023143,Non-corridor,Unknown,Chikkabanavara,unknown,2024-01-10 21:50:36.158000+00:00,3,3,0,1,False,Low,Low,bmtc_bus,due to starting problem,14.4955594
FKID004673,unplanned,vehicle_breakdown,closed,13.1097617,77.6032733,Bellary Road 2,North Zone 2,Yelahanka,unknown,2024-01-10 20:41:29.576000+00:00,2,3,0,1,False,High,High,heavy_vehicle,palahalli gate onflyover to wards airport eicher vehicle starting problem sir,68.20895490000001
FKID004674,unplanned,construction,closed,13.0904756,77.60245,Non-corridor,North Zone 2,Yelahanka,unknown,2023-12-09 20:55:11.662000+00:00,2,6,1,12,False,Low,Low,none,[location] white taping work sir traffic mument slow ede sir,7661.4715138
FKID004682,unplanned,others,closed,12.945192,77.4953199,Non-corridor,West Zone 1,Jnanabharathi,unknown,2023-11-19 19:40:29.591000+00:00,1,0,0,11,False,Low,Low,none,vehicle starting problem not moving sir at [location] traffic moment normal sir,392.16103275
FKID004685,unplanned,vehicle_breakdown,closed,13.0493864,77.5942175,Bellary Road 1,North Zone 1,Hebbala,unknown,2023-11-19 20:09:57.865000+00:00,1,0,0,11,True,High,High,heavy_vehicle,vehicle breakdown due to puncture,83.15135861666666
FKID004686,unplanned,vehicle_breakdown,closed,12.9966168,77.5848161,Bellary Road 1,Central Zone 2,High ground,unknown,2024-01-10 23:14:08.607000+00:00,4,3,0,1,False,High,High,others,[person] towerds b02 near railway bridge vehicle tyre blast traffic normal movement,40.08785518333333
FKID004687,unplanned,vehicle_breakdown,closed,12.9961799,77.5848005,Bellary Road 1,Central Zone 2,High ground,unknown,2023-11-19 21:07:41.992000+00:00,2,0,0,11,False,High,High,taxi,"due to vehicle break down near forsh showroom,  so traffic from [location] towards bo2  going  slowly",85.08149098333334
FKID004688,unplanned,vehicle_breakdown,closed,12.9997059,77.5839711,Bellary Road 1,West Zone 2,Sadashivanagar,unknown,2024-01-11 01:03:41.123000+00:00,6,3,0,1,False,High,High,bmtc_bus,vehicle breakdown due to tyre puncture,65.8663165
FKID004689,unplanned,vehicle_breakdown,closed,13.0472913,77.5007091,Non-corridor,West Zone 1,Peenya,unknown,2023-11-19 21:52:26.750000+00:00,3,0,0,11,False,Low,Low,lcv,"peenya flyover incoming [location] station on flyover lgv vehicles tyre puncher, vehicles one side moving towards goragontepalya",102.04546606666666
FKID004691,unplanned,others,closed,13.0422533,77.6418933,Airport New South Road,East Zone 2,Hennuru,unknown,2024-01-11 01:28:38.129000+00:00,6,3,0,1,False,High,High,none,hgv  vehicle tyre blast traffic no problem sir,16.642737933333333
FKID004696,unplanned,vehicle_breakdown,closed,13.0005223,77.6762205,ORR East 2,Unknown,Banaswadi,unknown,2024-01-23 01:46:48.618000+00:00,7,1,0,1,False,High,High,bmtc_bus,,6.547450666666666
FKID004698,unplanned,vehicle_breakdown,closed,13.0054924,77.685631,Non-corridor,East Zone 2,K.R. Pura,unknown,2023-11-19 23:17:00.794000+00:00,4,0,0,11,False,Low,Low,bmtc_bus,[person],41.68275345
FKID004699,unplanned,vehicle_breakdown,closed,12.9407935,77.7470493,Non-corridor,East Zone 1,Whitefield,unknown,2023-11-19 23:50:32.035000+00:00,5,0,0,11,False,Low,Low,heavy_vehicle,this vehicle breakdown at varturu [person] circle towards gunjuru.,40.976809116666665
FKID004702,unplanned,vehicle_breakdown,closed,12.9901073,77.5050328,Magadi Road,West Zone 1,Kamakshipalya,unknown,2023-11-20 03:49:23.025000+00:00,9,0,0,11,False,High,High,bmtc_bus,brek down,60.05368791666667
FKID004709,unplanned,vehicle_breakdown,closed,13.0161856,77.7094731,Non-corridor,East Zone 2,K.R. Pura,unknown,2023-12-10 04:57:36.973000+00:00,10,6,1,12,False,Low,Low,lcv,ಸೀಗೆಹಳ್ಳಿ ಮುಖ್ಯರಸ್ತೆಯಲ್ಲಿ ಗೂಡ್ಸ್ ಗಾಡಿ ನಿಂತಿದೆ ಟ್ರಾಫಿಕ್ ಮೂಮೆಂಟ್ ಸ್ಲೋ ಇದೆ ಸರ್,7.317652333333333
FKID004710,unplanned,vehicle_breakdown,closed,12.9982247,77.7580286,Non-corridor,East Zone 2,Mahadevapura,unknown,2023-11-20 19:28:18.166000+00:00,0,1,0,11,False,Low,Low,taxi,traffic slow moving hopeform towards [person],99.16390298333334
FKID004713,unplanned,vehicle_breakdown,closed,13.0422496,77.5488461,ORR North 2,North Zone 2,Jalahalli,unknown,2023-12-10 05:04:48.872000+00:00,10,6,1,12,False,High,High,truck,vehicle break down,9.211240083333333
FKID004715,unplanned,vehicle_breakdown,closed,13.04098,77.5453533,ORR North 2,North Zone 2,Jalahalli,unknown,2023-12-10 05:19:25.336000+00:00,10,6,1,12,False,High,High,others,vehicle break down,11.609703566666667
FKID004716,unplanned,vehicle_breakdown,closed,13.0478149,77.554091,Non-corridor,North Zone 2,Jalahalli,unknown,2023-12-10 05:38:52.532000+00:00,11,6,1,12,False,Low,Low,heavy_vehicle,vehicle break down.,10.431269066666665
FKID004717,unplanned,vehicle_breakdown,closed,13.043665,77.6027722,ORR North 1,North Zone 1,Hebbala,unknown,2023-12-10 06:24:46.480000+00:00,11,6,1,12,False,High,High,private_car,starting problem,16.300484133333335
FKID004724,unplanned,others,closed,13.0411047,77.5455693,ORR North 2,North Zone 2,Jalahalli,unknown,2023-11-21 02:22:22.951000+00:00,7,1,0,11,False,High,High,none,petrol empty,13.802722683333334
FKID004730,unplanned,vehicle_breakdown,closed,13.0005648,77.757477,Non-corridor,East Zone 2,Mahadevapura,unknown,2023-12-10 18:42:44.298000+00:00,0,0,0,12,False,Low,Low,heavy_vehicle,cement bulker vehicle breakdown,168.7313624
FKID004731,unplanned,vehicle_breakdown,resolved,13.0845542,77.5501542,Non-corridor,North Zone 2,Yeshwanthpura,unknown,2023-11-21 08:29:29.201000+00:00,13,1,0,11,False,Low,Low,bmtc_bus,joint cut problem sir,92.39337251666667
FKID004732,unplanned,vehicle_breakdown,closed,12.9857296,77.5265996,Magadi Road,West Zone 2,Kamakshipalya,unknown,2023-11-21 08:48:30.866000+00:00,14,1,0,11,False,High,High,bmtc_bus,break vaccum down,79.66424116666667
FKID004733,unplanned,vehicle_breakdown,closed,13.003475,77.5841612,Bellary Road 1,West Zone 2,Sadashivanagar,unknown,2023-12-10 21:06:32.450000+00:00,2,0,0,12,False,High,High,others,vehicle off road near [location] number 9 due to starting problem,40.299746033333335
FKID004744,unplanned,vehicle_breakdown,closed,12.8872783,77.73818,Non-corridor,Unknown,Whitefield,unknown,2023-12-11 00:55:35.765000+00:00,6,0,0,12,False,Low,Low,truck,,45.618598600000006
FKID004748,unplanned,vehicle_breakdown,closed,13.0425069,77.5490278,ORR North 2,North Zone 2,Jalahalli,unknown,2023-11-22 00:49:01.318000+00:00,6,2,0,11,False,High,High,lcv,starting priblem sir traffic one side moment sir,26.215256266666664
FKID004754,unplanned,vehicle_breakdown,closed,13.0261088,77.5854506,Bellary Road 1,North Zone 2,Kodigehalli,unknown,2023-11-22 03:38:33.175000+00:00,9,2,0,11,False,High,High,heavy_vehicle,starting problem,61.22423801666666
FKID004756,unplanned,pot_holes,closed,12.9507636,77.7000162,ORR East 1,East Zone 1,HAL Old Airport,unknown,2023-11-22 04:08:50.180000+00:00,9,2,0,11,False,High,High,none,[location] service road  to adishwar bescom work traffic slow moment sir,1319.2296099500002
FKID004762,unplanned,vehicle_breakdown,closed,12.9358469,77.6918667,ORR East 1,East Zone 1,HAL Old Airport,unknown,2024-01-11 23:55:36.036000+00:00,5,4,0,1,False,High,High,others,eicher vehicle starting problem sir [person] near main rd towards [location] sir,89.64109846666666
FKID004764,unplanned,vehicle_breakdown,resolved,13.0486085,77.513748,Non-corridor,North Zone 2,K.S. Layout,unknown,2023-11-22 08:53:45.376000+00:00,14,2,0,11,False,Low,Low,bmtc_bus,slow movements,12.877330833333334
FKID004770,unplanned,vehicle_breakdown,closed,13.0224983,77.7139583,Non-corridor,East Zone 2,K.R. Pura,unknown,2023-11-22 13:59:31.290000+00:00,19,2,0,11,False,Low,Low,lcv,ಮೇಡಳ್ಳಿ ಜಂಕ್ಷನ್ ನಿಂದ ಭಟ್ಟರಹಳ್ಳಿ ಜಂಕ್ಷನ್ ಗೆ ಬರುವ ಕಡೆ ಗೇರ್ ರಾಡ್ ಕಟ್ಟಾಗಿ ನಿಂತಿದೆ ಸರ್,44.05130068333334
FKID004774,unplanned,vehicle_breakdown,closed,12.9794184,77.582,Non-corridor,Unknown,Upparpet,unknown,2024-01-23 21:53:36.624000+00:00,3,2,0,1,False,Low,Low,bmtc_bus,,156.2564053
FKID004775,unplanned,vehicle_breakdown,closed,12.9735596,77.6988105,ORR East 2,East Zone 1,Mahadevapura,unknown,2024-01-12 03:28:51.855000+00:00,8,4,0,1,False,High,High,heavy_vehicle,,29.160188716666667
FKID004778,unplanned,vehicle_breakdown,closed,12.9767555,77.7544836,Non-corridor,East Zone 1,Whitefield,unknown,2024-01-12 03:53:58.709000+00:00,9,4,0,1,False,Low,Low,private_car,car tyre problem and not moving,45.4172374
FKID004781,unplanned,vehicle_breakdown,closed,13.0042028,77.5838495,Bellary Road 1,West Zone 2,Sadashivanagar,unknown,2024-01-12 03:42:35.914000+00:00,9,4,0,1,False,High,High,bmtc_bus,tyare burst,60.449528900000004
FKID004795,unplanned,construction,closed,13.0393834,77.6414713,Airport New South Road,North Zone 1,Hennuru,unknown,2023-12-11 20:17:56.180000+00:00,1,1,0,12,False,High,High,none,ಸಾರ್ ನಮಸ್ತೆ ವಡ್ರಪಾಳ್ಯ ಜಂಕ್ಷನ್ ನಲ್ಲಿ bwssb  ವರ್ಕ್ ಮಾಡುತ್ತಿದ್ದು ಸಂಚಾರ ನಿದಾನಗತ್ತಿಯಲ್ಲಿ ಸಾಗುತ್ತಿದೆ ಸರ್,419.0733540666667
FKID004797,unplanned,vehicle_breakdown,closed,12.94423,77.4947781,Non-corridor,West Zone 1,Jnanabharathi,unknown,2023-11-23 05:09:59.682000+00:00,10,3,0,11,False,Low,Low,bmtc_bus,[person] towards mariyappanapalya,52.3679289
FKID004798,unplanned,others,closed,13.0225731,77.5845867,Bellary Road 1,Unknown,Sadashivanagar,unknown,2024-01-24 02:30:34.927000+00:00,8,2,0,1,False,High,High,none,ಸದರಿ ವಾಹನದ ಟಾಯರ್ ಬಸ್ಟ್ ಆಗಿರುತ್ತದೆ ಸರ್.,43.06716361666667
FKID004801,unplanned,procession,closed,12.9864648,77.489907,Magadi Road,West Zone 1,Kamakshipalya,unknown,2023-11-23 05:21:12.288000+00:00,10,3,0,11,False,High,High,none,ಸಂಕ್ರಾಂತಿ ಪ್ರಯುಕ್ತ  ಮೆರವಣಿಗೆ,120.45697526666666
FKID004804,unplanned,vehicle_breakdown,closed,13.1106622,77.6040613,Bellary Road 2,Unknown,Yelahanka,unknown,2024-01-24 04:14:37.879000+00:00,9,2,0,1,False,High,High,heavy_vehicle,[location] onflyover to wards airport eicher vehicle empty fuel sir traffic normal mument sir,87.68711406666667
FKID004818,unplanned,vehicle_breakdown,closed,13.0246963,77.5470577,Tumkur Road,Unknown,Yeshwanthpura,unknown,2024-01-24 05:43:42.631000+00:00,11,2,0,1,False,High,High,ksrtc_bus,,32.2092193
FKID004822,unplanned,construction,closed,13.0554898,77.6467757,Non-corridor,East Zone 2,Hennuru,unknown,2023-11-23 20:07:10.432000+00:00,1,4,0,11,False,Low,Low,none,ಸರ್ ನಮಸ್ತೆ ಹೆಣ್ಣೂರು ಬಾಗಲೂರು ಮುಖ್ಯ ರಸ್ತೆ ವೈಟ್ ಟೋಪಿಂಗ್ ಕಾಮಗಾರಿ ನಡೆಯುತ್ತಿರುವರಿಂದ ಬಾಗಲೂರು ಕಡೆ ವಾಹನಗಳ ಸಂಚಾರವು ನಿಧಾನಗತಿಯಲ್ಲಿ ಸಾಗುತ್ತಿದೆ ಸರ್,3.4467353833333334
FKID004823,planned,construction,closed,13.0556221,77.6471416,Non-corridor,East Zone 2,Hennuru,unknown,2023-11-23 20:10:38.669000+00:00,1,4,0,11,True,Low,Low,none,white tapping work is in progress at hennur bagalur main road sir,329.12024915
FKID004827,unplanned,vehicle_breakdown,closed,13.016195,77.7093283,Non-corridor,East Zone 2,K.R. Pura,unknown,2023-11-24 20:03:33.494000+00:00,1,5,1,11,False,Low,Low,heavy_vehicle,ಸೀಗೆಹಳ್ಳಿ ಮುಖ್ಯರಸ್ತೆ ಯಲ್ಲಿ ಲಾರಿಯ ಹಿಂಬದಿ ಗಾಲಿ ಹುದುಗಿದೆ ಟ್ರಾಫಿಕ್ ಮೂಮೆಂಟ್ ಸ್ಲೋ ಇದೆ ಸರ್,63.62485048333333
FKID004835,unplanned,others,closed,13.0416266,77.5477991,ORR North 2,North Zone 2,Jalahalli,unknown,2023-12-12 01:38:36.250000+00:00,7,1,0,12,False,High,High,none,towards bel muthyalanagar sir,15.641905283333333
FKID004837,unplanned,vehicle_breakdown,closed,13.049128,77.4958286,Non-corridor,West Zone 1,Peenya,unknown,2024-01-12 08:27:51.701000+00:00,13,4,0,1,False,Low,Low,lcv,[location] station main track lcv vehicle off-road towards city traffic one side movement,31.049118983333337
FKID004840,unplanned,vehicle_breakdown,closed,13.056078,77.6329093,Hennur Main Road,North Zone 1,Hennuru,unknown,2023-11-25 04:39:39.224000+00:00,10,5,1,11,False,High,High,bmtc_bus,bmtc bus break fileur sir,50.382559799999996
FKID004841,unplanned,vehicle_breakdown,closed,13.0871167,77.5950933,Bellary Road 2,North Zone 1,Yelahanka,unknown,2023-11-25 05:03:37.967000+00:00,10,5,1,11,False,High,High,others,yelahanka bypass on flyover towards airport due to tirebrust traffic no problem sir,44.61752728333333
FKID004843,unplanned,vehicle_breakdown,closed,12.96309,77.748285,Non-corridor,East Zone 1,Whitefield,unknown,2023-12-12 04:26:21.544000+00:00,9,1,0,12,False,Low,Low,heavy_vehicle,hagadur towords,41.34313795
FKID004844,unplanned,others,closed,13.0415774,77.5471055,ORR North 2,North Zone 2,Jalahalli,unknown,2023-11-25 05:40:10.246000+00:00,11,5,1,11,False,High,High,none,bmtc bus offroad at [location]. towards goraguntepalya sir,74.58705141666665
FKID004845,unplanned,vehicle_breakdown,closed,12.9558583,77.7263767,Varthur Road,East Zone 1,Whitefield,unknown,2023-11-25 05:45:04.080000+00:00,11,5,1,11,False,High,High,lcv,tyre puncture,54.53153316666667
FKID004846,unplanned,vehicle_breakdown,closed,13.0373345,77.5891886,Bellary Road 1,North Zone 2,Kodigehalli,unknown,2023-11-25 06:54:33.771000+00:00,12,5,1,11,False,High,High,truck,,96.51823415
FKID004849,unplanned,vehicle_breakdown,closed,12.9614083,77.7477767,Non-corridor,East Zone 1,Whitefield,unknown,2023-12-12 05:07:50.735000+00:00,10,1,0,12,False,Low,Low,private_bus,[location] sir,15.559016000000002
FKID004851,unplanned,vehicle_breakdown,closed,13.004995,77.6372391,Non-corridor,North Zone 1,Banaswadi,unknown,2023-12-12 06:57:37.580000+00:00,12,1,0,12,True,Low,Low,private_car,front wheel left axel cut,6.640204833333333
FKID004855,unplanned,others,closed,13.0664554,77.6407115,Non-corridor,East Zone 2,Hennuru,unknown,2023-11-25 23:03:37.333000+00:00,4,6,1,11,False,Low,Low,none,good morning sir [person] signals ge [person] cut madata iddu sadari vehicle slow movement idhe sir,79.93364358333334
FKID004857,unplanned,vehicle_breakdown,closed,13.0436044,77.6050417,ORR North 1,North Zone 1,Hebbala,unknown,2023-11-25 23:42:35.994000+00:00,5,6,1,11,False,High,High,private_car,car offroad veeranapalya towards hebbala circle,36.747132416666666
FKID004858,unplanned,others,closed,12.9860364,77.4880288,Non-corridor,West Zone 1,Kamakshipalya,unknown,2023-11-26 00:46:36.126000+00:00,6,6,1,11,False,Low,Low,none,[person],4396.209827066667
FKID004859,unplanned,vehicle_breakdown,closed,12.9805555,77.5166163,Non-corridor,West Zone 1,Kamakshipalya,unknown,2023-11-25 23:45:48.021000+00:00,5,6,1,11,False,Low,Low,truck,,8.764527933333333
FKID004860,unplanned,vehicle_breakdown,closed,13.0000768,77.5996972,Non-corridor,Central Zone 2,R.T. Nagar,unknown,2023-11-26 01:16:49.650000+00:00,6,6,1,11,False,Low,Low,private_car,[location] road electrical car vehicle break down traffic slow movement sir,68.46058618333333
FKID004862,unplanned,vehicle_breakdown,resolved,13.1843296,77.5664982,Bellary Road 2,Unknown,Yelahanka,unknown,2023-11-26 01:26:47.426000+00:00,6,6,1,11,False,High,High,bmtc_bus,bmtc breakdown at near [location] traffic police station rmz mall due to tirebrust sir,79.22377388333332
FKID004869,unplanned,pot_holes,closed,12.9838831,77.5287012,Magadi Road,Unknown,Kamakshipalya,unknown,2024-01-24 06:45:09.254000+00:00,12,2,0,1,False,High,High,none,,1358.3815949666666
FKID004870,unplanned,others,closed,12.8914995,77.6113082,Non-corridor,Unknown,Mico Layout,unknown,2024-01-24 06:45:45.081000+00:00,12,2,0,1,False,Low,Low,none,near indian oil petrol bunk in vijay bank layout oil fall down on road now we put the dust on road so traffic moving slowly sir,1553.7663699333332
FKID004873,unplanned,pot_holes,closed,12.9284979,77.5925776,Non-corridor,Central Zone 2,Jayanagara,unknown,2023-11-26 05:48:11.768000+00:00,11,6,1,11,True,Low,Low,none,,9.656423833333333
FKID004875,unplanned,vehicle_breakdown,closed,13.0469858,77.5007263,Non-corridor,West Zone 1,Peenya,unknown,2023-11-26 06:32:02.176000+00:00,12,6,1,11,False,Low,Low,private_car,"peenya flyover outgoing [location] station on flyover car off road, towards [location].",18.1232739
FKID004876,unplanned,vehicle_breakdown,closed,12.9989526,77.5842517,Bellary Road 1,West Zone 2,Sadashivanagar,unknown,2023-12-12 20:11:40.977000+00:00,1,2,0,12,False,High,High,heavy_vehicle,,9.0990085
FKID004889,unplanned,vehicle_breakdown,closed,13.0128127,77.5535107,West of Chord Road,West Zone 1,Malleshwaram,unknown,2023-11-27 00:23:54.700000+00:00,5,0,0,11,False,High,High,ksrtc_bus,,38.17363073333333
FKID004891,unplanned,vehicle_breakdown,closed,12.9902533,77.5042758,Magadi Road,West Zone 1,Kamakshipalya,unknown,2023-11-27 01:00:15.320000+00:00,6,0,0,11,False,High,High,heavy_vehicle,gear problem,8.908011233333333
FKID004895,unplanned,vehicle_breakdown,closed,12.9198233,77.542495,Non-corridor,West Zone 1,Banashankari,unknown,2023-12-12 20:42:14.349000+00:00,2,2,0,12,False,Low,Low,lcv,mini lorry got off road due to technical problem at vbb bakery  to wards  ittamadu jn.,115.30609676666667
FKID004899,unplanned,road_conditions,closed,12.9625629,77.5125679,Non-corridor,West Zone 1,Jnanabharathi,unknown,2024-01-12 22:17:06.846000+00:00,3,5,1,1,False,Low,Low,none,ರಸ್ತೆ ಮೇಲೆ ಆಯಿಲ್ ಬಿದ್ದಿರುತ್ತದೆ,18.664876366666665
FKID004900,unplanned,vehicle_breakdown,closed,13.0074,77.5839417,Bellary Road 1,West Zone 2,Sadashivanagar,unknown,2023-11-27 03:04:55.278000+00:00,8,0,0,11,False,High,High,private_car,6th main outgoing side.,7.330868683333334
FKID004902,unplanned,procession,closed,13.1032152,77.6253189,Non-corridor,North Zone 2,Yelahanka,unknown,2023-11-27 03:44:35.705000+00:00,9,0,0,11,False,Low,Low,none,kogilu main road to kogilu village vehicle mument slow [person],166.81366601666664
FKID004911,unplanned,vehicle_breakdown,closed,12.9141819,77.6765696,Non-corridor,South Zone 2,Bellandur,unknown,2024-01-12 22:44:57.162000+00:00,4,5,1,1,False,Low,Low,bmtc_bus,,105.27233006666667
FKID004912,unplanned,others,closed,12.9896755,77.5056916,Magadi Road,Unknown,Kamakshipalya,unknown,2024-01-24 19:17:04.400000+00:00,0,3,0,1,False,High,High,none,electrical work bescom...near sunkadakatte towards wildcraft,48.009267783333335
FKID004913,planned,construction,closed,13.0317617,77.5873317,Bellary Road 1,North Zone 2,Kodigehalli,unknown,2024-01-12 23:32:42.047000+00:00,5,5,1,1,False,High,High,none,median repair,5.682947016666666
FKID004914,unplanned,vehicle_breakdown,closed,12.9473755,77.5328074,Mysore Road,West Zone 2,Byatarayanapura,unknown,2023-11-27 19:04:48.648000+00:00,0,1,0,11,False,High,High,lcv,self accident mysore road upper ram nearby shell petrol bunk,34.983110116666666
FKID004915,unplanned,vehicle_breakdown,closed,12.9993581,77.5838223,Bellary Road 1,Central Zone 2,Sadashivanagar,unknown,2023-11-27 18:47:56.845000+00:00,0,1,0,11,False,High,High,private_bus,breakdown,110.57912203333333
FKID004916,unplanned,vehicle_breakdown,closed,13.0653552,77.5040293,Non-corridor,North Zone 2,Chikkabanavara,unknown,2023-11-27 20:32:33.805000+00:00,2,1,0,11,False,Low,Low,private_bus,duu to mechanical problem sir,29.094076266666665
FKID004919,unplanned,vehicle_breakdown,closed,13.0356208,77.5347383,Tumkur Road,West Zone 1,Yeshwanthpura,unknown,2023-11-27 20:37:54.439000+00:00,2,1,0,11,False,High,High,others,wheel jam near [location] road towards bfw traffic no problem sir,19.710776516666666
FKID004923,unplanned,tree_fall,closed,12.9888033,77.4976333,Magadi Road,West Zone 1,Kamakshipalya,unknown,2023-12-13 04:11:33.260000+00:00,9,2,0,12,True,High,High,none,tree fal mahadesh barnagar to bh cross in coming side.,91.44109088333333
FKID004927,unplanned,vehicle_breakdown,closed,12.9782223,77.5151096,Non-corridor,Unknown,Jnanabharathi,unknown,2024-01-24 20:39:19.299000+00:00,2,3,0,1,False,Low,Low,truck,ವಾಹನ starting problem,24.450349916666667
FKID004929,unplanned,vehicle_breakdown,closed,12.9562667,77.7325788,Varthur Road,East Zone 1,Whitefield,unknown,2023-12-13 04:59:33.798000+00:00,10,2,0,12,False,High,High,private_bus,varthur kodi towards siddapura montion abouve vehical breakdown,139.90008856666665
FKID004949,unplanned,vehicle_breakdown,closed,12.899533,77.7122526,Non-corridor,Unknown,Whitefield,unknown,2023-12-13 20:24:34.015000+00:00,1,3,0,12,False,Low,Low,private_bus,school bus breakdown near wipro opp towards kodatigate,90.77372385
FKID004952,unplanned,vehicle_breakdown,resolved,12.8469493,77.672515,ORR East 1,Unknown,HAL Old Airport,unknown,2024-01-13 05:09:11.633000+00:00,10,5,1,1,False,High,High,bmtc_bus,ನಮಸ್ಕಾರ ಮೇಡಂ ದೇವರ ಬಿಸ್ನಳ್ಳಿ  ಜಂಕ್ಷನ್ ನಿಂದ ಕಾಡ ಬಿಚನಹಳ್ಳಿ ಜಂಕ್ಷನ್ ಕಡೆಗೆ [person] ರಸ್ತೆಯಲ್ಲಿ  ಬಿಎಂಟಿಸಿ ಬಸ್ ಬ್ರೇಕ್ ಡೌನ್ ವಾಗಿದೆ ಮೇಡಂ,980.1172258333334
FKID004954,unplanned,vehicle_breakdown,closed,12.9024645,77.705852,Non-corridor,Unknown,Bellandur,unknown,2023-12-13 20:53:27.960000+00:00,2,3,0,12,False,Low,Low,private_car,traffic slove,46.3259174
FKID004959,unplanned,water_logging,closed,12.9435175,77.6979694,ORR East 1,East Zone 1,HAL Old Airport,unknown,2023-12-13 21:52:16.210000+00:00,3,3,0,12,False,High,High,none,[location] water wall be leaked waterflow onroad thats why traffic slow moving towards kadubeesanahalli,4670.149929583334
FKID004964,unplanned,vehicle_breakdown,closed,12.9967664,77.5847577,Bellary Road 1,Unknown,High ground,unknown,2024-01-25 05:17:44.716000+00:00,10,3,0,1,False,High,High,others,bda down ramp towards b02 junction sir,39.85933068333333
FKID004968,unplanned,construction,closed,12.9053195,77.6096809,Non-corridor,Unknown,Mico Layout,unknown,2024-01-25 05:31:10.751000+00:00,11,3,0,1,False,Low,Low,none,footpath is under construction traffic is moving slow sir [person] to [person] on 29th main road,274.00397273333334
FKID004970,unplanned,vehicle_breakdown,resolved,13.0895998,77.3908201,Non-corridor,Unknown,Sadashivanagar,unknown,2024-01-13 06:23:31.540000+00:00,11,5,1,1,False,Low,Low,bmtc_bus,bmtc off-road near sadashivnagar ps junction signal sir stock 15 towerds sadashivnagar ps junction signal sir [person] idhe sir,25.791576833333334
FKID004983,unplanned,vehicle_breakdown,closed,13.0133386,77.6998768,Non-corridor,Unknown,K.R. Pura,unknown,2024-01-25 06:22:22.555000+00:00,11,3,0,1,False,Low,Low,bmtc_bus,off-road due to air break lock at govt clg signal towards city,41.31266376666667
FKID004987,unplanned,vehicle_breakdown,closed,12.9423082,77.5481102,Non-corridor,Unknown,Banashankari,unknown,2024-01-25 06:25:23.261000+00:00,11,3,0,1,False,Low,Low,others,traffic moving slow,62.41803623333333
FKID004991,unplanned,vehicle_breakdown,closed,13.0624717,77.5733483,Non-corridor,Unknown,Kodigehalli,unknown,2024-01-25 07:56:16.243000+00:00,13,3,0,1,False,Low,Low,private_car,starting problem sir railway underpass thindlu main road,51.74567765
FKID004994,unplanned,vehicle_breakdown,closed,13.041426,77.5457729,ORR North 2,North Zone 2,Jalahalli,unknown,2024-01-13 19:21:03.481000+00:00,0,6,1,1,False,High,High,heavy_vehicle,,8.8561709
FKID004998,unplanned,pot_holes,closed,13.0062112,77.5837405,Bellary Road 1,West Zone 2,Sadashivanagar,unknown,2023-12-14 20:53:27.173000+00:00,2,4,0,12,False,High,High,none,,1566.9048729333333
FKID004999,unplanned,vehicle_breakdown,closed,13.0035148,77.5298216,Non-corridor,West Zone 1,Rajajinagar,unknown,2024-01-13 20:06:18.722000+00:00,1,6,1,1,False,Low,Low,lcv,,48.370828966666664
FKID005000,unplanned,vehicle_breakdown,closed,12.9630559,77.5124532,Non-corridor,West Zone 1,Jnanabharathi,unknown,2024-01-13 21:09:42.557000+00:00,2,6,1,1,False,Low,Low,taxi,ವಾಹನದ ಇಂಧನ ಖಾಲಿ ಆಗಿದೆ,32.68535996666667
FKID005001,unplanned,construction,closed,13.0529083,77.646015,Non-corridor,East Zone 2,Hennuru,unknown,2023-12-14 20:55:31.161000+00:00,2,4,0,12,False,Low,Low,none,white tapping,4899.213565916667
FKID005007,unplanned,vehicle_breakdown,closed,12.9938317,77.5849467,Bellary Road 1,Unknown,High ground,unknown,2024-01-25 08:58:51.471000+00:00,14,3,0,1,False,High,High,heavy_vehicle,starting problem,20.757847583333334
FKID005008,unplanned,vehicle_breakdown,closed,13.0842575,77.5519225,Non-corridor,Unknown,Yelahanka,unknown,2024-01-25 08:46:37.881000+00:00,14,3,0,1,False,Low,Low,bmtc_bus,bmtc bus upload wheel jam,126.5230286
FKID005011,unplanned,tree_fall,closed,13.0132709,77.6484194,Non-corridor,Unknown,Banaswadi,unknown,2024-01-25 10:14:44.434000+00:00,15,3,0,1,True,Low,Low,none,ಮರ ಬಿದ್ದಿರುತ್ತದೆ.,634.9466416166667
FKID005013,unplanned,water_logging,closed,13.0467801,77.5011956,Non-corridor,Unknown,Peenya,unknown,2024-01-25 10:32:18.417000+00:00,16,3,0,1,False,Low,Low,none,water logging opposite [location] appartment towards outgoing side vehicle slow moving sir,5312.2899721
FKID005018,unplanned,vehicle_breakdown,closed,13.10963,77.6035517,Bellary Road 2,North Zone 2,Yelahanka,unknown,2023-12-15 04:36:41.347000+00:00,10,4,0,12,False,High,High,taxi,[location] onflyover to wards airport cab break down sir traffic normal mument sir,133.28790756666666
FKID005019,unplanned,vehicle_breakdown,closed,13.0468693,77.5024237,Non-corridor,Unknown,Peenya,unknown,2024-01-25 21:05:52.153000+00:00,2,4,0,1,False,Low,Low,private_car,towards [location],29.97115595
FKID005024,unplanned,vehicle_breakdown,closed,13.0424133,77.5492224,ORR North 2,North Zone 2,Jalahalli,unknown,2023-12-15 03:56:39.730000+00:00,9,4,0,12,False,High,High,lcv,,13.06309525
FKID005027,unplanned,vehicle_breakdown,closed,13.1312897,77.615127,Bellary Road 2,Unknown,Yelahanka,unknown,2024-01-14 01:21:18.478000+00:00,6,6,1,1,False,High,High,heavy_vehicle,iaf onflyover to wards airport bbmp [person] tyer bust sir traffic slow mument ede sir,46.695242549999996
FKID005029,unplanned,vehicle_breakdown,closed,13.0034717,77.5838414,Bellary Road 1,Unknown,Sadashivanagar,unknown,2024-01-26 03:28:50.815000+00:00,8,4,0,1,False,High,High,heavy_vehicle,bbmp vehicle starting problem sir💐,19.9379241
FKID005032,unplanned,others,closed,13.13606,77.6174583,Bellary Road 2,Unknown,Yelahanka,unknown,2024-01-14 02:08:00.665000+00:00,7,6,1,1,False,High,High,none,near iaf onflyover to wards city ncc work sir traffic normal mument sir,2948.766243083333
FKID005035,unplanned,vehicle_breakdown,closed,13.0262486,77.5445358,Tumkur Road,West Zone 1,Yeshwanthpura,unknown,2024-01-14 03:54:17.133000+00:00,9,6,1,1,False,High,High,bmtc_bus,,51.0690825
FKID005037,unplanned,others,closed,13.0069922,77.7575016,Non-corridor,East Zone 1,Mahadevapura,unknown,2024-01-14 03:52:06.324000+00:00,9,6,1,1,False,Low,Low,none,weekend slow moving traffic towards belathur and hopefarm,56.020648449999996
FKID005039,unplanned,accident,resolved,12.9374294,77.4716733,Non-corridor,Unknown,Jnanabharathi,unknown,2024-01-26 23:50:10.030182+00:00,5,5,1,1,True,Low,Low,none,cobra 1 attended,81.74033895
FKID005041,unplanned,accident,resolved,12.9374302,77.4716732,Non-corridor,Unknown,Jnanabharathi,unknown,2024-01-26 23:55:27.357722+00:00,5,5,1,1,False,Low,Low,none,attended cobra 2,73.76595049999999
FKID005043,unplanned,vehicle_breakdown,closed,12.9982107,77.584406,Bellary Road 1,West Zone 2,Sadashivanagar,unknown,2024-01-14 04:47:34.211000+00:00,10,6,1,1,False,High,High,others,palace guttalli to palace cross,91.85315681666665
FKID005044,unplanned,vehicle_breakdown,closed,13.0429917,77.5986233,ORR North 1,North Zone 1,Hebbala,unknown,2023-12-15 21:12:23.792000+00:00,2,5,1,12,False,High,High,lcv,starting problem sir,17.6375147
FKID005045,unplanned,vehicle_breakdown,closed,12.9736933,77.698385,ORR East 2,East Zone 1,Mahadevapura,unknown,2023-12-15 21:02:05.547000+00:00,2,5,1,12,False,High,High,private_bus,vehicle break down,49.72056991666667
FKID005048,unplanned,vehicle_breakdown,closed,13.0114761,77.6158094,Non-corridor,North Zone 1,K.G. Halli,unknown,2023-12-15 21:42:21.701000+00:00,3,5,1,12,False,Low,Low,bmtc_bus,starting problem sir,25.304260933333335
FKID005054,unplanned,road_conditions,closed,13.0031856,77.6817413,ORR East 2,East Zone 2,K.R. Pura,unknown,2023-12-15 22:40:58.560000+00:00,4,5,1,12,False,High,High,none,pc=19132,25.643229650000002
FKID005060,unplanned,vehicle_breakdown,closed,13.0013317,77.5254817,Non-corridor,West Zone 1,Rajajinagar,unknown,2024-01-14 05:53:40.193000+00:00,11,6,1,1,False,Low,Low,heavy_vehicle,ಡೀಸೆಲ್ ಖಾಲಿ ಯಾಗಿ ನಿಂತಿದೆ ಸರ್.,80.12362475
FKID005062,unplanned,test_demo,closed,13.0008764,77.5253349,Non-corridor,West Zone 1,Rajajinagar,unknown,2024-01-14 07:13:53.233000+00:00,12,6,1,1,False,Low,Low,none,[person],1.2892694833333331
FKID005087,unplanned,accident,closed,12.973092,77.5130496,Non-corridor,Unknown,Jnanabharathi,unknown,2024-01-27 21:19:07.740000+00:00,2,6,1,1,False,Low,Low,none,ಹಸು ರಸ್ತೆಯಲ್ಲಿ ಬಂದಿದೆ ಅಂತ ಮುಂದಿನ ಕಾರು break ಹಾಕಿದಾಗ ಹಿಂದೆ ಬರುತ್ತಿದ್ದ ಮೂರು [location] ಆಕ್ಸಿಡೆಂಟ್ ಆಗಿರುತ್ತದೆ,53.34333818333334
FKID005090,unplanned,accident,closed,13.0040774,77.5841625,Bellary Road 1,West Zone 2,Sadashivanagar,unknown,2023-12-16 22:10:23.844000+00:00,3,6,1,12,False,High,High,none,from mekhri circle to [person],22.104458983333334
FKID005100,unplanned,vehicle_breakdown,closed,12.9610679,77.5114574,Non-corridor,West Zone 1,Jnanabharathi,unknown,2023-12-17 02:07:42.781000+00:00,7,6,1,12,False,Low,Low,bmtc_bus,off-road,70.50113398333333
FKID005101,unplanned,vehicle_breakdown,closed,13.0815219,77.5482176,Non-corridor,North Zone 1,Yelahanka,unknown,2023-12-17 02:10:03.844000+00:00,7,6,1,12,False,Low,Low,private_car,,3.8101085833333332
FKID005103,unplanned,vehicle_breakdown,closed,12.9610812,77.5129374,Non-corridor,Unknown,Jnanabharathi,unknown,2024-01-28 00:06:05.300000+00:00,5,6,1,1,False,Low,Low,heavy_vehicle,ಆಯಿಲ್ ಬಾಕ್ಸ್ ಲೀಕಜೆ ಆಗಿ ನಿಂತಿದೆ ಸರ್,49.09052761666667
FKID005104,unplanned,vehicle_breakdown,closed,12.9935408,77.7574599,Non-corridor,Unknown,Mahadevapura,unknown,2024-01-28 01:29:56.721000+00:00,6,6,1,1,False,Low,Low,heavy_vehicle,slow moving traffic towards [location] junction,25.623109600000003
FKID005105,unplanned,vehicle_breakdown,closed,12.9999998,77.6821895,ORR East 2,East Zone 2,Mahadevapura,unknown,2024-01-15 18:29:50.097000+00:00,23,0,0,1,False,High,High,heavy_vehicle,hgv off road near lovely junction,31.903825633333334
FKID005106,unplanned,vehicle_breakdown,closed,12.9857635,77.5265826,Magadi Road,West Zone 2,Kamakshipalya,unknown,2023-12-17 06:51:49.650000+00:00,12,6,1,12,False,High,High,truck,one side slow moving traffic,16.718276533333334
FKID005107,unplanned,others,closed,13.031056,77.5598929,Non-corridor,West Zone 2,Yeshwanthpura,unknown,2023-12-17 06:25:19.398000+00:00,11,6,1,12,False,Low,Low,none,street light poll falling on tree sir,2451.852184266667
FKID005108,unplanned,vehicle_breakdown,closed,12.9186326,77.6698261,Non-corridor,East Zone 1,Bellandur,unknown,2024-01-15 19:21:04.167000+00:00,0,1,0,1,False,Low,Low,heavy_vehicle,sarjapur road bellandur gate break down  traffic slow movement,39.002808116666664
FKID005114,unplanned,accident,closed,13.0079927,77.526769,Non-corridor,West Zone 1,Rajajinagar,unknown,2023-12-17 19:15:48.209000+00:00,0,0,0,12,False,Low,Low,none,between two vehicles accident,20.5029632
FKID005124,unplanned,vehicle_breakdown,closed,13.026353,77.544093,Tumkur Road,West Zone 1,Yeshwanthpura,unknown,2024-01-15 22:27:00.844000+00:00,3,1,0,1,False,High,High,bmtc_bus,,69.02691816666668
FKID005127,unplanned,procession,closed,13.0550629,77.6006986,Non-corridor,North Zone 1,Hebbala,unknown,2023-12-18 05:07:07.889000+00:00,10,0,0,12,False,Low,Low,none,rs,58.20283951666667
FKID005133,unplanned,vehicle_breakdown,closed,12.98704927,77.49115508,Magadi Road,West Zone 1,Kamakshipalya,unknown,2023-12-18 20:54:19.968000+00:00,2,1,0,12,False,High,High,lcv,,46.903321283333334
FKID005135,unplanned,vehicle_breakdown,closed,13.0058476,77.593119,Non-corridor,Unknown,R.T. Nagar,unknown,2024-01-28 05:01:38.284000+00:00,10,6,1,1,False,Low,Low,bmtc_bus,off loaded due to starting problem,21.676458
FKID005139,unplanned,vehicle_breakdown,closed,13.1174,77.6086525,Bellary Road 2,North Zone 2,Yelahanka,unknown,2024-01-16 05:10:07.841000+00:00,10,1,0,1,False,High,High,heavy_vehicle,palahalli gate onflyover to wards city hgv [person] starting problem sir traffic normal mument sir,19.907681733333334
FKID005140,unplanned,others,closed,13.04227,77.5447417,ORR North 2,Unknown,Jalahalli,unknown,2024-01-28 09:00:28.774000+00:00,14,6,1,1,False,High,High,none,front tayar puncher,5092.898924116667
FKID005143,unplanned,vehicle_breakdown,closed,12.8539011,77.5887307,Bannerghata Road,Unknown,Hulimavu,unknown,2024-01-28 07:44:52.881000+00:00,13,6,1,1,False,High,High,bmtc_bus,vehicle not started,23.094614033333336
FKID005144,unplanned,vehicle_breakdown,closed,12.929715,77.573648,Non-corridor,Unknown,Banashankari,unknown,2024-01-28 07:02:22.575000+00:00,12,6,1,1,False,Low,Low,bmtc_bus,bmtc bus off road due to staring issue informed to machanic,123.51028495
FKID005155,unplanned,vehicle_breakdown,closed,12.9436447,77.6980616,ORR East 1,East Zone 1,HAL Old Airport,unknown,2023-12-21 19:10:20.255000+00:00,0,4,0,12,False,High,High,heavy_vehicle,[person] police station to kadubisanahalli junction kadege hoguv main roadnalli e vehicle upload aagide sir,43.20982215
FKID005161,unplanned,others,closed,12.9884603,77.4728075,Non-corridor,Unknown,Kamakshipalya,unknown,2024-01-29 03:08:26.546000+00:00,8,0,0,1,False,Low,Low,none,bmtc breakdown  near nice road juction,28.82723145
FKID005162,unplanned,vehicle_breakdown,closed,13.1506186,77.6198101,Bellary Road 2,Unknown,Chikkajala,unknown,2024-01-29 05:41:09.688000+00:00,11,0,0,1,False,High,High,heavy_vehicle,chikkjal tr ps limits toyota showroom opposite hgv vehicle offload tyre brust sir towards city,142.36468729999999
FKID005171,unplanned,vehicle_breakdown,closed,12.9240352,77.6184979,Hosur Road,Unknown,Madiwala,unknown,2024-01-29 17:08:48.665000+00:00,22,0,0,1,False,High,High,bmtc_bus,towards city bmtc vajra bus battery problem traffic slow movement sir,63.03992563333334
FKID005172,unplanned,vehicle_breakdown,closed,13.0175987,77.5573269,Tumkur Road,Unknown,Yeshwanthpura,unknown,2024-01-29 19:09:58.341000+00:00,0,1,0,1,False,High,High,heavy_vehicle,,22.331262849999998
FKID005173,unplanned,vehicle_breakdown,closed,12.9804179,77.5704887,Non-corridor,Unknown,Chamarajpet,unknown,2024-01-29 20:40:29.813000+00:00,2,1,0,1,False,Low,Low,private_bus,,36.19868998333333
FKID005177,unplanned,others,closed,12.9502115,77.6993885,ORR East 1,Unknown,HAL Old Airport,unknown,2024-01-29 23:12:15.842000+00:00,4,1,0,1,False,High,High,none,sewage water leakage flow on road infront of [location] blue hotel,5526.908770416666
FKID005178,unplanned,vehicle_breakdown,closed,12.9140531,77.5675163,ORR West 1,Unknown,Banashankari,unknown,2024-01-29 21:04:12.901000+00:00,2,1,0,1,False,High,High,taxi,from [person] canteen towards yarab nagr jn,4.3907913333333335
FKID005183,unplanned,vehicle_breakdown,closed,12.9508198,77.7000234,ORR East 1,Unknown,HAL Old Airport,unknown,2024-01-29 19:12:19.202000+00:00,0,1,0,1,False,High,High,lcv,ಮಾರತಳ್ಳಿ ಬ್ರಿಜ್ ಟುವರ್ಡ್ಸ್ ಸಿಲ್ಕ್ ಬೋರ್ಡ್ ಕಡೆಗೆ [person] ರೋಡ್ ಹತ್ತಿರ ಕ್ರೀಮ್ ಸ್ಟೋನ್,29.683071050000002
FKID005184,unplanned,vehicle_breakdown,closed,13.0197552,77.7090345,Non-corridor,Unknown,K.R. Pura,unknown,2024-01-29 21:58:38.344000+00:00,3,1,0,1,False,Low,Low,ksrtc_bus,ಮೇಡಳ್ಳಿ ಜಂಕ್ಷನ್ ನಿಂದ ಭಟ್ಟರಹಳ್ಳಿ ಜಂಕ್ಷನ್ ಬರುವ ಕಡೆ ಬಸ್ ಅಪ್ಲೋಡ್ ಆಗಿ ನಿಂತಿದೆ ಟ್ರಾಫಿಕ್ ಮೂಮೆಂಟ್ ಸ್ಲೋ ಇದೆ ಸರ್,11.861054683333332
FKID005189,unplanned,construction,closed,13.0421167,77.5948983,ORR North 1,North Zone 1,Hebbala,unknown,2023-12-27 22:37:18.505000+00:00,4,3,0,12,False,High,High,none,[location] work is going on near bethel church service road towards veeranapalya sir,51.12241125
FKID005193,unplanned,others,closed,13.0002617,77.757775,Non-corridor,East Zone 2,Mahadevapura,unknown,2023-12-30 03:47:19.319000+00:00,9,5,1,12,False,Low,Low,none,starting problem,98.94985726666667
FKID005195,unplanned,road_conditions,closed,13.0705131,77.6205588,Non-corridor,North Zone 1,Hennuru,unknown,2024-01-01 01:29:17.906000+00:00,6,0,0,1,False,Low,Low,none,ನಮಸ್ತೆ ಸರ್ ರೈಲ್ವೆ [location] ಪಾಸ್ ಟುವರ್ಡ್ ಹೆಗಡೆ ನಗರ ಟುವರ್ಡ್ ಜಕ್ಕೂರು ರಸ್ತೆ ರೈಲ್ವೆ ಕಂಬಿಗಳು ಅವುಗಳನ್ನು ವೆಲ್ಡಿಂಗ್ ಮಾಡುವುದರ ಮೂಲಕ ಸರಿ ಮಾಡಲು ಎರಡು ಗಂಟೆಗಳ ಕಾಲ ಕೆಲಸ ನಡೆಯುತ್ತದೆ ಟ್ರಾಫಿಕ್ ಸಮಸ್ಯೆ ಇರುವುದಿಲ್ಲ ಓಪನ್ ಮಾಡುತ್ತೇವೆ ಸರ್ ಯಾವುದೇ ಟ್ರಾಫಿಕ್ ಸಮಸ್ಯೆ ಇರುವುದಿಲ್ಲ ಸಾರ್ ನಮಸ್ತೆ,7112.5823547
FKID005197,unplanned,water_logging,closed,12.9217733,77.585775,Non-corridor,South Zone 1,Jayanagara,unknown,2023-11-09 20:51:36.296000+00:00,2,4,0,11,False,Low,Low,none,traffic movement is noraml,5800.0067728
FKID005198,unplanned,vehicle_breakdown,closed,13.0432983,77.6079367,ORR North 1,North Zone 1,Hebbala,unknown,2023-11-10 01:22:07.058000+00:00,6,4,0,11,False,High,High,lcv,vehicle breakdown due to starting problem,62.70201386666667
FKID005199,unplanned,vehicle_breakdown,closed,13.033575,77.58831,Bellary Road 1,North Zone 2,Kodigehalli,unknown,2023-11-10 03:34:33.419000+00:00,9,4,0,11,False,High,High,lcv,starting problem,82.52175041666666
FKID005200,unplanned,vehicle_breakdown,resolved,13.07549,77.5469283,Hennur Main Road,North Zone 1,Hennuru,unknown,2023-11-10 06:06:31.253000+00:00,11,4,0,11,False,High,High,bmtc_bus,ನಮಸ್ತೆ ಸರ್ ನಾಗವಾರ ಟುವರ್ಡ್ ತಣಿಸಂದ್ರ ಹೋಗುವ ಮಾರ್ಗದಲ್ಲಿ ಬಿ ಎಂ [person] ಸಿ ಬಸ್ ಆಫ್ ರೋಡ್ ಆಗಿರುತ್ತದೆ ಸೈಡಲ್ಲಿ ಇದ್ದು ಒಂದು ಆಗುತ್ತದೆ ಮೆಕಾನಿಕ್ [location] ಆದಷ್ಟು ಬೇಗ ರಿಮೋವ್ ಮಾಡಿಸುತ್ತೇನೆ ಸರ್,75.17017265
FKID005201,unplanned,vehicle_breakdown,closed,13.0395867,77.5433917,ORR North 2,North Zone 2,Jalahalli,unknown,2023-11-10 19:28:39.194000+00:00,0,5,1,11,False,High,High,private_bus,starting problem sir traffic one side moment sir,10.677372616666666
FKID005202,unplanned,vehicle_breakdown,closed,13.0198716,77.7091574,Non-corridor,East Zone 2,K.R. Pura,unknown,2023-11-11 04:48:47.417000+00:00,10,5,1,11,True,Low,Low,lcv,wheel puncture,159.28904783333334
FKID005204,unplanned,vehicle_breakdown,closed,12.9874952,77.4752769,Non-corridor,West Zone 1,Kamakshipalya,unknown,2023-11-12 02:50:44.442000+00:00,8,6,1,11,False,Low,Low,others,vehicle is beside the road there is no problem to flow of traffic,17.285524333333335
FKID005206,unplanned,vehicle_breakdown,closed,12.9337824,77.6890112,ORR East 1,East Zone 1,HAL Old Airport,unknown,2023-11-13 20:47:18.867000+00:00,2,1,0,11,False,High,High,bmtc_bus,,40.835751566666666
FKID005209,unplanned,vehicle_breakdown,resolved,12.9097357,77.5365061,Non-corridor,South Zone 1,Wilson Garden,unknown,2023-11-14 01:30:18.438000+00:00,7,1,0,11,False,Low,Low,bmtc_bus,[location] gate to [location] pillar junction [location] bus break problem,13.202446683333333
FKID005210,unplanned,vehicle_breakdown,closed,12.9262483,77.5318283,Non-corridor,West Zone 1,Kengeri,unknown,2023-11-14 02:29:38.088000+00:00,7,1,0,11,False,Low,Low,lcv,this vehicle off road at near [person] due to tyre problem..traffic no prablem sir,67.34591795
FKID005211,unplanned,others,closed,13.0570632,77.6484321,Non-corridor,East Zone 2,Hennuru,unknown,2023-11-14 19:27:14.312000+00:00,0,2,0,11,False,Low,Low,none,ನಮಸ್ತೆ ಸರ್ ಗುಡ್ ಮಾರ್ನಿಂಗ್ ಹೆಣ್ಣೂರು ಬಾಗಲೂರು ಮುಖ್ಯ ರಸ್ತೆಯಲ್ಲಿ ಭೈರತಿ ಕ್ರಾಸ್ ಹತ್ತಿರ ವೈಟ್ ಟಾಪಿಂಗ್ ಕಾಮಗಾರಿ ನಡೆಯುತ್ತಿರುವುದರಿಂದ ವಾಹನಗಳ ಸಂಚಾರವು ಬಾಗಲೂರು ಕಡೆ ನಿಧಾನಗತಿಯಲ್ಲಿ  ಸಾಗುತ್ತಿದೆ ಸರ್,531.4297273999999
FKID005213,unplanned,congestion,closed,12.9591573,77.6611908,Old Airport Road,Central Zone 1,Jeevanbheemanagar,unknown,2023-11-15 06:20:33.479000+00:00,11,2,0,11,False,High,High,none,vip moment,1.56152965
FKID005214,unplanned,vehicle_breakdown,closed,13.0249001,77.585098,Bellary Road 1,North Zone 2,Kodigehalli,unknown,2023-11-15 07:26:05.112000+00:00,12,2,0,11,False,High,High,lcv,ಕಾರ್,14.133789316666668
FKID005221,unplanned,vehicle_breakdown,closed,13.03398,77.5880117,Bellary Road 1,North Zone 2,Kodigehalli,unknown,2023-11-17 05:38:28.352000+00:00,11,4,0,11,False,High,High,lcv,tyre punctured infront of [location] towards city main track,36.82487128333333
FKID005222,unplanned,vehicle_breakdown,closed,12.9603335,77.6435282,Old Airport Road,Central Zone 1,Jeevanbheemanagar,unknown,2023-11-17 05:46:13.415000+00:00,11,4,0,11,False,High,High,bmtc_bus,ಪಂಚರ್,63.47326641666667
FKID005226,unplanned,others,closed,12.9462933,77.5228133,Non-corridor,West Zone 1,Byatarayanapura,unknown,2023-11-20 01:20:59.110000+00:00,6,0,0,11,False,Low,Low,none,traffic slow moment,1143.35217835
FKID005227,unplanned,vehicle_breakdown,closed,13.0480041,77.5548906,Non-corridor,North Zone 2,Jalahalli,unknown,2023-11-20 01:48:16.799000+00:00,7,0,0,11,False,Low,Low,bmtc_bus,vehicle break down,126.8133991
FKID005231,unplanned,vehicle_breakdown,closed,13.0097673,77.5837359,Bellary Road 1,West Zone 2,Sadashivanagar,unknown,2023-11-20 20:48:51.103000+00:00,2,1,0,11,False,High,High,truck,inbetween 8th main and 9th main outgoing side ballary road,16.259062183333334
FKID005232,unplanned,vehicle_breakdown,closed,12.9621842,77.6299419,Non-corridor,Central Zone 1,Halasur,unknown,2023-11-20 20:55:05.145000+00:00,2,1,0,11,False,Low,Low,bmtc_bus,,87.88003225000001
FKID005234,unplanned,others,closed,13.0040366,77.5835459,Bellary Road 1,West Zone 2,Sadashivanagar,unknown,2023-11-22 00:55:45.340000+00:00,6,2,0,11,False,High,High,none,"bmtc bus wheel functor, outing side cauvery junction.. no issues to traffic moment sir.",1355.9523948333333
FKID005235,unplanned,others,closed,13.0024583,77.6831109,ORR East 2,East Zone 2,K.R. Pura,unknown,2023-11-22 00:55:25.585000+00:00,6,2,0,11,False,High,High,none,this vehicle is uoset on the road veh [vehicle],695.0349998500001
FKID005236,unplanned,vehicle_breakdown,closed,12.9900634,77.5030222,Magadi Road,West Zone 1,Kamakshipalya,unknown,2023-11-22 01:47:07.379000+00:00,7,2,0,11,False,High,High,ksrtc_bus,starting problem,6.511275816666667
FKID005237,unplanned,vehicle_breakdown,closed,13.0326393,77.5877578,Bellary Road 1,North Zone 2,Kodigehalli,unknown,2023-11-22 06:57:10.465000+00:00,12,2,0,11,False,High,High,private_car,starting problem,42.97605128333333
FKID005240,unplanned,vehicle_breakdown,closed,13.0264597,77.6200847,Non-corridor,North Zone 1,K.G. Halli,unknown,2023-11-23 01:19:44.024000+00:00,6,3,0,11,False,Low,Low,heavy_vehicle,hgv off-road due to starting trauble,29.942643966666665
FKID005241,unplanned,vehicle_breakdown,closed,13.0365217,77.5893649,Bellary Road 1,North Zone 2,Kodigehalli,unknown,2023-11-23 04:11:07.563000+00:00,9,3,0,11,False,High,High,lcv,lgv vehicle breakdown,23.71280468333333
FKID005247,unplanned,vehicle_breakdown,closed,12.8743224,77.5410921,Non-corridor,South Zone 1,Thalagattapura,unknown,2023-11-28 04:33:40.141000+00:00,10,1,0,11,False,Low,Low,heavy_vehicle,ಬನಶಂಕರಿಯಿಂದ ಕನಕಪುರ ಕಡೆ ಹೋಗೋ ರಸ್ತೆ,80.19145851666667
FKID005253,unplanned,others,resolved,13.0230236,77.6008531,Non-corridor,North Zone 2,R.T. Nagar,unknown,2023-11-28 07:01:34.136000+00:00,12,1,0,11,True,Low,Low,none,dinnur main road towards sultanpalya signal [location],46.103593716666666
FKID005256,unplanned,vehicle_breakdown,closed,12.9381416,77.7467868,Non-corridor,East Zone 1,Whitefield,unknown,2023-11-29 00:10:24.484000+00:00,5,2,0,11,False,Low,Low,heavy_vehicle,varthur police station towards gunjur sir,23.25843605
FKID005259,unplanned,others,closed,12.989977,77.5027374,Magadi Road,West Zone 1,Kamakshipalya,unknown,2023-11-30 00:46:09.615000+00:00,6,3,0,11,False,High,High,none,due to bwwssb chamber cleaning,77.66299434999999
FKID005265,unplanned,others,closed,12.9749011,77.5122987,Non-corridor,West Zone 1,Jnanabharathi,unknown,2023-12-01 07:00:16.286000+00:00,12,4,0,12,False,Low,Low,none,fire,15.692345233333333
FKID005266,unplanned,construction,closed,13.0662238,77.6406617,Non-corridor,East Zone 2,Hennuru,unknown,2023-12-01 19:43:39.435000+00:00,1,5,1,12,False,Low,Low,none,[location] work at nagenhalli junction sir traffic slow moment,414.5363759
FKID005270,unplanned,vehicle_breakdown,closed,12.880365,77.545865,Non-corridor,South Zone 1,Thalagattapura,unknown,2023-12-02 19:24:04.043000+00:00,0,6,1,12,False,Low,Low,bmtc_bus,break down chain ⛓️ cut,69.24498263333334
FKID005274,unplanned,others,closed,12.906425,77.4729334,Mysore Road,West Zone 1,Kengeri,unknown,2023-12-03 21:35:36.306000+00:00,3,0,0,12,False,High,High,none,towards incoming   traffic no problem sir,99.86904421666667
FKID005276,unplanned,road_conditions,closed,13.0042305,77.5840858,Bellary Road 1,West Zone 2,Sadashivanagar,unknown,2023-12-05 05:00:44.348000+00:00,10,1,0,12,False,High,High,none,cuavery junction to mekhri circle slow vehicle due to bad road condition,8165.740103133333
FKID005277,unplanned,vehicle_breakdown,closed,12.93894976,77.52299739,Mysore Road,West Zone 1,Byatarayanapura,unknown,2023-12-06 07:00:40.511000+00:00,12,2,0,12,False,High,High,heavy_vehicle,vehicle starting problem,24.543379599999998
FKID005280,unplanned,vehicle_breakdown,closed,12.9954901,77.5849484,Bellary Road 1,Central Zone 2,High ground,unknown,2023-12-08 06:23:40.516000+00:00,11,4,0,12,False,High,High,private_bus,,52.19419608333333
FKID005285,unplanned,vehicle_breakdown,closed,12.95570915,77.72316585,Varthur Road,East Zone 1,Whitefield,unknown,2023-12-10 08:34:49.149000+00:00,14,6,1,12,False,High,High,private_bus,private bus breakdown at tubarahalli,9.96850835
FKID005289,unplanned,vehicle_breakdown,closed,13.0483148,77.5547351,Non-corridor,North Zone 1,Jalahalli,unknown,2023-12-14 22:54:32.355000+00:00,4,4,0,12,False,Low,Low,bmtc_bus,vehicle break down.,45.659029499999995
FKID005293,unplanned,vehicle_breakdown,closed,12.9975402,77.6639746,ORR North 1,Central Zone 1,Banaswadi,unknown,2023-12-15 19:49:19.392000+00:00,1,5,1,12,False,High,High,heavy_vehicle,,144.15670458333335
FKID005294,unplanned,vehicle_breakdown,closed,13.0071345,77.6887062,Non-corridor,East Zone 2,K.R. Pura,unknown,2023-12-15 20:02:12.175000+00:00,1,5,1,12,False,Low,Low,lcv,iti govt hospital road towards hoskote road vechile breekdown slow movement sir..,64.77909031666667
FKID005297,unplanned,vehicle_breakdown,closed,12.9994343,77.6747251,ORR East 2,East Zone 2,Banaswadi,unknown,2023-12-15 21:11:39.732000+00:00,2,5,1,12,False,High,High,truck,vehicle breakdown,61.383499750000006
FKID005298,unplanned,vehicle_breakdown,closed,13.0407394,77.54469,ORR North 2,North Zone 2,Jalahalli,unknown,2023-12-15 21:16:05.869000+00:00,2,5,1,12,False,High,High,private_bus,,56.45296956666667
FKID005327,unplanned,vehicle_breakdown,closed,13.0298582,77.5380185,Tumkur Road,West Zone 1,Yeshwanthpura,unknown,2023-12-16 02:12:32.339000+00:00,7,5,1,12,False,High,High,lcv,starting problem goraguntepalya towards cmti,19.686655499999997
FKID005339,unplanned,vehicle_breakdown,closed,12.9126831,77.5673126,ORR West 1,South Zone 1,K.S. Layout,unknown,2023-12-16 05:45:18.533000+00:00,11,5,1,12,False,High,High,private_car,traffic no problems,75.37487433333334
FKID005341,unplanned,water_logging,closed,13.0128793,77.5546021,West of Chord Road,West Zone 2,Malleshwaram,unknown,2023-12-16 19:45:09.002000+00:00,1,6,1,12,False,High,High,none,[location] working problem sir 🙏,7894.235071849999
FKID005342,unplanned,accident,closed,12.8804543,77.6452946,Hosur Road,South Zone 2,Electronic City,unknown,2023-12-16 20:00:50.823000+00:00,1,6,1,12,False,High,High,none,chain accident,20.58339885
FKID005344,unplanned,others,closed,13.0067539,77.6879797,Non-corridor,East Zone 2,K.R. Pura,unknown,2023-12-17 07:42:44.013000+00:00,13,6,1,12,False,Low,Low,none,pc=19132,31.693810616666667
FKID005345,unplanned,vehicle_breakdown,closed,12.9823732,77.5176914,Non-corridor,West Zone 1,Kamakshipalya,unknown,2023-12-17 08:30:40.435000+00:00,14,6,1,12,False,Low,Low,private_bus,bus break fail,44.57036183333333
FKID005347,unplanned,accident,closed,13.0078785,77.5268075,Non-corridor,West Zone 1,Rajajinagar,unknown,2023-12-17 19:20:50.180000+00:00,0,0,0,12,False,Low,Low,none,between two vehicles in accident,15.379208666666667
FKID005348,unplanned,vehicle_breakdown,closed,12.97726717,77.75125437,Non-corridor,East Zone 1,Whitefield,unknown,2023-12-17 20:57:48.005000+00:00,2,0,0,12,False,Low,Low,others,lgv vehicle tyre brust at [location],14.3899262
FKID005349,unplanned,vehicle_breakdown,closed,12.9622023,77.5639864,Mysore Road,Central Zone 2,Chamarajpet,unknown,2023-12-17 21:53:28.043000+00:00,3,0,0,12,False,High,High,private_bus,bus off road agide sir starting problem out going side cr headquarter on flyover sir,30.176836466666668
FKID005356,unplanned,vehicle_breakdown,closed,12.9964917,77.584805,Bellary Road 1,Central Zone 2,High ground,unknown,2023-12-18 20:04:44.014000+00:00,1,1,0,12,False,High,High,others,"this vehicle off road near [location]), due to tyre brust. no problem for traffic.",17.879924716666668
FKID005377,unplanned,others,closed,13.1116919,77.6045523,Bellary Road 2,North Zone 2,Yelahanka,unknown,2023-12-18 23:04:49.083000+00:00,4,1,0,12,False,High,High,none,[location] onflyover to wards city nhi painting work sir traffic normal mument sir,1841.0177078000002
FKID005378,unplanned,vehicle_breakdown,closed,13.0187649,77.5577122,Tumkur Road,West Zone 2,Yeshwanthpura,unknown,2023-12-18 23:17:12.359000+00:00,4,1,0,12,False,High,High,lcv,rear wheel hub problem sir,25.483353933333333
FKID005379,unplanned,accident,closed,12.8794381,77.6459502,Hosur Road,South Zone 2,Electronic City,unknown,2023-12-18 23:17:50.522000+00:00,4,1,0,12,False,High,High,none,both cars accident on ec fly over towards husharu near keys hotel sir,33.47683516666667
FKID005380,unplanned,construction,closed,12.9134986,77.6038584,Non-corridor,South Zone 2,Mico Layout,unknown,2023-12-19 00:56:15.062000+00:00,6,1,0,12,False,Low,Low,none,bwssb chamber work is going on no traffic issues,4328.668001566667
FKID005382,unplanned,vehicle_breakdown,closed,13.019729,77.7090559,Non-corridor,East Zone 2,K.R. Pura,unknown,2023-12-19 02:22:05.197000+00:00,7,1,0,12,False,Low,Low,private_bus,ಭಟ್ರಹಳ್ಳಿ ಸಿಗ್ನಲ್ ಮುಖ್ಯ ರಸ್ತೆಯಲ್ಲಿ ಪ್ರವೇಟ್ ಬಸ್ಸು ಬ್ರೇಕ್ ಡೌನ್ ಆಗಿರುತ್ತದೆ ಸರ್,81.4365754
FKID005384,unplanned,others,closed,13.1093673,77.6036098,Bellary Road 2,North Zone 2,Yelahanka,unknown,2023-12-19 04:32:43.800000+00:00,10,1,0,12,False,High,High,none,[location] onflyover to wards airport nhi cleaning work sir,1513.1385030833333
FKID005396,unplanned,vehicle_breakdown,closed,13.090383,77.5966984,Bellary Road 2,North Zone 2,Yelahanka,unknown,2023-12-19 22:24:37.015000+00:00,3,2,0,12,False,High,High,private_car,"vehicle off road due to tyre burst.. vidhyashilpa junction towards city, vehicle movement is slow sir",6.8494496
FKID005400,unplanned,vehicle_breakdown,resolved,13.0199284,77.5006714,Tumkur Road,West Zone 1,Yeshwanthpura,unknown,2023-12-19 23:16:52.740000+00:00,4,2,0,12,False,High,High,bmtc_bus,bmtc bus punncher at hmt main road near [location] sir,90.94725448333334
FKID005402,unplanned,accident,closed,12.9948122,77.693173,Non-corridor,East Zone 1,Mahadevapura,unknown,2023-12-19 21:18:49.866528+00:00,2,2,0,12,False,Low,Low,none,,216.12666711666668
FKID005408,unplanned,others,closed,13.041804,77.5477005,ORR North 2,North Zone 2,Jalahalli,unknown,2023-12-20 05:29:44.948000+00:00,10,2,0,12,False,High,High,none,mes near muthyalanaga sir,7.44461345
FKID005409,unplanned,accident,closed,13.1276933,77.6137033,Bellary Road 2,North Zone 2,Yelahanka,unknown,2023-12-20 05:46:03.227000+00:00,11,2,0,12,False,High,High,none,eco police onflyover to wards city cab & car accident only vehicle damage sir vehicle mument slow ede sir,39.634294700000005
FKID005415,unplanned,vehicle_breakdown,closed,12.9228533,77.6576917,ORR East 1,Central Zone 1,Bellandur,unknown,2023-12-20 21:55:43.531000+00:00,3,3,0,12,False,High,High,lcv,agar to ibbluru lgv offload sir,81.19912645
FKID005416,unplanned,vehicle_breakdown,closed,12.8757572,77.4964189,Non-corridor,South Zone 1,Thalagattapura,unknown,2023-12-20 22:19:29.184000+00:00,3,3,0,12,False,Low,Low,heavy_vehicle,this vehicle off roaded due to technical  reason..its extremely  left ..no problem for free traffic  movement,58.679805316666666
FKID005417,unplanned,vehicle_breakdown,closed,12.8669473,77.5071756,Non-corridor,South Zone 1,Thalagattapura,unknown,2023-12-20 22:30:12.314000+00:00,4,3,0,12,False,Low,Low,heavy_vehicle,vehicle  off roaded due to technical  reason ..its extremely  left,48.05517008333334
FKID005419,unplanned,vehicle_breakdown,resolved,13.0621794,77.5444587,Non-corridor,North Zone 1,Jalahalli,unknown,2023-12-20 22:44:40.860000+00:00,4,3,0,12,False,Low,Low,bmtc_bus,off road due to stairing lock,44.6710436
FKID005420,unplanned,others,closed,12.9476317,77.5331017,Mysore Road,West Zone 2,Byatarayanapura,unknown,2023-12-20 22:55:27.056000+00:00,4,3,0,12,False,High,High,none,traffic normal,63.2420943
FKID005421,unplanned,vehicle_breakdown,closed,12.8600582,77.5215949,Non-corridor,South Zone 1,Thalagattapura,unknown,2023-12-20 22:55:35.495000+00:00,4,3,0,12,False,Low,Low,heavy_vehicle,this vehicle off roaded due to technical  reason ..its extremely  left..,22.931035716666667
FKID005422,unplanned,vehicle_breakdown,closed,12.8425759,77.5885226,Non-corridor,South Zone 1,Hulimavu,unknown,2023-12-20 23:50:53.047000+00:00,5,3,0,12,False,Low,Low,bmtc_bus,vehicle start problem .,63.71386355
FKID005426,unplanned,others,closed,12.9417825,77.7470581,Non-corridor,East Zone 1,Whitefield,unknown,2023-12-21 02:44:24.988000+00:00,8,3,0,12,False,Low,Low,none,hgv fall in drinage sir,99.64480833333333
FKID005428,unplanned,vehicle_breakdown,closed,13.0356667,77.58912,Bellary Road 1,North Zone 2,Kodigehalli,unknown,2023-12-21 04:28:09.462000+00:00,9,3,0,12,False,High,High,lcv,,19.75909175
FKID005429,unplanned,vehicle_breakdown,closed,12.9996649,77.6752443,ORR East 2,East Zone 2,Banaswadi,unknown,2023-12-21 04:24:08.096000+00:00,9,3,0,12,False,High,High,truck,breakdown,92.9163563
FKID005430,unplanned,vehicle_breakdown,closed,13.0360183,77.5891833,Bellary Road 1,North Zone 2,Kodigehalli,unknown,2023-12-21 05:57:23.185000+00:00,11,3,0,12,False,High,High,bmtc_bus,,147.61173708333334
FKID005432,unplanned,construction,closed,12.9839509,77.5286651,Magadi Road,West Zone 1,Kamakshipalya,unknown,2023-12-21 18:38:58.695000+00:00,0,4,0,12,True,High,High,none,due to road repair putting thar,3603.1197480666665
FKID005433,unplanned,vehicle_breakdown,closed,13.0000387,77.6766808,ORR East 2,East Zone 2,Mahadevapura,unknown,2023-12-21 19:17:48.357000+00:00,0,4,0,12,False,High,High,heavy_vehicle,clutch plate problem,31.1868471
FKID005434,unplanned,others,closed,13.0652039,77.6404893,Non-corridor,East Zone 2,Hennuru,unknown,2023-12-21 19:57:12.735000+00:00,1,4,0,12,True,Low,Low,none,"good morning sir..
near nagenahalli junction from krishtu [person] rods fell on road sir.. road completely closed from krishtu [person] towards [location].. 🙏",112.65264815
FKID005445,unplanned,vehicle_breakdown,closed,13.040118,77.5439573,ORR North 2,North Zone 2,Jalahalli,unknown,2023-12-21 23:35:34.517000+00:00,5,4,0,12,False,High,High,private_car,,11.028707233333334
FKID005447,unplanned,water_logging,closed,13.1287618,77.6140528,Bellary Road 2,North Zone 2,Yelahanka,unknown,2023-12-22 02:59:12.665000+00:00,8,4,0,12,False,High,High,none,eco police service road water logging sir traffic normal mument sir,402.88345245
FKID005449,unplanned,others,closed,12.9975256,77.5470383,West of Chord Road,West Zone 1,Vijayanagara,unknown,2023-12-22 05:47:40.049000+00:00,11,4,0,12,False,High,High,none,bmtc bus pancher prent wheel trfic no brblem,81.24858818333334
FKID005451,unplanned,vehicle_breakdown,closed,12.9666279,77.5047999,Non-corridor,West Zone 1,Jnanabharathi,unknown,2023-12-22 06:54:55.831000+00:00,12,4,0,12,False,Low,Low,lcv,lgv vehicle chasis broken at muddinapalya main road near [location] towards muddinapalya,50.876807183333334
FKID005454,planned,construction,closed,13.0395117,77.6415371,Airport New South Road,East Zone 2,Hennuru,unknown,2023-12-22 19:22:25.371000+00:00,0,5,1,12,False,High,High,none,[location] working vadarapalya junction traffic slow moment sir,1444.87902435
FKID005456,unplanned,vehicle_breakdown,closed,13.0217783,77.6490837,ORR North 1,North Zone 1,Banaswadi,unknown,2023-12-22 20:27:31.617000+00:00,1,5,1,12,False,High,High,heavy_vehicle,break down  htv vehicle toward horamau,25.888201816666665
FKID005460,unplanned,water_logging,closed,13.1213994,77.6180718,Non-corridor,North Zone 2,Yelahanka,unknown,2023-12-23 00:39:22.773000+00:00,6,5,1,12,False,Low,Low,none,dwarka bus atop to wards [person] work sir traffic mument slow ede sir,197.33674348333335
FKID005463,unplanned,others,closed,13.0501761,77.5936781,Bellary Road 1,North Zone 1,Hebbala,unknown,2023-12-23 03:51:20.252000+00:00,9,5,1,12,False,High,High,none,nhai peoples installing cat eyes in main road kempapura towards airport,28.6036425
FKID005464,unplanned,construction,closed,13.0393919,77.641505,Airport New South Road,North Zone 1,Hennuru,unknown,2023-12-23 03:58:21.406000+00:00,9,5,1,12,False,High,High,none,ಸರ್ ನಮಸ್ತೆ ಹೆಣ್ಣೂರ್ ಬಾಗಲೂರು ಮುಖ್ಯ ರಸ್ತೆ ವಡ್ಡರ ಪಾಳ್ಯ ಜಂಕ್ಷನ್ ನಲ್ಲಿ ಟುವರ್ಡ್ಸ್ ಹೆಣ್ಣೂರ್ ಬಿ ಡಬ್ಲ್ಯೂ ಎಸ್ ಎಸ್ ಬಿ ರವರು ರಸ್ತೆ ಅಗೆದು ವರ್ಕ್ ಮಾಡುತ್ತಿರುತಾರೆ ಟ್ರಾಫಿಕ್ ಸ್ಲೋ ಮೂಮೆಂಟ್ ಇರುತ್ತದೆ ಸರ್,6.968827316666666
FKID005465,unplanned,accident,closed,12.9984053,77.663273,ORR North 1,Central Zone 1,Banaswadi,unknown,2023-12-23 05:08:11.498000+00:00,10,5,1,12,False,High,High,none,vehicle breakdown,50.145977466666665
FKID005467,unplanned,vehicle_breakdown,closed,12.9606981,77.5129745,Non-corridor,West Zone 1,Jnanabharathi,unknown,2023-12-23 07:13:57.660000+00:00,12,5,1,12,False,Low,Low,private_bus,off -road,56.5959926
FKID005480,unplanned,road_conditions,closed,12.9106896,77.5512656,Non-corridor,South Zone 1,K.S. Layout,unknown,2023-12-23 23:43:35.442000+00:00,5,6,1,12,False,Low,Low,none,sanitary work or bwwsb late night road diginig and not close total entire chikkasandra to uttarahalli circle worst worst working concerned person is so neglect sir computers and daily police work is so hard take action sir,8448.448308183333
FKID005482,unplanned,vehicle_breakdown,closed,13.0378433,77.5893717,Bellary Road 1,North Zone 2,Kodigehalli,unknown,2023-12-24 00:09:27.130000+00:00,5,6,1,12,False,High,High,others,breakdown,13.938969850000001
FKID005483,unplanned,accident,closed,12.9977614,77.7213522,Non-corridor,East Zone 2,K.R. Pura,unknown,2023-12-24 03:22:20.828000+00:00,8,6,1,12,False,Low,Low,none,ಸಾಗರಮಂಗಲ ರೋಡ್ನಲ್ಲಿ ಬಿಎಂಟಿಸಿ ಬಸ್ ಬೆಸ್ಕಾಂ ಕಂಬಕ್ಕೆ ಡಿಕ್ಕಿ ಮಾಡಿರುತ್ತದೆ ಸರ್ ಟ್ರಾಫಿಕ್ ಏ ಕೃಷ್ಣಪ್ಪ ಕಡೆಗೆ ಹೆಚ್ಚಿನ ವಾಹನಗಳು ಸಂಚಾರ ಇರುತ್ತದೆ ಸರ್,61.85042823333333
FKID005487,unplanned,vehicle_breakdown,closed,12.9951003,77.5851148,Bellary Road 1,Central Zone 2,High ground,unknown,2023-12-24 04:25:02.609000+00:00,9,6,1,12,False,High,High,private_car,this vehicle off road near [location] under bridge due to starting problem.,46.93523065
FKID005491,unplanned,others,closed,12.9903977,77.5042443,Magadi Road,West Zone 1,Kamakshipalya,unknown,2023-12-24 06:42:06.937000+00:00,12,6,1,12,False,High,High,none,due to festival public purchase crowd heavy sir,84.37444583333333
FKID005495,unplanned,vehicle_breakdown,closed,12.9116817,77.55294,Non-corridor,South Zone 1,K.S. Layout,unknown,2023-12-24 09:05:05.136000+00:00,14,6,1,12,False,Low,Low,bmtc_bus,bus off road,69.26106918333333
FKID005496,unplanned,construction,closed,13.0394604,77.6413768,Airport New South Road,North Zone 1,Hennuru,unknown,2023-12-24 19:20:06.804000+00:00,0,0,0,12,False,High,High,none,ಸರ್ ನಮಸ್ತೆ ವಡ್ಡರ ಪಾಳ್ಯ ಜಂಕ್ಷನ್ ನಲ್ಲಿ ಬಿಡಬ್ಲ್ಯೂಎಸ್ಎಸ್ಬಿ ಡ್ರೈನೇಜ್ ಕಾಮಗಾರಿ [person] ಡಬ್ಲ್ಯೂ ಎಸ್ ಎಸ್ ಬಿ ರವರು  ಅಗೆದು ಹಾಗೆ ಬಿಟ್ಟಿರುತ್ತಾರೆ ಹೆಣ್ಣೂರು ಬಾಗಲೂರು ಮುಖ್ಯ ರಸ್ತೆಯಲ್ಲಿ ಸಂಚಾರವು ನಿಧಾನಗತಿಯಲ್ಲಿ ಸಾಗುತ್ತಿದೆ ಸರ್,1897.86964235
FKID005498,unplanned,construction,closed,13.0371565,77.5352186,Non-corridor,North Zone 2,Jalahalli,unknown,2023-12-24 23:29:15.699000+00:00,4,0,0,12,True,Low,Low,none,[location] circle towards [location] jn. sir,28.28856955
FKID005499,unplanned,construction,closed,13.0322817,77.5876433,Bellary Road 1,North Zone 2,Kodigehalli,unknown,2023-12-25 01:34:01.276000+00:00,7,0,0,12,False,High,High,none,footpath work cleaning,7309.6672438
FKID005502,unplanned,vehicle_breakdown,closed,13.12554,77.5740088,Non-corridor,North Zone 2,Yelahanka,unknown,2023-12-25 06:36:46.826000+00:00,12,0,0,12,False,Low,Low,bmtc_bus,,75.54407861666667
FKID005505,unplanned,vehicle_breakdown,closed,12.9487626,77.6891091,Non-corridor,East Zone 1,HAL Old Airport,unknown,2023-12-25 19:06:18.118000+00:00,0,1,0,12,False,Low,Low,heavy_vehicle,,2.4556867833333333
FKID005509,unplanned,vehicle_breakdown,closed,13.0386772,77.5422104,ORR North 2,North Zone 2,Jalahalli,unknown,2023-12-25 20:06:10.732000+00:00,1,1,0,12,False,High,High,private_car,because tyre burst,13.388208883333334
FKID005512,unplanned,vehicle_breakdown,closed,12.9799067,77.5106977,Non-corridor,West Zone 1,Jnanabharathi,unknown,2023-12-25 21:41:50.028000+00:00,3,1,0,12,False,Low,Low,private_bus,break down,112.37712826666666
FKID005514,unplanned,vehicle_breakdown,closed,13.0261115,77.5439551,Tumkur Road,West Zone 1,Yeshwanthpura,unknown,2023-12-25 22:38:51.626000+00:00,4,1,0,12,False,High,High,lcv,[person] towards [location] vehicle off loaded clach prbalam sir,40.023663983333336
FKID005517,unplanned,vehicle_breakdown,closed,13.0199933,77.7097567,Non-corridor,East Zone 2,K.R. Pura,unknown,2023-12-26 01:09:17.225000+00:00,6,1,0,12,False,Low,Low,ksrtc_bus,ಮೇಡಳ್ಳಿ ಯಿಂದ ಭಟ್ಟರಳ್ಳಿ ಜಂಕ್ಷನ್ ಬರುವ ಕಡೆ ksrtc ಬಸ್ ಬ್ರೇಕ್ ಡೌನ್ ಆಗಿ ನಿಂತಿದೆ ಸಾರ್,8.368193383333333
FKID005522,unplanned,vehicle_breakdown,closed,13.0028147,77.6835432,Non-corridor,East Zone 2,K.R. Pura,unknown,2023-12-26 07:22:22.370000+00:00,12,1,0,12,False,Low,Low,heavy_vehicle,"this vehicle is parked on the bridge towards tin factory - it i with a bad brake. the driver told me to stop and the mechanic is coming. the driver said, sir.",109.74121628333334
FKID005531,unplanned,others,closed,12.9741838,77.5134652,Non-corridor,West Zone 1,Jnanabharathi,unknown,2023-12-26 20:45:02.549000+00:00,2,2,0,12,False,Low,Low,none,ಟೈಯರ್ ಬ್ಲಾಸ್ಟ್,5082.92932775
FKID005536,unplanned,water_logging,closed,13.1287618,77.6140528,Bellary Road 2,North Zone 2,Yelahanka,unknown,2023-12-26 21:58:07.246000+00:00,3,2,0,12,False,High,High,none,eco police service road near a23 water logging sir,8671.22012235
FKID005538,unplanned,others,closed,13.0416083,77.5475282,ORR North 2,North Zone 2,Jalahalli,unknown,2023-12-26 22:54:46.724000+00:00,4,2,0,12,False,High,High,none,tayar pancher bolora vehicle,83.9909704
FKID005539,unplanned,vehicle_breakdown,closed,13.0012451,77.5841866,Bellary Road 1,West Zone 2,Sadashivanagar,unknown,2023-12-27 04:28:02.455000+00:00,9,2,0,12,False,High,High,others,battery problem,82.32451263333334
FKID005540,unplanned,vehicle_breakdown,closed,13.0012451,77.5841866,Bellary Road 1,West Zone 2,Sadashivanagar,unknown,2023-12-27 04:28:02.455000+00:00,9,2,0,12,False,High,High,others,battery problem,82.27843179999999
FKID005552,unplanned,vehicle_breakdown,closed,13.0234375,77.715021,Non-corridor,East Zone 2,K.R. Pura,unknown,2023-12-27 22:20:16.078000+00:00,3,3,0,12,False,Low,Low,lcv,[person] towards medahalli traffic no problem sir,34.47710638333333
FKID005555,unplanned,others,closed,12.90647884,77.47296808,Mysore Road,West Zone 1,Kengeri,unknown,2023-12-28 04:39:39.136000+00:00,10,3,0,12,False,High,High,none,the vehicle has stopped because the fuel is empty. traffic is slowl moving,8803.770182850001
FKID005556,unplanned,vehicle_breakdown,closed,13.0506439,77.5529418,Non-corridor,North Zone 1,Jalahalli,unknown,2023-12-28 06:47:46.964000+00:00,12,3,0,12,False,Low,Low,private_bus,clutch problem  one side moments,78.09253493333334
FKID005558,unplanned,vehicle_breakdown,closed,12.9165755,77.6736642,Non-corridor,East Zone 1,Bellandur,unknown,2023-12-28 08:32:37.997000+00:00,14,3,0,12,False,Low,Low,others,[person] removed sir,2.7855397
FKID005560,unplanned,vehicle_breakdown,closed,13.0400395,77.5438972,ORR North 2,North Zone 2,Jalahalli,unknown,2023-12-28 17:06:22.028000+00:00,22,3,0,12,True,High,High,heavy_vehicle,,62.10023035
FKID005561,unplanned,accident,closed,12.8756455,77.648981,Hosur Road,South Zone 2,Electronic City,unknown,2023-12-28 18:38:44.277000+00:00,0,4,0,12,False,High,High,none,chain accident sir,116.71515604999999
FKID005562,unplanned,accident,closed,12.8755127,77.6486972,Hosur Road,South Zone 2,Electronic City,unknown,2023-12-28 18:40:08.276000+00:00,0,4,0,12,False,High,High,none,chain accident sir,115.25701389999999
FKID005563,unplanned,accident,closed,12.8755668,77.6488601,Hosur Road,South Zone 2,Electronic City,unknown,2023-12-28 18:40:34.276000+00:00,0,4,0,12,False,High,High,none,chain accident sir,114.69720166666666
FKID005564,unplanned,accident,closed,12.8758374,77.6487911,Hosur Road,South Zone 2,Electronic City,unknown,2023-12-28 18:46:12.208000+00:00,0,4,0,12,False,High,High,none,chain accident sir,109.13002826666667
FKID005566,unplanned,vehicle_breakdown,closed,12.9683883,77.50627,Non-corridor,West Zone 1,Jnanabharathi,unknown,2023-12-28 20:19:07.977000+00:00,1,4,0,12,False,Low,Low,bmtc_bus,traffic no problem normal traffic sir,134.75408208333334
FKID005570,unplanned,vehicle_breakdown,closed,12.9137249,77.6785693,Non-corridor,East Zone 1,Bellandur,unknown,2023-12-28 22:19:12.133000+00:00,3,4,0,12,False,Low,Low,taxi,[person] to starting problem,20.2316355
FKID005572,unplanned,vehicle_breakdown,closed,12.9989833,77.5843706,Bellary Road 1,West Zone 2,Sadashivanagar,unknown,2023-12-29 00:04:20.725000+00:00,5,4,0,12,False,High,High,others,due to,24.70797813333333
FKID005574,unplanned,vehicle_breakdown,closed,12.9718269,77.7117219,Non-corridor,East Zone 1,HAL Old Airport,unknown,2023-12-29 04:40:20.888000+00:00,10,4,0,12,False,Low,Low,bmtc_bus,,34.95256223333333
FKID005575,unplanned,vehicle_breakdown,closed,13.0587583,77.6328567,Hennur Main Road,North Zone 1,Hennuru,unknown,2023-12-29 04:42:08.633000+00:00,10,4,0,12,False,High,High,others,starting problem,56.3099261
FKID005576,unplanned,vehicle_breakdown,closed,12.8825091,77.6440547,Hosur Road,South Zone 2,Electronic City,unknown,2023-12-29 04:53:39.985000+00:00,10,4,0,12,False,High,High,private_bus,ec flyover towards husharu near singasandar lake [location] gov bus strting problem sir,33.11645485
FKID005581,unplanned,vehicle_breakdown,closed,13.0040166,77.5838851,Bellary Road 1,West Zone 2,Sadashivanagar,unknown,2023-12-29 07:54:20.410000+00:00,13,4,0,12,False,High,High,auto,auto back wheel puncture sir,27.943233333333335
FKID005584,unplanned,vehicle_breakdown,closed,12.9956979,77.6672693,ORR North 1,East Zone 2,Mahadevapura,unknown,2023-12-29 18:43:50.804000+00:00,0,5,1,12,False,High,High,heavy_vehicle,milk lorry off-road at om [location] towards pai layout,28.236750733333334
FKID005592,unplanned,vehicle_breakdown,closed,13.03950563,77.64149464,Airport New South Road,North Zone 1,Hennuru,unknown,2023-12-29 23:29:38.297000+00:00,4,5,1,12,False,High,High,bmtc_bus,bmtc gear problem at hennur bagalur main near sparsha hospital junction towards [location],22.40985058333333
FKID005596,unplanned,vehicle_breakdown,closed,13.0376265,77.5418287,ORR North 2,West Zone 1,Yeshwanthpura,unknown,2023-12-30 00:46:00.469000+00:00,6,5,1,12,False,High,High,heavy_vehicle,air lock aagide,50.827219183333334
FKID005597,unplanned,vehicle_breakdown,closed,12.9901257,77.5040668,Magadi Road,West Zone 1,Kamakshipalya,unknown,2023-12-30 00:58:10.846000+00:00,6,5,1,12,False,High,High,bmtc_bus,joint cut,121.27505245
FKID005598,unplanned,vehicle_breakdown,closed,12.9653578,77.7021825,ORR East 2,East Zone 1,HAL Old Airport,unknown,2023-12-30 01:09:11.216000+00:00,6,5,1,12,False,High,High,bmtc_bus,due to handbreak problem,92.36745463333334
FKID005605,unplanned,road_conditions,closed,12.90995719,77.54986821,Non-corridor,South Zone 1,K.S. Layout,unknown,2023-12-30 06:10:39.823000+00:00,11,5,1,12,False,Low,Low,none,near bips school road construction 🚧,6657.361560083333
FKID005609,unplanned,vehicle_breakdown,closed,13.0870364,77.5952868,Bellary Road 2,North Zone 1,Yelahanka,unknown,2023-12-30 21:04:29.732000+00:00,2,6,1,12,False,High,High,others,accelater problem,15.887661683333333
FKID005610,unplanned,vehicle_breakdown,closed,12.9604478,77.5138765,Non-corridor,West Zone 1,Jnanabharathi,unknown,2023-12-30 21:14:22.468000+00:00,2,6,1,12,False,Low,Low,truck,ಏರ್ ಲಾಕ್ ಹಾಗಿ ಗಾಡಿ ರಸ್ತೆಯ ಒಂದು ಬದಿ ನಿಂತಿದ್ದು ವಾಹನ ಸಂಚಾರಕ್ಕೆ [person] ಇಲ್ಲ,126.80761521666666
FKID005612,unplanned,vehicle_breakdown,closed,13.026353,77.544093,Tumkur Road,West Zone 1,Yeshwanthpura,unknown,2023-12-30 22:39:39.356000+00:00,4,6,1,12,False,High,High,bmtc_bus,,58.02695011666666
FKID005616,unplanned,vehicle_breakdown,closed,13.0012166,77.5840582,Bellary Road 1,West Zone 2,Sadashivanagar,unknown,2023-12-31 04:36:55.971000+00:00,10,6,1,12,False,High,High,private_car,this car is offered at in front of the nti gate due to clutch plate problem after 20 minuts i think this vehicle removing,28.033226533333334
FKID005621,unplanned,others,closed,13.0137537,77.6998235,Non-corridor,East Zone 2,K.R. Pura,unknown,2023-12-31 20:27:14.409000+00:00,1,0,0,1,False,Low,Low,none,tyre puncture,139.68356741666668
FKID005623,unplanned,vehicle_breakdown,closed,13.0361119,77.5348724,Non-corridor,West Zone 1,Yeshwanthpura,unknown,2024-01-01 06:23:54.891000+00:00,11,0,0,1,False,Low,Low,others,starting problem near bfw junction from platinum city traffic one side moving sir,76.08330763333333
FKID005629,unplanned,others,closed,13.0282611,77.5618574,Non-corridor,West Zone 2,Yeshwanthpura,unknown,2024-01-01 21:34:51.424000+00:00,3,1,0,1,False,Low,Low,none,bwssb water leakage problem at msr sir,1938.5710855833333
FKID005632,unplanned,others,closed,13.1277835,77.6136161,Bellary Road 2,North Zone 2,Yelahanka,unknown,2024-01-01 22:24:21.333000+00:00,3,1,0,1,False,High,High,none,a23 service road to wrads bagaluru cross bwssb work sir traffic normal mument sir,1323.29262625
FKID005633,unplanned,vehicle_breakdown,closed,12.9958179,77.584904,Bellary Road 1,Central Zone 2,High ground,unknown,2024-01-01 22:35:30.765000+00:00,4,1,0,1,False,High,High,private_car,traffic moment slow,27.20697725
FKID005635,unplanned,accident,closed,12.862993,77.5149382,Non-corridor,South Zone 1,Thalagattapura,unknown,2024-01-02 04:37:03.775000+00:00,10,1,0,1,False,Low,Low,none,"vehicle damaged and tittle injury yo driver. vehicles movment is slow,[location] office towards [location] toll",22.614246416666667
FKID005638,unplanned,vehicle_breakdown,closed,12.9424283,77.747245,Non-corridor,East Zone 1,Whitefield,unknown,2024-01-03 00:14:43.015000+00:00,5,2,0,1,False,Low,Low,heavy_vehicle,this vehicle breakdown at [location] road [location],44.093461483333336
FKID005642,unplanned,vehicle_breakdown,closed,13.0236503,77.7163139,Non-corridor,East Zone 2,K.R. Pura,unknown,2024-01-03 06:41:53.656000+00:00,12,2,0,1,False,Low,Low,heavy_vehicle,[person] towards battarahalli service road sir,26.185454216666667
FKID005645,unplanned,vehicle_breakdown,closed,12.9603849,77.514233,Non-corridor,West Zone 1,Jnanabharathi,unknown,2024-01-03 20:54:14.688000+00:00,2,3,0,1,False,Low,Low,truck,ಡಿಸೆಲ್ ಖಾಲಿ ಹಾಗಿ ನಿಂತಿದ್ದು ಸ್ವಲ್ಪ ಸಮಯದಲ್ಲಿ ರಿಮೂವ್ಡ್ ಹಾಗುತ್ತೆ,54.602729133333334
FKID005648,unplanned,vehicle_breakdown,closed,12.9890321,77.5078508,Magadi Road,West Zone 1,Kamakshipalya,unknown,2024-01-03 22:32:46.218000+00:00,4,3,0,1,False,High,High,others,[person] upload at ashray outgoing side traffic slow moment sir,31.42447145
FKID005649,unplanned,vehicle_breakdown,closed,13.0003154,77.6764894,ORR East 2,East Zone 2,Banaswadi,unknown,2024-01-04 01:14:39.821000+00:00,6,3,0,1,False,High,High,truck,ಪಂಚರ್ ಆಗಿದೆ 10 ಮಿನಿಟ್ ಕ್ಲಿಯರ್ ಆಗುತತ್ತೆ sir,30.941467199999998
FKID005658,unplanned,others,closed,12.9665073,77.5127583,Non-corridor,West Zone 1,Jnanabharathi,unknown,2024-01-07 18:36:08.403000+00:00,0,0,0,1,False,Low,Low,none,oil  leakage.,7305.7856726166665
FKID005659,unplanned,procession,closed,13.0517848,77.6310318,Hennur Main Road,North Zone 1,Hennuru,unknown,2024-01-08 05:20:00.065000+00:00,10,0,0,1,False,High,High,none,ಸರ್ ನಮಸ್ತೆ ಹೊಣಿಸಂದ್ರ ಮುಖ್ಯ ರಸ್ತೆಯಲ್ಲಿ ಆರ್ ಎಸ್ ಎಸ್ ರವರಿಂದ ಹಿಂದೂ ಜಾಗೃತ ಶೋಭಾ ಯಾತ್ರೆ ನಡೆಯುತ್ತಿದ್ದು ಸಂಚಾರ ನಿಧಾನಗತಿಯಲ್ಲಿ ಸಾಗುತ್ತಿರುತ್ತದೆ,104.52003925000001
FKID005660,unplanned,others,closed,13.0312568,77.5772563,Non-corridor,North Zone 2,Kodigehalli,unknown,2024-01-09 09:06:29.490000+00:00,14,1,0,1,False,Low,Low,none,traffic management solve sir [person] to [person] cross sir,614.3931757833333
FKID005661,unplanned,vehicle_breakdown,resolved,12.9039965,77.5108461,Non-corridor,West Zone 1,Kengeri,unknown,2024-01-10 02:31:56.364000+00:00,8,2,0,1,False,Low,Low,bmtc_bus,vehicle wheel jam,66.87167588333334
FKID005666,unplanned,vehicle_breakdown,closed,12.9466212,77.698561,ORR East 1,East Zone 1,HAL Old Airport,unknown,2024-01-16 02:44:55.240000+00:00,8,1,0,1,False,High,High,heavy_vehicle,due to break fail marattalli police station towards [person] ring road sir,83.40713503333333
FKID005668,unplanned,vehicle_breakdown,closed,12.9191487,77.542111,Non-corridor,West Zone 1,Banashankari,unknown,2024-01-16 05:56:03.596000+00:00,11,1,0,1,False,Low,Low,lcv,,57.44499458333333
FKID005669,unplanned,vehicle_breakdown,closed,12.9889822,77.5072463,Magadi Road,West Zone 1,Kamakshipalya,unknown,2024-01-16 05:44:01.141000+00:00,11,1,0,1,False,High,High,lcv,,70.84300005
FKID005733,unplanned,vehicle_breakdown,closed,13.0410108,77.5451817,ORR North 2,North Zone 2,Jalahalli,unknown,2024-01-17 14:04:22.544000+00:00,19,2,0,1,False,High,High,heavy_vehicle,diesel empty,25.452439733333332
FKID005735,unplanned,vehicle_breakdown,closed,13.0416267,77.548411,ORR North 2,North Zone 2,Jalahalli,unknown,2024-01-17 18:33:25.191000+00:00,0,3,0,1,False,High,High,heavy_vehicle,starting problem,78.82542815000001
FKID005737,unplanned,construction,closed,13.0485257,77.6454283,Non-corridor,East Zone 2,Hennuru,unknown,2024-01-17 19:29:37.283000+00:00,0,3,0,1,False,Low,Low,none,"ಸರ್, ನಮಸ್ತೆ ಗುಡ್ ಮಾರ್ನಿಂಗ್ ಹೆಣ್ಣೂರು ಬಾಗಲೂರು ಮುಖ್ಯ ರಸ್ತೆಯಲ್ಲಿ ವೈಟ್ ಟಾಪಿಂಗ್ ಕಾಮಗಾರಿಯು ಪ್ರಗತಿಯಲ್ಲಿ ಇರುವುದರಿಂದ ಗೆದ್ದಲಹಳ್ಳಿ ರೈಲ್ವೆ ಬ್ರಿಡ್ಜ್ ಇಂದ [person] ಕಡೆಗೆ ವಾಹನಗಳ ಸಂಚಾರವು ನಿದಾನಗತಿಯಲ್ಲಿ ಸಾಗುತ್ತಿದೆ ಸರ್",295.5893642333333
FKID005738,unplanned,vehicle_breakdown,closed,13.0000936,77.676386,ORR East 2,East Zone 2,Banaswadi,unknown,2024-01-17 20:41:25.420000+00:00,2,3,0,1,False,High,High,others,ವೀಲ್ ಜಾಮ್ ಆಗಿದೆ ಸರ್,94.23299795
FKID005743,unplanned,vehicle_breakdown,closed,12.9386684,77.5222223,Mysore Road,West Zone 1,Byatarayanapura,unknown,2024-01-17 21:45:55.040000+00:00,3,3,0,1,False,High,High,bmtc_bus,due to starting problem,90.34264485
FKID005747,unplanned,vehicle_breakdown,closed,13.0245608,77.5855633,Bellary Road 1,North Zone 2,R.T. Nagar,unknown,2024-01-18 06:13:53.767000+00:00,11,3,0,1,False,High,High,truck,towards city,12.675188133333334
FKID005752,unplanned,vehicle_breakdown,closed,12.9213061,77.7361817,Non-corridor,East Zone 1,Whitefield,unknown,2024-01-18 21:03:34.851000+00:00,2,4,0,1,True,Low,Low,heavy_vehicle,tyre blast rmc mixture vehicle sir,4.565127216666666
FKID005760,unplanned,others,closed,12.9668967,77.610555,Non-corridor,Central Zone 1,Ashok Nagar,unknown,2023-11-09 19:24:48.154000+00:00,0,4,0,11,False,Low,Low,none,off road in the road sailencer cutt,203.8280376
FKID005765,unplanned,others,closed,12.9647158,77.5839903,Mysore Road,Central Zone 2,Halasuru Gate,unknown,2023-11-09 22:10:51.914000+00:00,3,4,0,11,False,High,High,none,[person] no problem sir,8589.098377216667
FKID005767,unplanned,vehicle_breakdown,closed,12.9581237,77.5739029,Non-corridor,Central Zone 2,V.V.Puram (C.Pet),unknown,2023-11-09 22:35:52.555000+00:00,4,4,0,11,False,Low,Low,bmtc_bus,bmtc bus offload  k r road shivashankar junction towords medical college junction one side vehicle moving sir,97.63435158333333
FKID005770,unplanned,vehicle_breakdown,closed,12.9576503,77.55271,Mysore Road,Central Zone 2,Chamarajpet,unknown,2023-11-10 00:31:14.562000+00:00,6,4,0,11,False,High,High,lcv,"back wheel puncher near tollgate [location] out going side sir, traffic slowly moving sir...",29.369336083333334
FKID005771,unplanned,others,closed,12.9591732,77.6571489,Old Airport Road,Central Zone 1,Jeevanbheemanagar,unknown,2023-11-10 00:56:37.499000+00:00,6,4,0,11,False,High,High,none,vehicle moments slove,8503.662806933333
FKID005775,unplanned,vehicle_breakdown,closed,12.9533519,77.5421555,Mysore Road,West Zone 2,Byatarayanapura,unknown,2023-11-10 03:13:04.389000+00:00,8,4,0,11,False,High,High,lcv,one side traffic slow moment,59.16374196666666
FKID005778,unplanned,vehicle_breakdown,closed,13.0362686,77.5248329,Tumkur Road,West Zone 1,Peenya,unknown,2023-11-10 03:21:00.257000+00:00,8,4,0,11,False,High,High,private_car,peenya industries on flyover car off-road towards city traffic one side movement,18.19665601666667
FKID005779,unplanned,vehicle_breakdown,closed,13.0414837,77.5167294,Tumkur Road,West Zone 1,Peenya,unknown,2023-11-10 03:36:34.159000+00:00,9,4,0,11,False,High,High,lcv,sm circle on flyover lcv vehicle off-road towards city traffic one side movement,52.713643133333335
FKID005781,unplanned,vehicle_breakdown,closed,12.9317517,77.5797388,Non-corridor,South Zone 1,Jayanagara,unknown,2023-11-10 06:05:28.736000+00:00,11,4,0,11,False,Low,Low,truck,[location] end towards 27th cross junction,119.25386498333334
FKID005786,unplanned,vehicle_breakdown,closed,12.8407422,77.6761962,Non-corridor,Unknown,Electronic City,unknown,2023-11-10 08:43:53.240000+00:00,14,4,0,11,False,Low,Low,truck,vehicle off road due to starting problem,22.123204533333332
FKID005787,unplanned,others,closed,12.9160567,77.5855433,Non-corridor,South Zone 1,J.P. Nagar,unknown,2023-11-10 09:21:45.811000+00:00,14,4,0,11,False,Low,Low,none,@good evening sir vehicle slow moving sindhoor trds 35 th main [location] of [location] chamber open water flowing on road,2735.9749068833335
FKID005788,unplanned,vehicle_breakdown,closed,12.8701554,77.6532595,Hosur Road,South Zone 2,Electronic City,unknown,2023-11-10 19:23:34.823000+00:00,0,5,1,11,False,High,High,heavy_vehicle,hgv off road due to clutch problem,88.40484938333334
FKID005791,unplanned,vehicle_breakdown,closed,12.9678267,77.5873567,Mysore Road,Central Zone 2,Halasuru Gate,unknown,2023-11-10 20:01:00.064000+00:00,1,5,1,11,False,High,High,bmtc_bus,,35.16567031666667
FKID005792,unplanned,pot_holes,closed,13.0259104,77.5347535,Non-corridor,West Zone 1,Yeshwanthpura,unknown,2023-11-10 20:14:52.521000+00:00,1,5,1,11,False,Low,Low,none,15 inches depth,3035.5120126333336
FKID005795,unplanned,pot_holes,closed,12.8997318,77.6008541,Bannerghata Road,South Zone 2,Mico Layout,unknown,2023-11-10 20:59:16.139000+00:00,2,5,1,11,False,High,High,none,infront of [person] pot hole got open very dangers to two wheeler vehicles sir,4295.294638583333
FKID005807,unplanned,vehicle_breakdown,closed,13.0087048,77.5691774,Non-corridor,West Zone 2,Malleshwaram,unknown,2023-11-11 01:11:03.087000+00:00,6,5,1,11,False,Low,Low,bmtc_bus,air pipe damage sir,71.16974789999999
FKID005809,unplanned,vehicle_breakdown,closed,12.9644682,77.586015,Mysore Road,Central Zone 2,Halasuru Gate,unknown,2023-11-11 03:45:53.353000+00:00,9,5,1,11,False,High,High,bmtc_bus,nr junction towards town hall,43.43354016666667
FKID005811,unplanned,others,closed,12.8461033,77.6589267,Non-corridor,Unknown,Electronic City,unknown,2023-11-11 04:31:20.436000+00:00,10,5,1,11,False,Low,Low,none,ಬಿಎಚ್ಇಎಲ್ ಸರ್ಕಲ್ ಇಂದ ಯಲಹಂಕಣಿ ಸರ್ಕಲ್ ವರೆಗೆ ಎಲ್ ಸೀತ ದವರು ಡಾಂಬರ್ ಹಾಕುತ್ತಿದ್ದಾರೆ ಆದಕಾರಣ ಸಂಚಾರ ನಿಧಾನಗತಿಯಲ್ಲಿ ಇರುತ್ತದೆ ಸರ್,31.145576100000003
FKID005812,unplanned,vehicle_breakdown,closed,13.0262013,77.6363894,ORR North 1,North Zone 1,Banaswadi,unknown,2023-11-11 04:50:51.264000+00:00,10,5,1,11,False,High,High,lcv,ಟೈರ್ ಪಂಚರ್,91.35186411666668
FKID005813,unplanned,vehicle_breakdown,closed,12.9734483,77.5813283,Non-corridor,Central Zone 2,Upparpet,unknown,2023-11-11 04:52:08.891000+00:00,10,5,1,11,False,Low,Low,bmtc_bus,starting problem & vacuum problem,50.2345196
FKID005814,unplanned,vehicle_breakdown,closed,13.0171019,77.5568573,Tumkur Road,West Zone 2,Yeshwanthpura,unknown,2023-11-11 05:42:13.019000+00:00,11,5,1,11,False,High,High,bmtc_bus,bmtc bus off road above the location traffic moment is one side,30.345930816666666
FKID005823,unplanned,vehicle_breakdown,closed,12.9636427,77.5841997,Mysore Road,Central Zone 2,Halasuru Gate,unknown,2023-11-11 19:12:42.988000+00:00,0,6,1,11,False,High,High,bmtc_bus,,99.41600825
FKID005825,unplanned,vehicle_breakdown,closed,13.2645011,77.7187932,Non-corridor,Unknown,Devanahalli Airport,unknown,2023-11-11 20:06:30.999000+00:00,1,6,1,11,False,Low,Low,heavy_vehicle,vehicle breakdown,107.3207998
FKID005827,unplanned,vehicle_breakdown,closed,12.982525,77.5696167,Non-corridor,Central Zone 2,Sheshadripuram,unknown,2023-11-11 21:01:05.939000+00:00,2,6,1,11,False,Low,Low,others,in pf junction off road the( vaginar car ) toward kodas junction,44.53869965
FKID005828,unplanned,vehicle_breakdown,resolved,12.9573967,77.55177,Mysore Road,Central Zone 2,Banashankari,unknown,2023-11-11 21:31:53.606000+00:00,3,6,1,11,True,Low,Low,bmtc_bus,bmtc [vehicle] bus break down  near kr juction  ..,53.103843383333334
FKID005831,unplanned,vehicle_breakdown,closed,13.0180751,77.5835767,Bellary Road 1,West Zone 2,Sadashivanagar,unknown,2023-11-11 21:44:37.907000+00:00,3,6,1,11,False,High,High,private_car,,114.13534746666666
FKID005838,unplanned,vehicle_breakdown,closed,13.122685,77.61158,Bellary Road 2,North Zone 2,Yelahanka,unknown,2023-11-12 00:59:57.974000+00:00,6,6,1,11,False,High,High,bmtc_bus,bmtc bus breakdown at bagalur cross due to starting problem sir,20.413769233333333
FKID005839,unplanned,vehicle_breakdown,closed,12.9740568,77.5817343,Non-corridor,Central Zone 2,Upparpet,unknown,2023-11-12 02:02:26.448000+00:00,7,6,1,11,False,Low,Low,bmtc_bus,vehicle breakdown parked at half of the road ond side traffic is moving,52.04973218333334
FKID005842,unplanned,vehicle_breakdown,closed,12.9738982,77.5694867,Non-corridor,Central Zone 2,Chamarajpet,unknown,2023-11-12 03:35:58.978000+00:00,9,6,1,11,False,Low,Low,bmtc_bus,towards shantala junction near vst,71.04905861666666
FKID005844,unplanned,others,closed,13.0992277,77.5972877,Bellary Road 2,North Zone 2,Yelahanka,unknown,2023-11-12 04:44:50.996000+00:00,10,6,1,11,False,High,High,none,power cut problem up to 7 pm,141.81894821666668
FKID005845,unplanned,vehicle_breakdown,resolved,13.0175906,77.555508,Tumkur Road,West Zone 2,Yeshwanthpura,unknown,2023-11-12 05:22:00.746000+00:00,10,6,1,11,False,High,High,bmtc_bus,break problem sir cmti junction towards goraguntepalya traffic no problem sir,58.346161116666664
FKID005852,unplanned,others,closed,13.1228763,77.61111,Bellary Road 2,North Zone 2,Yelahanka,unknown,2023-11-13 01:37:35.362000+00:00,7,0,0,11,False,High,High,none,bagaluru onflyover to wards city nhi painting work sir traffic normal mument sir,4008.7431538333335
FKID005855,unplanned,vehicle_breakdown,closed,12.9743459,77.5782828,Non-corridor,Central Zone 2,Upparpet,unknown,2023-11-13 03:55:33.794000+00:00,9,0,0,11,False,Low,Low,ksrtc_bus,wheel jam problem,64.19872528333333
FKID005856,unplanned,accident,closed,13.1398463,77.6175835,Bellary Road 2,Unknown,Chikkajala,unknown,2023-11-13 05:40:01.447000+00:00,11,0,0,11,False,High,High,none,chain accident,16.327909866666666
FKID005857,unplanned,accident,closed,13.1399908,77.6176147,Bellary Road 2,Unknown,Chikkajala,unknown,2023-11-13 05:48:26.114000+00:00,11,0,0,11,False,High,High,none,"ನಮಸ್ತೆ ಸರ್, ಹುಣಸಮಾರನಹಳ್ಳಿ ಫ್ಲೇವರ್ ಮೇಲೆ ಟುವಾರ್ಡ್ಸ್ ಏರ್ಪೋರ್ಟ್ ಕಡೆ ಐದು ವಾಹನ ಆಗಿರುತ್ತದೆ ಟ್ರಾಫಿಕ್ ಮೂಮೆಂಟ್ ಸ್ಲೋ ಆಗಿರುತ್ತದೆ",14.426824566666665
FKID005860,unplanned,vehicle_breakdown,closed,12.9554841,77.5857974,Non-corridor,Central Zone 2,Wilson Garden,unknown,2023-11-13 08:37:56.440000+00:00,14,0,0,11,False,Low,Low,bmtc_bus,,44.04752773333333
FKID005862,unplanned,vehicle_breakdown,closed,12.9727895,77.5945381,Mysore Road,Central Zone 2,Cubbon Park,unknown,2023-11-13 20:14:26.870000+00:00,1,1,0,11,False,High,High,lcv,[person] punchar,23.041984366666668
FKID005865,unplanned,vehicle_breakdown,closed,12.9842379,77.7508293,Non-corridor,East Zone 1,Mahadevapura,unknown,2023-11-13 20:49:57.819000+00:00,2,1,0,11,False,Low,Low,auto,wheel cut,32.76764323333334
FKID005867,unplanned,road_conditions,closed,12.9838641,77.5967127,CBD 2,Central Zone 2,Cubbon Park,unknown,2023-11-13 21:32:01.824000+00:00,3,1,0,11,False,High,High,none,,4665.631800966667
FKID005868,unplanned,others,closed,12.9825394,77.5680497,Non-corridor,Central Zone 2,Sheshadripuram,unknown,2023-11-13 21:43:18.376000+00:00,3,1,0,11,False,Low,Low,none,0kalipuram towards shivaginagr,49.172535466666666
FKID005870,unplanned,construction,closed,13.0416363,77.6135894,ORR North 1,North Zone 1,K.G. Halli,unknown,2023-11-13 21:52:26.625000+00:00,3,1,0,11,False,High,High,none,bwssb work at veerannapalya church cross road towards ganesh satkar,5001.927343483333
FKID005872,unplanned,vehicle_breakdown,closed,12.8553985,77.6651426,Non-corridor,Unknown,Electronic City,unknown,2023-11-13 21:59:44.429000+00:00,3,1,0,11,False,Low,Low,heavy_vehicle,towards atibale,60.23542993333333
FKID005873,unplanned,congestion,closed,12.9171875,77.5868681,Non-corridor,South Zone 1,Jayanagara,unknown,2023-11-13 22:08:19.586000+00:00,3,1,0,11,True,Low,Low,none,,42.636129950000004
FKID005880,unplanned,vehicle_breakdown,closed,12.9135866,77.5590245,Non-corridor,South Zone 1,K.S. Layout,unknown,2023-11-14 01:32:54.012000+00:00,7,1,0,11,False,Low,Low,bmtc_bus,[person] moving,19.04382405
FKID005881,unplanned,vehicle_breakdown,closed,12.9557367,77.5460608,Mysore Road,West Zone 2,Byatarayanapura,unknown,2023-11-14 02:01:21.512000+00:00,7,1,0,11,False,High,High,bmtc_bus,off road at [location] traffic no problem sir,24.4252093
FKID005883,unplanned,vehicle_breakdown,closed,12.9574675,77.5519898,Mysore Road,Central Zone 2,Byatarayanapura,unknown,2023-11-14 02:25:51.726000+00:00,7,1,0,11,False,High,High,bmtc_bus,off road at toll junction,90.33891258333333
FKID005884,unplanned,vehicle_breakdown,closed,12.94077639,77.5313357,ORR West 1,West Zone 1,Byatarayanapura,unknown,2023-11-14 03:05:49.001000+00:00,8,1,0,11,False,High,High,heavy_vehicle,vehicle breakdown,51.137137599999996
FKID005886,unplanned,vehicle_breakdown,closed,12.9754056,77.5759283,Non-corridor,Central Zone 2,Upparpet,unknown,2023-11-14 03:51:25.199000+00:00,9,1,0,11,False,Low,Low,bmtc_bus,,10.2221026
FKID005887,unplanned,vehicle_breakdown,closed,12.9355386,77.6246717,IRR(Thanisandra road),South Zone 2,Adugodi,unknown,2023-11-14 04:13:05.841000+00:00,9,1,0,11,False,High,High,bmtc_bus,ಜೈಪುರಿಯಾ ಜಂಕ್ಷನ್ ಹತ್ತಿರ ಬಿಎಂಟಿಸಿ ಬಸ್ ವೀಲ್ ಜಮಾ ಆಗಿರುತ್ತದೆ,21.25293735
FKID005888,unplanned,accident,closed,12.9685001,77.6059821,Mysore Road,Central Zone 1,Ashok Nagar,unknown,2023-11-14 05:00:00.447000+00:00,10,1,0,11,False,High,High,none,self accident... traffic slow moment sir,75.20685893333332
FKID005892,unplanned,vehicle_breakdown,closed,12.9600197,77.7015047,Varthur Road,East Zone 1,HAL Old Airport,unknown,2023-11-14 06:23:12.182000+00:00,11,1,0,11,False,High,High,bmtc_bus,bmtc ಬಸ್ staring problem bus off road traffic slow movement sir,53.12340725
FKID005893,unplanned,vehicle_breakdown,closed,13.019645,77.5318817,Non-corridor,West Zone 1,Rajajinagar,unknown,2023-11-14 07:10:54.803000+00:00,12,1,0,11,False,Low,Low,bmtc_bus,ಇಂಜಿನ್ ಸಮಸ್ಯೆ,13.687693916666666
FKID005894,unplanned,vehicle_breakdown,closed,13.0294335,77.631072,Airport New South Road,North Zone 1,K.G. Halli,unknown,2023-11-14 07:31:09.801000+00:00,13,1,0,11,False,High,High,bmtc_bus,....,51.91812203333333
FKID005895,unplanned,vehicle_breakdown,closed,13.0180643,77.5593662,Tumkur Road,West Zone 2,Yeshwanthpura,unknown,2023-11-14 08:29:03.998000+00:00,13,1,0,11,False,High,High,bmtc_bus,bmtc off road due to tyre puncture traffic no problem,63.94471371666667
FKID005899,unplanned,vehicle_breakdown,closed,12.9928507,77.5741189,Non-corridor,Central Zone 2,Sheshadripuram,unknown,2023-11-14 19:24:07.677000+00:00,0,2,0,11,False,Low,Low,bmtc_bus,gar ಬೀಳ್ತಾಇಲ್ಲ..,53.43984021666667
FKID005900,unplanned,others,closed,12.9533569,77.5420968,Mysore Road,West Zone 2,Byatarayanapura,unknown,2023-11-14 19:56:26.177000+00:00,1,2,0,11,False,High,High,none,[location] side sir,4665.349976066666
FKID005902,unplanned,vehicle_breakdown,closed,12.9672736,77.5873098,Mysore Road,Central Zone 2,Halasuru Gate,unknown,2023-11-14 20:55:02.629000+00:00,2,2,0,11,True,High,High,auto,goodsauto panchar agide sir,42.883703016666665
FKID005904,unplanned,vehicle_breakdown,closed,13.0297868,77.5380071,Tumkur Road,West Zone 1,Yeshwanthpura,unknown,2023-11-14 21:01:51.316000+00:00,2,2,0,11,False,High,High,others,starting problem traffic no issues,40.50562813333333
FKID005905,unplanned,construction,closed,12.9550561,77.7008187,Varthur Road,East Zone 1,HAL Old Airport,unknown,2023-11-14 21:13:49.874000+00:00,2,2,0,11,False,High,High,none,[person] bridge service road to  le arebiya bescom work traffic slow moment sir,2871.7622427333336
FKID005915,unplanned,vehicle_breakdown,closed,12.9170396,77.5851193,Non-corridor,South Zone 1,Jayanagara,unknown,2023-11-15 00:24:50.113000+00:00,5,2,0,11,False,Low,Low,bmtc_bus,aravinda towards [location] junction  [location] bus off [location],62.597001066666664
FKID005916,unplanned,vehicle_breakdown,closed,12.92247,77.6692567,ORR East 1,East Zone 1,Bellandur,unknown,2023-11-15 01:17:59.091000+00:00,6,2,0,11,False,High,High,bmtc_bus,bmtc electric bus starting problem,114.98783913333334
FKID005918,unplanned,congestion,closed,12.9682367,77.5702465,Non-corridor,Central Zone 2,Chamarajpet,unknown,2023-11-15 01:51:41.669000+00:00,7,2,0,11,False,Low,Low,none,slow moving sir,55.54801945
FKID005924,unplanned,vehicle_breakdown,closed,12.9270757,77.6205527,IRR(Thanisandra road),South Zone 2,Madiwala,unknown,2023-11-15 05:45:32.623000+00:00,11,2,0,11,False,High,High,bmtc_bus,[person] ಜಂಕ್ಷನ್ ಕಡೆ ಹೋಗುವ ರಸ್ತೆ ಯಲ್ಲಿ ಬಿಎಂಟಿಸಿ ಬಸ್ ಅಪ್ಲೋಡ್ ಆಗಿರುತ್ತದೆ ಟ್ರಾಫಿಕ್ ಸ್ಲೋ ಮೊಮೆಂಟ್ ಇರುತ್ತದೆ ಸರ್,47.083670383333335
FKID005928,unplanned,accident,closed,13.1007263,77.5822978,Non-corridor,North Zone 2,Yelahanka,unknown,2023-11-15 09:39:37.262000+00:00,15,2,0,11,False,Low,Low,none,,85.21886508333334
FKID005929,unplanned,vehicle_breakdown,closed,12.9540456,77.543412,Mysore Road,West Zone 2,Byatarayanapura,unknown,2023-11-15 09:53:10.689000+00:00,15,2,0,11,False,High,High,heavy_vehicle,due to strarting problem,5.5721584166666664
FKID005931,unplanned,vehicle_breakdown,closed,13.09311,77.5958233,Bellary Road 2,North Zone 2,Yelahanka,unknown,2023-11-15 19:07:57.478000+00:00,0,3,0,11,False,High,High,private_car,,7.866056400000001
FKID005939,unplanned,vehicle_breakdown,closed,12.9568784,77.7027456,Varthur Road,East Zone 1,HAL Old Airport,unknown,2023-11-15 21:10:06.211000+00:00,2,3,0,11,False,High,High,bmtc_bus,near nandini parlour [person] towords city bmtc vajra bus is break down sir traffic towords city slow movement madam/sir.,78.65082263333333
FKID005942,unplanned,pot_holes,closed,12.9531558,77.7004143,ORR East 1,East Zone 1,HAL Old Airport,unknown,2023-11-15 21:28:29.638000+00:00,2,3,0,11,False,High,High,none,[person] bridge service road to le arebiya bescom work traffic slow moment sir,1417.0408469
FKID005943,unplanned,vehicle_breakdown,closed,12.9609277,77.6384884,Old Airport Road,Central Zone 1,Halasur,unknown,2023-11-15 21:31:42.001000+00:00,3,3,0,11,False,High,High,bmtc_bus,bmtc bus offroad near domlur bus stop,4.570926633333333
FKID005946,unplanned,others,closed,13.2572903,77.7127351,Non-corridor,Unknown,Devanahalli Airport,unknown,2023-11-15 23:12:41.203000+00:00,4,3,0,11,False,Low,Low,none,xec ಯಾಕ್ಸಲ್‌ ಡ್ಯಾಮೇಜ್ ಅಕ್ಸೆಲ್ ಕಟಿಂಗ್,41.368442566666666
FKID005947,unplanned,others,closed,13.0445056,77.5625478,ORR North 2,North Zone 1,Jalahalli,unknown,2023-11-15 23:26:03.436000+00:00,4,3,0,11,False,High,High,none,wiring seized hgv vehicle towards from devingar or hebbal traffic no problem sir,1673.7103156666667
FKID005950,unplanned,vehicle_breakdown,closed,12.9834776,77.5946468,CBD 2,Central Zone 2,Cubbon Park,unknown,2023-11-16 00:25:52.730000+00:00,5,3,0,11,False,High,High,auto,ಇನ್ಫೆಂಟ್ರಿ ರೋಡಲ್ಲಿ ನಿಯರ್ ಸಿ ಒಪಿ ಮೇನ್ ಗೇಟ್ ಹತ್ತಿರ ಗೂಡ್ಸ್ ಆಪೇ ಗಾಡಿ ಆಫ್ ರೋಡ ಆಗಿದ್ದು ಸಂಚಾರವು ನಿಧಾನವಾಗಿರುತ್ತದೆ,90.37927065000001
FKID005953,unplanned,others,closed,13.1214286,77.6102279,Bellary Road 2,North Zone 2,Yelahanka,unknown,2023-11-16 02:14:24.917000+00:00,7,3,0,11,False,High,High,none,bagaluru onflyover to wards airport bbmp [person] joint wheel cut sir traffic normal mument sir,250.19651421666669
FKID005961,unplanned,vehicle_breakdown,closed,12.9448383,77.597145,Non-corridor,Central Zone 2,Wilson Garden,unknown,2023-11-16 04:45:45.042000+00:00,10,3,0,11,False,Low,Low,bmtc_bus,ಬಸ್ ಬ್ರೇಕ್ ಡೌನ್ ಆಗಿ ವೆಹಿಕಲ್ ಮೊಮೆಂಟ್ ಆಗುತ್ತಿರುವುದಿಲ್ಲ ಆದ್ದರಿಂದ ಬಸ್ಸನ್ನು ರಸ್ತೆಯ ಎಡಬದಿಗೆ ನಿಲ್ಲಿಸಿರುತ್ತೇನೆ ಮತ್ತು ಸಂಚಾರಕ್ಕೆ [person] ಇರುವುದಿಲ್ಲ ಸರ್,40.86747448333333
FKID005964,unplanned,vehicle_breakdown,closed,13.0218824,77.5328228,Non-corridor,West Zone 1,Rajajinagar,unknown,2023-11-16 06:48:45.916000+00:00,12,3,0,11,False,Low,Low,others,off road,50.3255556
FKID005965,unplanned,vehicle_breakdown,closed,13.1217116,77.6112022,Bellary Road 2,North Zone 2,Yelahanka,unknown,2023-11-16 06:50:55.756000+00:00,12,3,0,11,False,High,High,lcv,[location] onflyover to wards city tata ace tyer bust sir traffic normal mument sir,68.16662336666667
FKID005970,unplanned,vehicle_breakdown,closed,13.0949315,77.597112,Bellary Road 2,North Zone 2,Yelahanka,unknown,2023-11-16 07:45:57.709000+00:00,13,3,0,11,False,High,High,private_car,starting problem,103.64486746666667
FKID005975,unplanned,others,closed,12.9995155,77.5408225,Non-corridor,West Zone 1,Vijayanagara,unknown,2023-11-16 20:03:14.191000+00:00,1,4,0,11,False,Low,Low,none,ಇಚರ್ ವೆಹಿಕಲ್ footpath ಮೇಲೆ ಒಳಗಡೆ ಸ್ವಲ್ಪ ಒಳಗಡೆ ಹೋಗಿದೆ ಸರ್ ಏನು ಪ್ರಾಬ್ಲಮ್ ಇಲ್ಲ one ಸೈಡ್ ವೆಹಿಕಲ್ ಹೋಗುತಿದೆ,27.78847215
FKID005976,unplanned,others,resolved,12.9798234,77.5727234,Non-corridor,Central Zone 2,Upparpet,unknown,2023-11-16 20:06:19.686000+00:00,1,4,0,11,False,Low,Low,none,ಬಸ್ ನ ಡೀಸೆಲ್ ಟ್ಯಾಂಕ್   ಕೆಳಗೆ ಬಿದ್ದು ವಾಹನವು ಆಫ್ ರೋಡ್ ಆಗಿರುತ್ತದೆ,54.73600583333334
FKID005977,unplanned,accident,closed,13.0393213,77.5195841,Tumkur Road,West Zone 1,Peenya,unknown,2023-11-16 20:25:43.455000+00:00,1,4,0,11,False,High,High,none,jalahalli metro station on flyover towards city chine accident  traffic one side movement,36.67476746666667
FKID005981,unplanned,pot_holes,closed,12.9551503,77.7008913,Varthur Road,East Zone 1,HAL Old Airport,unknown,2023-11-16 21:05:38.174000+00:00,2,4,0,11,False,High,High,none,[person] bridge service road to le arebiya bescom work traffic slow moment sir,8942.389955716668
FKID005986,unplanned,vehicle_breakdown,closed,12.9364825,77.5174527,Mysore Road,West Zone 1,Byatarayanapura,unknown,2023-11-16 22:18:50.862000+00:00,3,4,0,11,False,High,High,bmtc_bus,ಗೇರ್ ಪ್ರಾಬ್ಲಮ್ ಬಿಎಂಟಿಸಿ ಬಸ್,38.7856253
FKID005987,unplanned,vehicle_breakdown,closed,12.984249,77.6425182,Old Madras Road,Central Zone 1,Jeevanbheemanagar,unknown,2023-11-16 22:38:33.642000+00:00,4,4,0,11,False,High,High,ksrtc_bus,ಬಸ್ off ರೋಡ್,43.62368715
FKID005990,unplanned,vehicle_breakdown,resolved,12.9568493,77.596148,Non-corridor,Central Zone 1,Malleshwaram,unknown,2023-11-16 23:03:49.512000+00:00,4,4,0,11,False,Low,Low,bmtc_bus,,105.08628935
FKID005991,unplanned,vehicle_breakdown,closed,13.0136323,77.5670674,Tumkur Road,West Zone 2,Sadashivanagar,unknown,2023-11-16 23:17:30.182000+00:00,4,4,0,11,True,High,High,bmtc_bus,[location] circle towards yeshwant bhel circle service road.,15.29187335
FKID005993,unplanned,vehicle_breakdown,closed,12.9549589,77.5805541,Non-corridor,Central Zone 2,City Market,unknown,2023-11-17 00:44:17.062000+00:00,6,4,0,11,False,Low,Low,bmtc_bus,,9.065334083333333
FKID005994,unplanned,vehicle_breakdown,closed,12.9643483,77.5968067,Mysore Road,Central Zone 1,Ashok Nagar,unknown,2023-11-17 00:50:29.091000+00:00,6,4,0,11,False,High,High,private_car,wheel exal nut cutt,40.43931741666667
FKID005995,unplanned,road_conditions,closed,13.0388129,77.6250615,Hennur Main Road,North Zone 1,K.G. Halli,unknown,2023-11-17 00:56:44.332000+00:00,6,4,0,11,False,High,High,none,,33.66901506666667
FKID005997,unplanned,tree_fall,closed,12.9336917,77.6863341,ORR East 1,East Zone 1,HAL Old Airport,unknown,2023-11-17 01:58:55.220000+00:00,7,4,0,11,False,High,High,none,ನಮಸ್ಕಾರ ಮೇಡಂ  ಸಕ್ರ ಆಸ್ಪತ್ರೆ [person] ಅಗ್ರಾರ  ಪಟೇಲ್ ಕಾಲೇಜ್  ಕಡೆಗೆ ಹೋಗುವ ರಸ್ತೆಯಲ್ಲಿ  ಮರದ ಕೊಂಬೆ ಬಿದ್ದು ರಸ್ತೆಯ ಸಂಪೂರ್ಣವಾಗಿ ಮುಚ್ಚಿಸಲಾಗಿದೆ ಮೇಡಂ ಫಾರೆಸ್ಟ್ ಡಿಪಾರ್ಟ್ಮೆಂಟ್ ಅವರಿಗೆ ತಿಳಿಸಿರುತ್ತೇನೆ ಮೇಡಂ,77.93821268333333
FKID005998,unplanned,accident,closed,13.0749633,77.59257,Bellary Road 2,North Zone 1,Yelahanka,unknown,2023-11-17 03:42:07.102000+00:00,9,4,0,11,False,High,High,none,accident between two wheelers one person was injured send them to hospital sir traffic moment normal sir,15.615314166666668
FKID006001,unplanned,vehicle_breakdown,closed,12.9909938,77.5717929,Non-corridor,Central Zone 2,Sheshadripuram,unknown,2023-11-17 03:58:57.946000+00:00,9,4,0,11,False,Low,Low,bmtc_bus,ವ್ಯಾಕ್ಯೂಮ್  pbm ಅಂತ ತಿಳ್ಸಿದರೆ,84.26732303333333
FKID006002,unplanned,vehicle_breakdown,closed,12.9769123,77.5860171,Non-corridor,Central Zone 2,Halasuru Gate,unknown,2023-11-17 04:22:31.126000+00:00,9,4,0,11,False,Low,Low,private_bus,"vehicle break pipe cut, 15 minutes to get ready.",9.7192566
FKID006003,unplanned,vehicle_breakdown,closed,13.0097232,77.6972405,Non-corridor,East Zone 2,K.R. Pura,unknown,2023-11-17 05:10:53.441000+00:00,10,4,0,11,False,Low,Low,private_bus,,84.81419685
FKID006007,unplanned,accident,closed,13.0950829,77.5972815,Bellary Road 2,North Zone 2,Yelahanka,unknown,2023-11-17 14:04:05.449000+00:00,19,4,0,11,False,High,High,none,accident near sparsha hospital [location] road towards city traffic normal moving sir,59.43833245
FKID006010,unplanned,accident,closed,13.0098119,77.5710695,Non-corridor,West Zone 2,Sadashivanagar,unknown,2023-11-17 20:43:18.334000+00:00,2,5,1,11,False,Low,Low,none,[person] cell,77.63881098333333
FKID006011,unplanned,vehicle_breakdown,closed,12.9457163,77.5284767,ORR West 1,West Zone 2,Byatarayanapura,unknown,2023-11-17 20:45:58.895000+00:00,2,5,1,11,False,High,High,private_bus,[location] junction,72.52724768333333
FKID006012,unplanned,vehicle_breakdown,resolved,13.0185739,77.5554486,Magadi Road,West Zone 2,Magadi Road,unknown,2023-11-17 21:31:31.276000+00:00,3,5,1,11,False,High,High,bmtc_bus,,104.03651015
FKID006016,unplanned,pot_holes,closed,12.9559557,77.6938338,Old Airport Road,East Zone 1,HAL Old Airport,unknown,2023-11-17 23:20:41.626000+00:00,4,5,1,11,False,High,High,none,inform to bwssb,84.90187545
FKID006023,unplanned,vehicle_breakdown,closed,12.9366267,77.6929083,ORR East 1,East Zone 1,HAL Old Airport,unknown,2023-11-18 01:27:06.111000+00:00,6,5,1,11,False,High,High,heavy_vehicle,ನಮಸ್ಕಾರ ಮೇಡಂ ದೇವರ ಬಿಚನಹಳ್ಳಿ  ಜಂಕ್ಷನ್ ನಿಂದ ಕಾಡುಬಿಸನಹಳ್ಳಿ ಜಂಕ್ಷನ್ ಕಡೆಗೆ [person] ಎದುರು ಕಡೆಗೆ ಲಾರಿ ಬ್ರೇಕ್ ಡೌನ್ ಆಗಿರುತ್ತದೆ 30 ನಿಮಿಷದಲ್ಲಿ  ಟ್ರಾಫಿಕ್ ಯಾವುದು ಸಮಸ್ಯೆ ಇರುವುದಿಲ್ಲ ಮೇಡಂ,78.27243788333334
FKID006024,unplanned,vehicle_breakdown,closed,12.9529966,77.5416452,Mysore Road,West Zone 2,Byatarayanapura,unknown,2023-11-18 01:41:48.468000+00:00,7,5,1,11,False,High,High,ksrtc_bus,[location] jaction out going side sir,14.931522066666668
FKID006026,unplanned,vehicle_breakdown,closed,13.0146648,77.5733395,Non-corridor,West Zone 2,Sadashivanagar,unknown,2023-11-18 02:52:33.977000+00:00,8,5,1,11,False,Low,Low,heavy_vehicle,starting problem,37.40827121666667
FKID006028,unplanned,vehicle_breakdown,resolved,13.0976265,77.5918504,Bellary Road 1,North Zone 2,Kodigehalli,unknown,2023-11-18 04:36:41.962000+00:00,10,5,1,11,False,High,High,bmtc_bus,starting problem,32.287891466666665
FKID006031,unplanned,vehicle_breakdown,closed,12.9273352,77.680075,ORR East 1,East Zone 1,Bellandur,unknown,2023-11-18 06:47:05.466000+00:00,12,5,1,11,False,High,High,private_bus,bus  towards bellandur down ramp traffic slow movement,23.4285513
FKID006034,unplanned,vehicle_breakdown,closed,13.0147261,77.5839062,Bellary Road 1,West Zone 2,Sadashivanagar,unknown,2023-11-18 07:42:58.176000+00:00,13,5,1,11,False,High,High,lcv,vehicle off road due to clutch issues,136.78986316666666
FKID006036,unplanned,vehicle_breakdown,closed,13.0145617,77.5730783,Non-corridor,West Zone 2,Sadashivanagar,unknown,2023-11-18 09:40:27.425000+00:00,15,5,1,11,False,Low,Low,bmtc_bus,starting problem,13.487757566666666
FKID006038,unplanned,others,closed,12.9858483,77.5894331,Bellary Road 1,Central Zone 2,High ground,unknown,2023-11-18 19:21:45.653000+00:00,0,6,1,11,False,High,High,none,wheel cut,28.944295833333335
FKID006046,unplanned,others,closed,13.0456698,77.556211,ORR North 2,North Zone 2,Jalahalli,unknown,2023-11-18 22:41:25.852000+00:00,4,6,1,11,False,High,High,none,towards sk due to clutch problem sir,10.306896266666666
FKID006047,unplanned,vehicle_breakdown,closed,13.102133,77.5865455,Non-corridor,North Zone 2,Yelahanka,unknown,2023-11-18 23:45:32.575000+00:00,5,6,1,11,False,Low,Low,private_car,.,36.74988463333333
FKID006049,unplanned,vehicle_breakdown,closed,12.98255063,77.63770496,Old Madras Road,Central Zone 1,Jeevanbheemanagar,unknown,2023-11-19 00:11:35.476000+00:00,5,6,1,11,False,High,High,bmtc_bus,,3.140068266666667
FKID006050,unplanned,vehicle_breakdown,closed,13.0148748,77.5725866,Non-corridor,West Zone 2,Sadashivanagar,unknown,2023-11-19 00:13:11.488000+00:00,5,6,1,11,False,Low,Low,heavy_vehicle,starting problem,12.550240633333335
FKID006051,unplanned,vehicle_breakdown,closed,13.1022979,77.58612,Non-corridor,North Zone 2,Yelahanka,unknown,2023-11-19 00:20:33.282000+00:00,5,6,1,11,False,Low,Low,bmtc_bus,.,3.3893408166666665
FKID006054,unplanned,vehicle_breakdown,closed,12.959612,77.5559197,Mysore Road,Central Zone 2,Chamarajpet,unknown,2023-11-19 01:27:46.454000+00:00,6,6,1,11,False,High,High,private_car,"traffic no problem, road side here",74.20677181666666
FKID006058,unplanned,vehicle_breakdown,closed,13.0460115,77.5561219,ORR North 2,North Zone 1,Jalahalli,unknown,2023-11-19 02:28:53.300000+00:00,7,6,1,11,False,High,High,lcv,due to engine problem..  [person] towards sahitya kita,6.094190583333333
FKID006060,unplanned,vehicle_breakdown,closed,12.955904,77.7172765,Varthur Road,East Zone 1,Whitefield,unknown,2023-11-19 04:39:44.397000+00:00,10,6,1,11,False,High,High,private_car,engin problem ready to 30 minutes,162.0267134
FKID006061,unplanned,vehicle_breakdown,closed,12.9075832,77.6282825,Hosur Road,South Zone 2,Madiwala,unknown,2023-11-19 04:44:16.765000+00:00,10,6,1,11,False,High,High,bmtc_bus,joint cut bommanahalli towards city [location] bus off road sir,15.520445366666667
FKID006062,unplanned,vehicle_breakdown,closed,12.9641281,77.5814045,Mysore Road,Central Zone 2,Halasuru Gate,unknown,2023-11-19 05:33:46.018000+00:00,11,6,1,11,False,High,High,bmtc_bus,market towards town hall sir,81.50184441666667
FKID006067,unplanned,vehicle_breakdown,closed,12.9879048,77.7338598,Non-corridor,East Zone 1,Mahadevapura,unknown,2023-11-19 18:45:33.601000+00:00,0,0,0,11,False,Low,Low,heavy_vehicle,start starting problem,26.36466031666667
FKID006068,unplanned,vehicle_breakdown,closed,13.0165143,77.5615383,Tumkur Road,West Zone 2,Yeshwanthpura,unknown,2023-11-19 19:15:08.738000+00:00,0,0,0,11,False,High,High,lcv,ಮತ್ತಿಕೆರೆ ಕ್ರಾಸ್ ಹತ್ತಿರ lgv ವಾಹನ ಬ್ಯಾಟರಿ ಸಮಸ್ಯೆ [location] ಆಗುತ್ತಿಲ್ಲ ಸರ್.,50.51885516666667
FKID006069,unplanned,vehicle_breakdown,closed,12.955154,77.5856293,Non-corridor,Central Zone 2,Wilson Garden,unknown,2023-11-19 19:52:57.691000+00:00,1,0,0,11,False,Low,Low,bmtc_bus,...,51.39911233333333
FKID006072,unplanned,vehicle_breakdown,closed,13.0807267,77.5932829,Bellary Road 2,North Zone 1,Yelahanka,unknown,2023-11-19 20:58:06.516000+00:00,2,0,0,11,False,High,High,private_bus,due to empty fuel traffic movement normal sir,74.97160621666667
FKID006073,unplanned,vehicle_breakdown,closed,13.063775,77.5935833,Bellary Road 2,North Zone 1,Hebbala,unknown,2023-11-19 22:33:03.054000+00:00,4,0,0,11,False,High,High,heavy_vehicle,back tyre puncher,116.95864045
FKID006076,unplanned,vehicle_breakdown,closed,12.9546171,77.5442979,Mysore Road,West Zone 2,Byatarayanapura,unknown,2023-11-20 00:29:18.079000+00:00,5,0,0,11,False,High,High,bmtc_bus,starting problem,11.41171555
FKID006077,unplanned,vehicle_breakdown,closed,12.9439816,77.5679382,Non-corridor,Central Zone 2,Basavanagudi,unknown,2023-11-20 19:53:38.164000+00:00,1,1,0,11,False,Low,Low,bmtc_bus,vehicle off road..,98.24602408333334
FKID006078,unplanned,vehicle_breakdown,closed,13.0145669,77.58389955,Bellary Road 1,West Zone 2,Sadashivanagar,unknown,2023-11-20 01:12:25.593000+00:00,6,0,0,11,False,High,High,truck,vehicle breakdown due to empty fuel at stock 15 service road (incoming ),67.97322405
FKID006080,unplanned,others,closed,12.9539511,77.5854439,Non-corridor,Central Zone 2,Wilson Garden,unknown,2023-11-20 03:14:14.911000+00:00,8,0,0,11,False,Low,Low,none,vehicle starting problem,110.96327143333333
FKID006083,unplanned,vehicle_breakdown,closed,12.955625,77.5857017,Non-corridor,Central Zone 2,Wilson Garden,unknown,2023-11-20 09:15:15.745000+00:00,14,0,0,11,False,Low,Low,bmtc_bus,,16.688940616666667
FKID006085,unplanned,others,closed,12.9194436,77.6214189,Hosur Road,South Zone 2,Madiwala,unknown,2023-11-20 13:05:54.666000+00:00,18,0,0,11,False,High,High,none,hosur main road nea silk board uppar ramp [location] working sir....  [location] main road (silk board  ) closed sir,286.8181712166667
FKID006087,unplanned,vehicle_breakdown,closed,13.0084993,77.6956301,Non-corridor,East Zone 2,K.R. Pura,unknown,2023-11-20 18:54:12.932000+00:00,0,1,0,11,False,Low,Low,heavy_vehicle,off road near [location] market towards city starting problem,127.14900161666667
FKID006097,unplanned,vehicle_breakdown,closed,12.9077387,77.5857106,ORR West 1,South Zone 1,J.P. Nagar,unknown,2023-11-20 21:31:51.866000+00:00,3,1,0,11,False,High,High,private_car,[person] sir vehicle slowly moving 15 th cross signal trds r v dental junction due to car off road,20.7539686
FKID006102,unplanned,vehicle_breakdown,closed,12.9620386,77.6418128,Old Airport Road,Central Zone 1,Jeevanbheemanagar,unknown,2023-11-20 22:34:44.699000+00:00,4,1,0,11,False,High,High,bmtc_bus,ಈ ಬಸ್ಸು ಇಂದಿರಾನಗರ 17ನೇ ಮುಖ್ಯರಸ್ತೆಯಿಂದ ಕೋರಮಂಗಲ ಕಡೆ ಹೋಗುವ ದೊಮ್ಮಲೂರು ಫ್ಲೈ ಓವರ್ ಮಧ್ಯ ಕೆಟ್ಟು ನಿಂತಿದೆ,69.78363693333334
FKID006103,unplanned,vehicle_breakdown,closed,13.0187359,77.5581175,Tumkur Road,West Zone 2,Yeshwanthpura,unknown,2023-11-20 22:44:45.710000+00:00,4,1,0,11,False,High,High,bmtc_bus,vechile break down,2.1166342
FKID006104,unplanned,vehicle_breakdown,closed,12.9661357,77.5867781,Mysore Road,Central Zone 2,Halasuru Gate,unknown,2023-11-20 22:52:37.745000+00:00,4,1,0,11,False,High,High,bmtc_bus,starting problem sir,159.76517208333334
FKID006107,unplanned,vehicle_breakdown,closed,13.0287662,77.5398698,Tumkur Road,West Zone 1,Yeshwanthpura,unknown,2023-11-21 00:24:09.322000+00:00,5,1,0,11,False,High,High,lcv,tyre burst near goraguntepalya signal towards cmti traffic no problem sir,75.34786806666666
FKID006109,unplanned,vehicle_breakdown,closed,12.9650713,77.6067195,Mysore Road,Central Zone 1,Ashok Nagar,unknown,2023-11-21 02:42:50.654000+00:00,8,1,0,11,False,High,High,bmtc_bus,bmtc ಬಸ್ಸು ಬ್ರೇಕ್ ಡೌನ್ ಆಗಿ ಕೆಟ್ಟು ನಿಂತಿರುತ್ತದೆ,70.3720422
FKID006110,unplanned,vehicle_breakdown,closed,12.9803266,77.5708272,Non-corridor,Central Zone 2,Chamarajpet,unknown,2023-11-21 02:46:36.113000+00:00,8,1,0,11,False,Low,Low,ksrtc_bus,battery problem sir.,105.80286051666667
FKID006111,unplanned,vehicle_breakdown,closed,13.1037794,77.6008869,Bellary Road 2,North Zone 2,Yelahanka,unknown,2023-11-21 03:38:23.959000+00:00,9,1,0,11,False,High,High,others,towards airport kogilu on favour school bus electrical issue sir,37.210154933333335
FKID006113,unplanned,vehicle_breakdown,closed,12.98646261,77.54946852,West of Chord Road,West Zone 2,Vijayanagara,unknown,2023-11-21 05:24:33.168000+00:00,10,1,0,11,False,High,High,ksrtc_bus,,61.66422065
FKID006114,unplanned,vehicle_breakdown,closed,12.9365506,77.5186746,Mysore Road,West Zone 1,Byatarayanapura,unknown,2023-11-21 06:17:26.599000+00:00,11,1,0,11,False,High,High,bmtc_bus,traffic slow moment,65.48658305
FKID006115,unplanned,vehicle_breakdown,closed,12.9762309,77.6018001,Old Madras Road,Central Zone 1,Cubbon Park,unknown,2023-11-21 06:26:43.162000+00:00,11,1,0,11,False,High,High,others,breakdown,74.64067675
FKID006116,unplanned,vehicle_breakdown,closed,12.9808194,77.5706632,Non-corridor,Central Zone 2,Chamarajpet,unknown,2023-11-21 06:52:10.203000+00:00,12,1,0,11,False,Low,Low,lcv,,59.080220149999995
FKID006119,unplanned,others,closed,13.0082341,77.6952922,Non-corridor,East Zone 2,K.R. Pura,unknown,2023-11-21 08:57:23.233000+00:00,14,1,0,11,False,Low,Low,none,[person] battari charge illa sir k r purma to govt hospital sir,9913.279195233334
FKID006124,unplanned,accident,closed,13.0167911,77.6605001,ORR North 1,North Zone 1,Banaswadi,unknown,2023-11-21 19:37:57.607000+00:00,1,2,0,11,False,High,High,none,ಎರಡು ವಾಹನಗಳ ಮದ್ಯೆ ಅಪಘಾತ ಆಗಿರುತ್ತದೆ,21.757424
FKID006126,unplanned,vehicle_breakdown,closed,12.9715363,77.5934875,Mysore Road,Central Zone 2,Halasuru Gate,unknown,2023-11-21 20:20:18.888000+00:00,1,2,0,11,False,High,High,lcv,towards siddalingayya junction kb road....,34.755479933333326
FKID006127,unplanned,vehicle_breakdown,closed,12.9621302,77.5335461,West of Chord Road,West Zone 2,Byatarayanapura,unknown,2023-11-21 20:29:57.955000+00:00,1,2,0,11,False,High,High,bmtc_bus,vehicle break down,13.018610533333334
FKID006129,unplanned,construction,closed,13.0403988,77.62432276,Hennur Main Road,North Zone 1,Hennuru,unknown,2023-11-21 20:38:34.192000+00:00,2,2,0,11,False,High,High,none,nagavara junction towards keb traffic slow moment,124.48846268333334
FKID006130,unplanned,congestion,closed,13.0413731,77.6226451,Hennur Main Road,North Zone 1,Hennuru,unknown,2023-11-21 21:05:49.951000+00:00,2,2,0,11,False,High,High,none,"traffic slow movement towards [location] bridge from manyata tech park,",97.18107958333333
FKID006133,unplanned,water_logging,closed,12.9382241,77.6978805,ORR East 1,East Zone 1,HAL Old Airport,unknown,2023-11-21 21:34:18.871000+00:00,3,2,0,11,False,High,High,none,[person] water lagin,3688.3307549166666
FKID006134,unplanned,others,closed,12.9602459,77.6415354,Old Airport Road,Central Zone 1,Halasur,unknown,2023-11-21 21:41:37.549000+00:00,3,2,0,11,False,High,High,none,fire in car,59.494905499999994
FKID006135,unplanned,pot_holes,closed,12.9751833,77.58241,Non-corridor,Central Zone 2,Upparpet,unknown,2023-11-21 22:00:11.454000+00:00,3,2,0,11,False,Low,Low,none,bbmp chamber drainage water leakage,97.88214631666666
FKID006136,unplanned,vehicle_breakdown,closed,13.1025682,77.5998215,Bellary Road 2,North Zone 2,Yelahanka,unknown,2023-11-21 22:37:29.234000+00:00,4,2,0,11,False,High,High,heavy_vehicle,concrete mixer breakdown due to starting problem at kogilu junction sir,111.66404631666666
FKID006140,unplanned,vehicle_breakdown,closed,12.9517504,77.4995444,Non-corridor,West Zone 1,Jnanabharathi,unknown,2023-11-22 00:48:50.357000+00:00,6,2,0,11,False,Low,Low,bmtc_bus,bmtc busoff road [location] sir,75.91999933333334
FKID006141,unplanned,vehicle_breakdown,closed,12.9666771,77.6086475,Mysore Road,Central Zone 1,Ashok Nagar,unknown,2023-11-22 01:39:03.012000+00:00,7,2,0,11,False,High,High,private_car,vehicle breakdown,23.28740005
FKID006142,unplanned,vehicle_breakdown,closed,12.9645367,77.5733653,Mysore Road,Central Zone 2,Chamarajpet,unknown,2023-11-22 03:39:47.127000+00:00,9,2,0,11,False,High,High,lcv,lgv  vehicle back well ಕಟ್ ಆಗಿದೆ ಸಾರ್ ಒನ್ ಸೈಡ್ ಟ್ರಾಫಿಕ್ ಮೂವ್ ಆಗ್ತಾ ಇದೆ ಸರ್,34.048471166666666
FKID006143,unplanned,vehicle_breakdown,closed,13.0448184,77.5049414,Tumkur Road,West Zone 1,Peenya,unknown,2023-11-22 03:54:50.763000+00:00,9,2,0,11,False,High,High,lcv,"peenya flyover incoming [person] turn on flyover lgv vehicle off road, vehicle one side moving towards goragontepalya.",7.489767433333333
FKID006146,unplanned,vehicle_breakdown,closed,12.9607909,77.6378867,Old Airport Road,Central Zone 1,Halasur,unknown,2023-11-22 05:03:04.463000+00:00,10,2,0,11,False,High,High,bmtc_bus,,144.85944098333331
FKID006147,unplanned,vehicle_breakdown,closed,12.98267965,77.63678454,Old Madras Road,Central Zone 1,Jeevanbheemanagar,unknown,2023-11-22 05:39:47.779000+00:00,11,2,0,11,False,High,High,heavy_vehicle,,10.712838766666666
FKID006149,unplanned,vehicle_breakdown,closed,12.9630917,77.5670733,Mysore Road,Central Zone 2,Chamarajpet,unknown,2023-11-22 06:16:13.466000+00:00,11,2,0,11,False,High,High,lcv,lgv back wheel ಪಂಚರ್ ಆಗಿರುತ್ತದೆ ಸರ್ ಒಂದು ಸೈಡ್ ಟ್ರಾಫಿಕ್ ಮೂ ಆಗ್ತಾ ಇದೆ ಸರ್,53.03763343333333
FKID006150,unplanned,vehicle_breakdown,closed,12.9757824,77.560073,Magadi Road,Central Zone 2,Magadi Road,unknown,2023-11-22 06:54:24.776000+00:00,12,2,0,11,False,High,High,lcv,traffic normal sir,69.13833371666666
FKID006151,unplanned,vehicle_breakdown,closed,12.9604318,77.5042754,Non-corridor,West Zone 1,Jnanabharathi,unknown,2023-11-22 07:06:31.860000+00:00,12,2,0,11,False,Low,Low,bmtc_bus,,146.44818733333335
FKID006153,unplanned,vehicle_breakdown,closed,12.9654378,77.6175455,Non-corridor,Central Zone 1,Halasur,unknown,2023-11-22 07:44:01.912000+00:00,13,2,0,11,False,Low,Low,others,vehicle stopped due to diesel...,22.930431433333336
FKID006160,unplanned,others,closed,12.9245832,77.649611,ORR East 1,South Zone 2,HSR Layout,unknown,2023-11-22 18:34:54.041000+00:00,0,3,0,11,False,High,High,none,ಅಗರ ಜಂಕ್ಷನ್ ಹತ್ತಿರ ಮೆಟ್ರೋ ಟ್ರೈನ್ ರೇಟ್ ಜಾಸ್ತಿಯಾಗಿ ಸರ್ವಿಸ್ ರೋಡ್ ಕಡೆ ವಾಲಿದ್ದು ಅಗರ towords ಆಟೋಮಾರ್ಟ್ ಸಂಚಾರಕ್ಕೆ ಅಲ್ಪ ಪ್ರಮಾಣದಲ್ಲಿ ತೊಂದರೆ ಆಗುತ್ತದೆ ಸರ್,606.2956126833334
FKID006161,unplanned,vehicle_breakdown,closed,13.0290134,77.5401683,Tumkur Road,West Zone 1,Yeshwanthpura,unknown,2023-11-22 18:46:57.493000+00:00,0,3,0,11,False,High,High,heavy_vehicle,one side movement,29.652116483333334
FKID006166,unplanned,others,closed,12.9754625,77.5707518,Non-corridor,Central Zone 2,Chamarajpet,unknown,2023-11-22 21:05:32.674000+00:00,2,3,0,11,False,Low,Low,none,near shantala signal hattira ayyappa temple hattira trafic no problem sir,8648.681363966667
FKID006167,unplanned,others,closed,12.9561208,77.6938418,Old Airport Road,East Zone 1,HAL Old Airport,unknown,2023-11-22 21:50:11.097000+00:00,3,3,0,11,False,High,High,none,a,218.97665736666667
FKID006169,unplanned,vehicle_breakdown,closed,12.9556655,77.7005733,Varthur Road,East Zone 1,HAL Old Airport,unknown,2023-11-22 22:20:43.544000+00:00,3,3,0,11,True,High,High,bmtc_bus,bmtc bus bread down @ marathalli bridze under pass towards le arebia orr road sir,38.99701985
FKID006174,unplanned,road_conditions,closed,12.9440124,77.6068594,Hosur Road,South Zone 2,Adugodi,unknown,2023-11-23 00:58:24.093000+00:00,6,3,0,11,False,High,High,none,,31.40482066666667
FKID006176,unplanned,others,closed,12.9824499,77.5928997,CBD 2,Central Zone 2,Cubbon Park,unknown,2023-11-23 02:12:14.670000+00:00,7,3,0,11,False,High,High,none,engine problem,32.9574732
FKID006178,unplanned,vehicle_breakdown,resolved,13.018281,77.5556398,Bellary Road 2,West Zone 2,Yelahanka,unknown,2023-11-23 02:28:06.583000+00:00,7,3,0,11,False,High,High,bmtc_bus,jakkur aerodrome on flyover towards airport due to tirebrust traffic no problem sir,54.968492516666664
FKID006180,unplanned,vehicle_breakdown,closed,13.015132,77.5841563,Bellary Road 1,North Zone 2,Sadashivanagar,unknown,2023-11-23 04:00:05.970000+00:00,9,3,0,11,False,High,High,private_car,,6.392379616666667
FKID006181,unplanned,vehicle_breakdown,closed,12.8695892,77.6546541,Hosur Road,South Zone 1,Electronic City,unknown,2023-11-23 04:13:57.359000+00:00,9,3,0,11,False,High,High,lcv,on ec flyover towrds city lgv offroad,9.597317949999999
FKID006182,unplanned,others,closed,12.9522637,77.5408637,Mysore Road,West Zone 2,Byatarayanapura,unknown,2023-11-23 06:06:59.976000+00:00,11,3,0,11,False,High,High,none,gaalianjaneya temple ರಥೋತ್ಸವ,152.36606333333333
FKID006185,unplanned,vehicle_breakdown,closed,13.010822,77.5838862,Bellary Road 1,West Zone 2,Sadashivanagar,unknown,2023-11-23 18:25:39.926000+00:00,23,3,0,11,False,High,High,truck,,3.10067255
FKID006186,unplanned,others,closed,13.0440456,77.5551134,ORR North 2,North Zone 2,Jalahalli,unknown,2023-11-23 19:13:15.046000+00:00,0,4,0,11,False,High,High,none,at [location] uturn towards gg playa starting problem sir,1977.0458006333333
FKID006188,unplanned,vehicle_breakdown,resolved,12.9589941,77.527017,West of Chord Road,West Zone 2,Byatarayanapura,unknown,2023-11-23 22:24:13.948000+00:00,3,4,0,11,False,High,High,bmtc_bus,traffic movement slow,106.81585711666666
FKID006190,unplanned,vehicle_breakdown,closed,12.9817447,77.5949875,CBD 2,Central Zone 2,Cubbon Park,unknown,2023-11-24 00:47:29.029000+00:00,6,4,0,11,False,High,High,private_car,,97.3695523
FKID006191,unplanned,vehicle_breakdown,closed,12.9884191,77.5888133,Bellary Road 1,Central Zone 2,High ground,unknown,2023-11-24 04:42:05.721000+00:00,10,4,0,11,False,High,High,others,traffic normal movement,48.415913599999996
FKID006193,unplanned,others,closed,12.8699632,77.6531158,Hosur Road,South Zone 2,Electronic City,unknown,2023-11-24 05:47:57.829000+00:00,11,4,0,11,False,High,High,none,vehicle tire puncer,865.5403809
FKID006195,unplanned,vehicle_breakdown,closed,12.971497,77.6581488,Non-corridor,Central Zone 1,Jeevanbheemanagar,unknown,2023-11-24 08:07:44.687000+00:00,13,4,0,11,False,Low,Low,private_car,battery down,2.6516332666666664
FKID006197,unplanned,construction,closed,12.920906,77.6002661,Bannerghata Road,South Zone 1,Mico Layout,unknown,2023-11-24 20:33:24.002000+00:00,2,5,1,11,False,High,High,none,[person],11.78033255
FKID006198,unplanned,vehicle_breakdown,closed,13.018636,77.5583776,Tumkur Road,West Zone 2,Yeshwanthpura,unknown,2023-11-24 20:55:48.768000+00:00,2,5,1,11,False,High,High,heavy_vehicle,,115.87354140000001
FKID006199,unplanned,vehicle_breakdown,closed,12.9514517,77.5372009,West of Chord Road,West Zone 2,Byatarayanapura,unknown,2023-11-24 21:35:24.362000+00:00,3,5,1,11,True,High,High,bmtc_bus,,14.455940533333335
FKID006201,unplanned,vehicle_breakdown,closed,12.971263,77.594313,Mysore Road,Central Zone 1,Cubbon Park,unknown,2023-11-24 22:18:28.515000+00:00,3,5,1,11,False,High,High,bmtc_bus,bmtc bus starting problem sir... no problem to traffic sir. [person] junction towards rrmr junctoin.,38.123049349999995
FKID006205,unplanned,vehicle_breakdown,closed,13.0162615,77.5840649,Bellary Road 1,North Zone 2,Sadashivanagar,unknown,2023-11-24 23:42:28.265000+00:00,5,5,1,11,False,High,High,taxi,,6.232070666666667
FKID006206,unplanned,vehicle_breakdown,closed,12.9614485,77.5611572,Mysore Road,Central Zone 2,Chamarajpet,unknown,2023-11-25 01:07:09.329000+00:00,6,5,1,11,False,High,High,private_bus,ಗೇರ್ ಪ್ರಾಬ್ಲಮ್,37.45476503333334
FKID006208,unplanned,vehicle_breakdown,closed,12.955925,77.5461403,Mysore Road,West Zone 2,Byatarayanapura,unknown,2023-11-25 04:13:15.286000+00:00,9,5,1,11,False,High,High,truck,starting problem,44.45212466666667
FKID006212,unplanned,vehicle_breakdown,closed,13.0993579,77.5974597,Bellary Road 2,North Zone 2,Yelahanka,unknown,2023-11-25 04:39:09.637000+00:00,10,5,1,11,False,High,High,bmtc_bus,kogilu towards [location] circle due to vaccume problem,53.110473666666664
FKID006214,unplanned,vehicle_breakdown,closed,13.0159084,77.5540158,Tumkur Road,West Zone 1,Yeshwanthpura,unknown,2023-11-25 07:10:33.660000+00:00,12,5,1,11,False,High,High,lcv,,31.9243745
FKID006215,unplanned,vehicle_breakdown,closed,13.1905183,77.6458767,Bellary Road 2,Unknown,Chikkajala,unknown,2023-11-25 19:13:05.773000+00:00,0,6,1,11,False,High,High,heavy_vehicle,vehicle breakdown,98.95300796666668
FKID006217,unplanned,vehicle_breakdown,closed,13.0176175,77.5572677,Tumkur Road,West Zone 2,Yeshwanthpura,unknown,2023-11-25 21:37:16.003000+00:00,3,6,1,11,False,High,High,bmtc_bus,ypr down ramp service ನಲ್ಲಿ bmtc bus off road sir,26.654573000000003
FKID006224,unplanned,vehicle_breakdown,closed,13.0443183,77.5567474,ORR North 2,North Zone 2,Jalahalli,unknown,2023-11-26 03:50:54.501000+00:00,9,6,1,11,False,High,High,private_car,,36.75914435
FKID006225,unplanned,vehicle_breakdown,closed,12.957945,77.5534514,Mysore Road,Central Zone 2,Chamarajpet,unknown,2023-11-26 03:54:55.646000+00:00,9,6,1,11,False,High,High,bmtc_bus,ಗೇರ್ ಸಮಸ್ಯೆ ಯಾಗಿ ಬಸ್ ನಿಂತಿದೆ ಸರ್,150.89506383333335
FKID006226,unplanned,vehicle_breakdown,closed,13.0441564,77.5098069,Tumkur Road,West Zone 1,Peenya,unknown,2023-11-26 04:12:17.691000+00:00,9,6,1,11,False,High,High,lcv,peenya flyover outgoing h cross on flyover lgv off road vehicles one side moving. towards nelamangala.,50.57958421666667
FKID006229,unplanned,vehicle_breakdown,closed,12.90665717,77.54687078,Non-corridor,South Zone 1,K.S. Layout,unknown,2023-11-26 05:15:52.700000+00:00,10,6,1,11,False,Low,Low,bmtc_bus,due to diesel leakage vehicle breakdown,16.589146799999998
FKID006233,unplanned,road_conditions,closed,13.0145233,77.5839869,Bellary Road 1,North Zone 2,Sadashivanagar,unknown,2023-11-26 20:05:41.182000+00:00,1,0,0,11,True,High,High,none,ರಸ್ತೆಯ ಒಂದು ಬದಿಯಲ್ಲಿ ವಾಹನ ಗಳು ಸಂಚಾರವಾಗುತ್ತಿದ್ದು 4 ಗಂಟೆ ಸಮಯ ಬೇಕಾಗಿರುತ್ತದೆ,288.8241364
FKID006237,unplanned,vehicle_breakdown,closed,12.9568062,77.5491629,Mysore Road,Central Zone 2,Byatarayanapura,unknown,2023-11-26 22:38:17.055000+00:00,4,0,0,11,False,High,High,lcv,[location] to toll  near zudio show room,137.25990439999998
FKID006238,unplanned,vehicle_breakdown,closed,12.9678093,77.5681249,Non-corridor,Central Zone 2,Chamarajpet,unknown,2023-11-26 22:53:27.950000+00:00,4,0,0,11,False,Low,Low,bmtc_bus,ecsleter wire cut agide traffic normal ide,124.67001535
FKID006240,unplanned,vehicle_breakdown,closed,12.9183015,77.6419329,ORR East 1,South Zone 2,HSR Layout,unknown,2023-11-27 00:23:20.856000+00:00,5,0,0,11,False,High,High,others,traffic moment slow moment sir,39.28464615
FKID006242,unplanned,vehicle_breakdown,closed,12.9807419,77.5490731,West of Chord Road,West Zone 2,Magadi Road,unknown,2023-11-27 01:46:45.689000+00:00,7,0,0,11,False,High,High,bmtc_bus,bmtc off roaded nps junction towards mc circle on flyover sir.,9.58248465
FKID006243,unplanned,vehicle_breakdown,closed,12.9691233,77.5874239,Mysore Road,Central Zone 2,Halasuru Gate,unknown,2023-11-27 03:47:02.828000+00:00,9,0,0,11,False,High,High,private_car,,3.5625392166666665
FKID006244,unplanned,vehicle_breakdown,closed,13.009539,77.6970074,Non-corridor,East Zone 2,K.R. Pura,unknown,2023-11-27 04:58:15.321000+00:00,10,0,0,11,True,Low,Low,private_bus,private bus break down due to break failure.,42.98520965
FKID006245,unplanned,vehicle_breakdown,closed,12.9869408,77.5189607,Magadi Road,West Zone 1,Kamakshipalya,unknown,2023-11-27 06:09:51.197000+00:00,11,0,0,11,False,High,High,private_car,stating problam,30.007936166666664
FKID006251,unplanned,vehicle_breakdown,closed,12.9761392,77.5645986,Magadi Road,Central Zone 2,Magadi Road,unknown,2023-11-27 07:40:09.297000+00:00,13,0,0,11,False,High,High,others,clutch fail,140.95731608333332
FKID006252,unplanned,vehicle_breakdown,closed,12.9858849,77.5227976,Magadi Road,West Zone 1,Kamakshipalya,unknown,2023-11-27 19:20:09.001000+00:00,0,1,0,11,True,High,High,truck,break down,63.96499075
FKID006255,unplanned,others,closed,12.9526488,77.699876,ORR East 1,East Zone 1,HAL Old Airport,unknown,2023-11-27 19:48:02.285000+00:00,1,1,0,11,False,High,High,none,[person] bridge to words kadubisanahalli kadege hogu main roadnalli battery down aagi sir,99.96852326666666
FKID006257,unplanned,vehicle_breakdown,closed,12.9425141,77.5254893,Mysore Road,West Zone 1,Byatarayanapura,unknown,2023-11-27 20:59:11.463000+00:00,2,1,0,11,False,High,High,lcv,traffic movement slow sir,36.38478976666667
FKID006263,unplanned,vehicle_breakdown,closed,12.9282977,77.5459634,ORR West 1,West Zone 2,Banashankari,unknown,2023-11-27 22:09:25.255000+00:00,3,1,0,11,False,High,High,bmtc_bus,bmtc bus off-road due starting problem sir,116.45913183333333
FKID006264,unplanned,vehicle_breakdown,closed,13.0424115,77.5925746,Bellary Road 1,North Zone 1,Hebbala,unknown,2023-11-27 22:16:20.793000+00:00,3,1,0,11,False,High,High,heavy_vehicle,due to joint cut bwssb vehicle,32.58043245
FKID006269,unplanned,vehicle_breakdown,closed,13.039208,77.5183806,Tumkur Road,West Zone 1,Peenya,unknown,2023-11-27 23:32:27.120000+00:00,5,1,0,11,False,High,High,taxi,peenya flyover outgoing [location] station on flyover car off road vehicles one side moving towards nelamangala.,17.136627316666665
FKID006271,unplanned,others,closed,12.9237306,77.6474668,ORR East 1,South Zone 2,HSR Layout,unknown,2023-11-28 00:14:07.320000+00:00,5,1,0,11,True,High,High,none,ಅಗರ ದಿಂದ 19ನೇ ಮುಖ್ಯರಸ್ತೆಯ ಕಡೆ ಹೋಗುವ  ಸರ್ವಿಸ್ ರಸ್ತೆಯಲ್ಲಿ ವಿದ್ಯುತ್ ಕಂಬ ಬಿದ್ದಿರುವುದರಿಂದ ಸರ್ವಿಸ್ ರಸ್ತೆ ಬಂದ್ ಮಾಡಿರುತ್ತದೆ ಸರ್ 🙏🙏,24.443889966666667
FKID006273,unplanned,road_conditions,closed,12.98066,77.5973363,CBD 2,Central Zone 2,Cubbon Park,unknown,2023-11-28 01:20:09.639000+00:00,6,1,0,11,False,High,High,none,oil leak,245.91660705
FKID006274,unplanned,road_conditions,closed,13.0146481,77.5839784,Bellary Road 1,North Zone 2,Sadashivanagar,unknown,2023-11-28 03:24:29.915000+00:00,8,1,0,11,False,High,High,none,,61.000142933333336
FKID006275,unplanned,others,closed,12.9759169,77.5872273,Non-corridor,Central Zone 2,Halasuru Gate,unknown,2023-11-28 03:25:06.881000+00:00,8,1,0,11,False,Low,Low,none,ಪಂಚರ್ ಆಗಿದೆ ಸರ್,75.05420305
FKID006278,unplanned,vehicle_breakdown,closed,13.0461559,77.5043676,Non-corridor,West Zone 1,Peenya,unknown,2023-11-28 03:31:41.415000+00:00,9,1,0,11,False,Low,Low,bmtc_bus,h cross on flyover towards outgoing side [location] bus off road due to joint problem sir,63.04091908333333
FKID006281,unplanned,vehicle_breakdown,closed,12.9422816,77.6972978,ORR East 1,East Zone 1,HAL Old Airport,unknown,2023-11-28 03:36:31.545000+00:00,9,1,0,11,False,High,High,bmtc_bus,[person] towards silk board kadubisanahalli bus stop sir,66.10421948333334
FKID006285,unplanned,vehicle_breakdown,closed,12.9705526,77.5869031,Mysore Road,Central Zone 2,Halasuru Gate,unknown,2023-11-28 06:10:34.936000+00:00,11,1,0,11,False,High,High,others,"off-road due to diesal leakage, no problem for traffic movement, will be removed within 20 minutes",4.311332166666667
FKID006288,unplanned,vehicle_breakdown,closed,12.9530767,77.5418967,Mysore Road,West Zone 2,Byatarayanapura,unknown,2023-11-28 06:54:59.417000+00:00,12,1,0,11,False,High,High,private_bus,off road at [location] traffic normal sir,101.3939446
FKID006292,unplanned,vehicle_breakdown,closed,13.0110103,77.5836395,Bellary Road 1,West Zone 2,Sadashivanagar,unknown,2023-11-28 08:11:05.729000+00:00,13,1,0,11,False,High,High,taxi,vehicle breakdown due to battery problem outgoing side [location] towards mekri circle,71.66695605
FKID006294,unplanned,vehicle_breakdown,closed,13.0444098,77.5091487,Tumkur Road,West Zone 1,Peenya,unknown,2023-11-28 08:31:28.744000+00:00,14,1,0,11,False,High,High,private_car,starting problem,15.909199300000001
FKID006296,unplanned,vehicle_breakdown,closed,13.0139284,77.5837687,Bellary Road 1,West Zone 2,Sadashivanagar,unknown,2023-11-28 20:31:15.825000+00:00,2,2,0,11,False,High,High,others,[person] starting problem  stock 15 underpass  no traffic problem sir,26.8771284
FKID006297,unplanned,vehicle_breakdown,closed,13.0095235,77.6971236,Non-corridor,East Zone 2,K.R. Pura,unknown,2023-11-28 20:34:28.456000+00:00,2,2,0,11,False,Low,Low,bmtc_bus,clutch pad cut agide sir,22.19168823333333
FKID006298,unplanned,vehicle_breakdown,closed,13.0279028,77.5353479,Tumkur Road,West Zone 1,Yeshwanthpura,unknown,2023-11-28 20:36:42.676000+00:00,2,2,0,11,False,High,High,bmtc_bus,starting problem traffic no issues,52.31364178333333
FKID006299,unplanned,vehicle_breakdown,closed,12.9571883,77.5924233,Non-corridor,Central Zone 2,Wilson Garden,unknown,2023-11-28 20:48:11.481000+00:00,2,2,0,11,True,Low,Low,auto,no,0.9619578
FKID006300,unplanned,vehicle_breakdown,closed,12.9570052,77.592585,Non-corridor,Central Zone 1,Wilson Garden,unknown,2023-11-28 21:13:22.433000+00:00,2,2,0,11,False,Low,Low,auto,no,8.666933766666666
FKID006304,unplanned,vehicle_breakdown,closed,12.9183119,77.6213645,ORR East 1,South Zone 2,Madiwala,unknown,2023-11-28 21:58:52.355000+00:00,3,2,0,11,False,High,High,auto,auto rickshaw cought fire on double decker flyover near silkboard towords hsr no injuries sir,37.48756958333333
FKID006307,unplanned,vehicle_breakdown,resolved,12.989235,77.5503267,West of Chord Road,West Zone 2,Vijayanagara,unknown,2023-11-28 23:32:15.147000+00:00,5,2,0,11,False,High,High,bmtc_bus,airpipe cut aagiruttade sir,53.397788483333336
FKID006308,unplanned,vehicle_breakdown,closed,12.9622433,77.5628658,Mysore Road,Central Zone 2,Chamarajpet,unknown,2023-11-29 00:26:10.183000+00:00,5,2,0,11,False,High,High,heavy_vehicle,ಬ್ಯಾಟರಿ ಪ್ರಾಬ್ಲಮ್.,7.550525633333334
FKID006309,unplanned,vehicle_breakdown,closed,12.9648247,77.5860978,Mysore Road,Central Zone 2,Halasuru Gate,unknown,2023-11-29 01:33:55.616000+00:00,7,2,0,11,True,High,High,others,bbmp truck offroad left side of the road from townhall towards [location],18.3150515
FKID006310,unplanned,vehicle_breakdown,closed,13.0082175,77.5718546,Non-corridor,West Zone 2,Sadashivanagar,unknown,2023-11-29 03:11:26.755000+00:00,8,2,0,11,False,Low,Low,lcv,this vehicle breakdown at 18th cross junction starting problem,25.91794045
FKID006312,unplanned,vehicle_breakdown,closed,12.92517281,77.55040954,ORR West 1,West Zone 2,Banashankari,unknown,2023-11-29 05:06:58.281000+00:00,10,2,0,11,False,High,High,private_car,starting [person] sir,57.282264366666666
FKID006313,unplanned,vehicle_breakdown,closed,12.9318961,77.5445289,ORR West 1,West Zone 2,Banashankari,unknown,2023-11-29 05:44:53.601000+00:00,11,2,0,11,False,High,High,private_bus,,146.17011165
FKID006316,unplanned,vehicle_breakdown,closed,12.9267553,77.5480187,ORR West 1,West Zone 2,Banashankari,unknown,2023-11-29 06:23:36.460000+00:00,11,2,0,11,False,High,High,lcv,ittamadu towards katregippe middle hero showroom opposite,56.04167118333333
FKID006317,unplanned,vehicle_breakdown,closed,12.8728187,77.651366,Hosur Road,South Zone 2,Electronic City,unknown,2023-11-29 06:36:11.844000+00:00,12,2,0,11,False,High,High,bmtc_bus,[location] bus off road hosaroad towards hosur traffic slow movement sir,36.529660166666666
FKID006325,unplanned,vehicle_breakdown,closed,12.9800837,77.5708938,Non-corridor,Central Zone 2,Chamarajpet,unknown,2023-11-29 20:08:01.121000+00:00,1,3,0,11,False,Low,Low,auto,an autorickshaw got a puncture at kode junction and has been pulled over. there will be no traffic problem.,88.99168374999999
FKID006327,unplanned,road_conditions,closed,12.9841251,77.7523025,Non-corridor,East Zone 1,Mahadevapura,unknown,2023-11-29 20:33:58.294000+00:00,2,3,0,11,False,Low,Low,none,path hole and water leakage,1346.5596524833334
FKID006329,unplanned,vehicle_breakdown,closed,13.0124854,77.5690706,Non-corridor,West Zone 2,Sadashivanagar,unknown,2023-11-29 20:33:24.731000+00:00,2,3,0,11,False,Low,Low,others,"crane offroad near [location] due to cable problem outgoing side, no problem for vehicle movement.",32.26246835
FKID006330,unplanned,others,closed,12.9835042,77.7542333,Non-corridor,East Zone 1,Mahadevapura,unknown,2023-11-29 20:37:30.607000+00:00,2,3,0,11,False,Low,Low,none,drainage hole,1343.1174781
FKID006331,unplanned,road_conditions,closed,13.014242,77.5837912,Bellary Road 1,West Zone 2,Sadashivanagar,unknown,2023-11-29 20:54:03.746000+00:00,2,3,0,11,False,High,High,none,"grill damage at stock 15 underpass [location] , outgoing side , work in progress and within 1 hour it will be done",31.613101583333332
FKID006332,unplanned,vehicle_breakdown,closed,12.9604518,77.5568989,Mysore Road,Central Zone 2,Chamarajpet,unknown,2023-11-29 21:11:34.473000+00:00,2,3,0,11,False,High,High,bmtc_bus,ಗೇರ್ ವಕ್೯ ಆಗುತ್ತಿಲ್ಲ.,20.894928466666666
FKID006333,unplanned,vehicle_breakdown,closed,12.9588379,77.5167415,Non-corridor,West Zone 1,Byatarayanapura,unknown,2023-11-29 21:52:18.292000+00:00,3,3,0,11,False,Low,Low,bmtc_bus,traffic slow movement ide sir,75.49992103333334
FKID006339,unplanned,vehicle_breakdown,closed,13.0170526,77.6610443,ORR North 1,East Zone 2,Banaswadi,unknown,2023-11-29 23:45:50.690000+00:00,5,3,0,11,False,High,High,bmtc_bus,starting problem,9.365974849999999
FKID006344,unplanned,water_logging,closed,13.010126,77.697428,Non-corridor,East Zone 2,K.R. Pura,unknown,2023-11-30 01:54:31.241000+00:00,7,3,0,11,False,Low,Low,none,water logging in grt to tc palya,8320.420942866667
FKID006346,unplanned,others,closed,12.9715567,77.61055,Old Madras Road,Central Zone 1,Ashok Nagar,unknown,2023-11-30 02:27:32.889000+00:00,7,3,0,11,False,High,High,none,vehicle break locked zammed,49.59777256666666
FKID006348,unplanned,vehicle_breakdown,closed,12.975301,77.5528909,Magadi Road,West Zone 2,Magadi Road,unknown,2023-11-30 04:23:01.188000+00:00,9,3,0,11,False,High,High,bmtc_bus,towards prasann junction sir,72.36508631666668
FKID006362,unplanned,vehicle_breakdown,closed,13.0115219,77.6982565,Non-corridor,East Zone 2,K.R. Pura,unknown,2023-11-30 18:27:07.521000+00:00,23,3,0,11,False,Low,Low,heavy_vehicle,"ತಾಂತ್ರಿಕ ದೋಷದಿಂದ, ವಾಹನವು ಕೆಟ್ಟು ನಿಂತಿರುತ್ತದೆ, ಸ್ಟಾರ್ಟಿಂಗ್ [location] ಸರ್",2.1333690666666665
FKID006365,unplanned,accident,closed,13.0676698,77.5933693,Bellary Road 2,North Zone 1,Hebbala,unknown,2023-11-30 19:20:47.629000+00:00,0,4,0,12,False,High,High,none,break file sir,61.2137216
FKID006368,unplanned,vehicle_breakdown,closed,13.0462883,77.5559138,ORR North 2,North Zone 2,Jalahalli,unknown,2023-11-30 19:54:49.767000+00:00,1,4,0,12,False,High,High,others,off-road,33.22631478333333
FKID006371,unplanned,others,closed,12.9819749,77.5946058,CBD 2,Central Zone 2,Cubbon Park,unknown,2023-11-30 20:57:11.118000+00:00,2,4,0,12,False,High,High,none,ಪಾದಚಾರಿ ಮಾರ್ಗ ಅಡಚಣೆ,135.58937761666667
FKID006372,unplanned,vehicle_breakdown,closed,13.0283245,77.5191569,Non-corridor,West Zone 1,Peenya,unknown,2023-11-30 21:04:01.351000+00:00,2,4,0,12,False,Low,Low,bmtc_bus,peenya tr ps tvs cross signal bmtc bus off road due to starting problem traffic one side movement sir,74.80607221666668
FKID006375,unplanned,vehicle_breakdown,closed,12.97570957,77.56103534,Magadi Road,Central Zone 2,Magadi Road,unknown,2023-11-30 22:35:59.243000+00:00,4,4,0,12,False,High,High,bmtc_bus,starting problem,66.17483445
FKID006379,unplanned,vehicle_breakdown,closed,12.9757999,77.5874675,Non-corridor,Central Zone 2,Halasuru Gate,unknown,2023-12-01 01:23:44.985000+00:00,6,4,0,12,False,Low,Low,bmtc_bus,,39.06277933333333
FKID006380,unplanned,vehicle_breakdown,closed,13.0361728,77.5253839,Tumkur Road,West Zone 1,Peenya,unknown,2023-12-01 03:32:15.728000+00:00,9,4,0,12,False,High,High,private_bus,peenya industries on flyover car off-road towards parle toll traffic one side movement,5.6882595333333335
FKID006381,unplanned,vehicle_breakdown,closed,12.9879355,77.5806882,Non-corridor,Central Zone 2,High ground,unknown,2023-12-01 03:40:25.189000+00:00,9,4,0,12,False,Low,Low,private_car,car tyre relesed ..[person],69.60687666666666
FKID006386,unplanned,vehicle_breakdown,closed,12.90665577,77.54570637,Non-corridor,South Zone 1,K.S. Layout,unknown,2023-12-01 05:42:01.090000+00:00,11,4,0,12,False,Low,Low,bmtc_bus,vehicle struck down at pothole,131.71085216666668
FKID006387,unplanned,vehicle_breakdown,closed,12.8696027,77.6535417,Hosur Road,South Zone 2,Electronic City,unknown,2023-12-01 05:46:58.733000+00:00,11,4,0,12,False,High,High,lcv,lgv offroad toward husharu on flyover nearhosaroda sir,24.13871885
FKID006388,unplanned,vehicle_breakdown,closed,12.9677167,77.5879114,Mysore Road,Central Zone 2,Halasuru Gate,unknown,2023-12-01 05:53:31.990000+00:00,11,4,0,12,False,High,High,bmtc_bus,ಕೃಷಿ ಭವನ,54.60528863333333
FKID006391,unplanned,vehicle_breakdown,closed,13.121748,77.6112371,Bellary Road 2,North Zone 2,Yelahanka,unknown,2023-12-01 05:59:28.219000+00:00,11,4,0,12,False,High,High,lcv,bagaluru onflyover to wards city lgv vehicle empty fuel sir traffic normal mument sir,12.500674383333335
FKID006393,unplanned,vehicle_breakdown,closed,12.9610754,77.5591434,Mysore Road,Central Zone 2,Chamarajpet,unknown,2023-12-01 07:36:07.294000+00:00,13,4,0,12,False,High,High,lcv,traffic no problem sir side [person],10.356196149999999
FKID006400,unplanned,vehicle_breakdown,closed,12.8718258,77.6512363,Hosur Road,South Zone 2,Electronic City,unknown,2023-12-01 19:43:58.350000+00:00,1,5,1,12,False,High,High,private_bus,ವೆಹಿಕಲ್ ಸ್ಲೋ ಮೂಮೆಂಟ್ ಸರ್,162.5665779
FKID006403,unplanned,vehicle_breakdown,closed,12.9420143,77.6971725,ORR East 1,East Zone 1,HAL Old Airport,unknown,2023-12-01 21:53:32.337000+00:00,3,5,1,12,False,High,High,lcv,croma bus stop near  tata ac vehicle off road traffic no problem sir,39.86270186666666
FKID006405,unplanned,vehicle_breakdown,closed,13.030269,77.6306842,Airport New South Road,North Zone 1,K.G. Halli,unknown,2023-12-01 22:59:43.476000+00:00,4,5,1,12,False,High,High,others,stating prablam,19.595001083333333
FKID006406,unplanned,others,closed,12.9744637,77.5780192,Non-corridor,Central Zone 2,Upparpet,unknown,2023-12-02 00:15:35.929000+00:00,5,5,1,12,False,Low,Low,none,gare box problem sir,18.232261750000003
FKID006412,unplanned,vehicle_breakdown,closed,13.0935833,77.597035,Bellary Road 2,North Zone 2,Yelahanka,unknown,2023-12-02 04:05:58.168000+00:00,9,5,1,12,False,High,High,ksrtc_bus,coffee day railway underpass towards airport due to starting problem traffic slow moment sir,8.450361483333333
FKID006414,unplanned,vehicle_breakdown,closed,12.9554605,77.5921855,Non-corridor,Central Zone 2,Wilson Garden,unknown,2023-12-02 05:20:38.517000+00:00,10,5,1,12,False,Low,Low,bmtc_bus,starting problem,87.37563088333333
FKID006415,unplanned,vehicle_breakdown,closed,12.9163048,77.6362865,ORR East 1,South Zone 2,HSR Layout,unknown,2023-12-02 06:04:20.462000+00:00,11,5,1,12,False,High,High,bmtc_bus,,81.59911578333335
FKID006416,unplanned,vehicle_breakdown,closed,13.0391417,77.5896083,Bellary Road 1,North Zone 2,Kodigehalli,unknown,2023-12-02 06:09:14.932000+00:00,11,5,1,12,False,High,High,lcv,fuel drain,7.9433346333333334
FKID006418,unplanned,vehicle_breakdown,closed,13.0348604,77.5295743,Tumkur Road,West Zone 1,Peenya,unknown,2023-12-02 08:01:46.295000+00:00,13,5,1,12,False,High,High,lcv,peenya flyover incoming peenya [location] station near lgv off road vehicles one side moving.,15.30609795
FKID006419,unplanned,others,closed,13.0436796,77.5537056,ORR North 2,North Zone 2,Jalahalli,unknown,2023-12-02 11:25:50.828000+00:00,16,5,1,12,False,High,High,none,break jam,425.97661755
FKID006420,unplanned,construction,closed,13.0189794,77.6560546,ORR North 1,East Zone 2,Banaswadi,unknown,2023-12-02 18:57:20.351000+00:00,0,6,1,12,True,High,High,none,ring road closed due to metro work.,84.54522296666667
FKID006421,unplanned,vehicle_breakdown,closed,12.953035,77.541695,Mysore Road,West Zone 2,Byatarayanapura,unknown,2023-12-02 19:11:20.752000+00:00,0,6,1,12,False,High,High,ksrtc_bus,battery problem,7.529350916666667
FKID006422,unplanned,vehicle_breakdown,closed,13.0377031,77.5221845,Tumkur Road,West Zone 1,Peenya,unknown,2023-12-02 19:28:00.746000+00:00,0,6,1,12,False,High,High,private_car,car off road on ps onflyover towards parle toll traffic one side movement,30.706076783333334
FKID006423,unplanned,vehicle_breakdown,closed,13.0299338,77.537971,Tumkur Road,West Zone 1,Yeshwanthpura,unknown,2023-12-02 20:07:13.632000+00:00,1,6,1,12,False,High,High,heavy_vehicle,shaft cut aagide,66.04253946666667
FKID006424,unplanned,vehicle_breakdown,resolved,12.9657332,77.5747475,Mysore Road,Central Zone 2,City Market,unknown,2023-12-02 20:31:16.613000+00:00,2,6,1,12,False,High,High,bmtc_bus,bmtc bus break down sir informed to concern buss dipo sir driver name is [person] no 11 mobile no is [phone],28.7881664
FKID006426,unplanned,road_conditions,closed,13.03937262,77.58946005,Bellary Road 1,North Zone 2,Kodigehalli,unknown,2023-12-02 21:05:19.837000+00:00,2,6,1,12,False,High,High,none,road work progress  sir,282.6844774666667
FKID006427,unplanned,vehicle_breakdown,closed,12.9652339,77.586865,Mysore Road,Central Zone 2,Halasuru Gate,unknown,2023-12-02 21:07:44.293000+00:00,2,6,1,12,False,High,High,others,tata ace off road infront of lic building townhall towards nr,13.244365666666665
FKID006433,unplanned,vehicle_breakdown,closed,12.9765011,77.60121,Old Madras Road,Central Zone 1,Cubbon Park,unknown,2023-12-02 22:27:11.915000+00:00,3,6,1,12,False,High,High,others,vehicle breakdown due to puncture.,78.62757426666667
FKID006434,planned,construction,closed,12.9738007,77.6128385,Old Madras Road,Central Zone 1,Ashok Nagar,unknown,2023-12-02 22:34:12.203000+00:00,4,6,1,12,False,High,High,none,[location] work progressing,149.8709145
FKID006435,unplanned,vehicle_breakdown,closed,12.9951683,77.60826,Non-corridor,North Zone 1,Pulikeshinagar(F.Town),unknown,2023-12-02 22:56:20.227000+00:00,4,6,1,12,False,Low,Low,bmtc_bus,[person] to [person],50.02411501666666
FKID006439,unplanned,others,closed,12.9833671,77.5961021,CBD 2,Central Zone 2,Cubbon Park,unknown,2023-12-03 00:16:14.656000+00:00,5,6,1,12,False,High,High,none,bmtc ಕ್ಲಾಚ್ not wark,187.27650548333335
FKID006442,unplanned,vehicle_breakdown,closed,12.9531981,77.5418085,Mysore Road,West Zone 2,Byatarayanapura,unknown,2023-12-03 00:45:40.817000+00:00,6,6,1,12,False,High,High,lcv,fuel problem,19.0847936
FKID006450,unplanned,vehicle_breakdown,closed,13.0167089,77.56125,Tumkur Road,West Zone 2,Yeshwanthpura,unknown,2023-12-03 05:48:15.713000+00:00,11,6,1,12,False,High,High,others,vehicle starting problem,17.231514116666666
FKID006452,unplanned,vehicle_breakdown,closed,12.9042732,77.6273591,Hosur Road,South Zone 2,Madiwala,unknown,2023-12-03 06:52:26.563000+00:00,12,6,1,12,False,High,High,heavy_vehicle,ಕೋಡಿಚಿಕ್ಕನಹಳ್ಳಿ ಟುವರ್ಡ್ಸ್ ಬೊಮ್ಮನಹಳ್ಳಿ,1.4245817833333334
FKID006454,unplanned,vehicle_breakdown,closed,12.94357128,77.52651089,Mysore Road,West Zone 1,Byatarayanapura,unknown,2023-12-03 07:47:25.774000+00:00,13,6,1,12,False,High,High,ksrtc_bus,vehicle breakdown,89.9522413
FKID006455,unplanned,vehicle_breakdown,closed,12.8696266,77.6544993,Hosur Road,South Zone 1,Electronic City,unknown,2023-12-03 08:06:51.278000+00:00,13,6,1,12,False,High,High,lcv,bolero vehical puncher on ec flyover towards city nera hoasraod metro station sir,59.550443333333334
FKID006456,unplanned,vehicle_breakdown,closed,13.0331916,77.5410117,ORR North 2,West Zone 1,Yeshwanthpura,unknown,2023-12-03 08:13:40.888000+00:00,13,6,1,12,False,High,High,bmtc_bus,starting problem sir cqae gate towards [person] traffic one side moving sir,89.7169197
FKID006458,unplanned,pot_holes,closed,13.0395183,77.5895333,Bellary Road 1,North Zone 2,Kodigehalli,unknown,2023-12-03 12:53:42.819000+00:00,18,6,1,12,True,High,High,none,thar work,285.07037575
FKID006463,unplanned,vehicle_breakdown,closed,12.9757417,77.5623567,Magadi Road,Central Zone 2,Magadi Road,unknown,2023-12-03 20:52:08.263000+00:00,2,0,0,12,False,High,High,bmtc_bus,traffic normal sir,31.16099865
FKID006464,unplanned,vehicle_breakdown,closed,12.9234334,77.5801682,Non-corridor,South Zone 1,Jayanagara,unknown,2023-12-03 21:01:38.734000+00:00,2,0,0,12,False,Low,Low,bmtc_bus,vehicle offload reg:joint cut,56.05031413333334
FKID006465,unplanned,vehicle_breakdown,closed,12.9210909,77.6202132,Hosur Road,South Zone 2,Madiwala,unknown,2023-12-03 21:11:30.437000+00:00,2,0,0,12,False,High,High,private_bus,mps junction to ayyappa or sp road junction kadege private bus  tire puncher aagide sir traffic slow moment ide sir,114.57613495000001
FKID006469,unplanned,vehicle_breakdown,closed,12.9720341,77.6195253,Old Madras Road,Central Zone 1,Halasur,unknown,2023-12-04 03:08:41.020000+00:00,8,0,0,12,False,High,High,lcv,trinity junction traffic moment normal sir,35.652395733333336
FKID006470,unplanned,vehicle_breakdown,closed,12.9494619,77.5367796,Mysore Road,West Zone 2,Byatarayanapura,unknown,2023-12-04 03:43:04.494000+00:00,9,0,0,12,False,High,High,bmtc_bus,,32.90016421666667
FKID006472,unplanned,vehicle_breakdown,closed,12.9880208,77.5097003,Magadi Road,West Zone 1,Kamakshipalya,unknown,2023-12-04 03:59:54.979000+00:00,9,0,0,12,False,High,High,heavy_vehicle,engine problem,81.95171803333332
FKID006475,unplanned,vehicle_breakdown,closed,12.9463439,77.5959129,Non-corridor,Central Zone 2,Wilson Garden,unknown,2023-12-04 04:51:18.871000+00:00,10,0,0,12,False,Low,Low,bmtc_bus,ಸೈಡಿಗೆ ಆಕಿಸಿದ್ದೇವೆ ಟ್ರಾಫಿಕ್ ಗೆ ಯಾವುದೇ [person] ಇರುವುದಿಲ್ಲ,91.13215373333334
FKID006478,unplanned,vehicle_breakdown,resolved,13.0185251,77.555344,Tumkur Road,West Zone 2,Jnanabharathi,unknown,2023-12-04 06:29:29.168000+00:00,11,0,0,12,False,Low,Low,bmtc_bus,bmtc bus breakdown,96.69552313333334
FKID006479,unplanned,vehicle_breakdown,closed,13.0765848,77.5928971,Bellary Road 2,North Zone 1,Yelahanka,unknown,2023-12-04 07:04:11.485000+00:00,12,0,0,12,True,High,High,private_car,car offroad dute ti petrol empty at [location] on flyover towards city,33.596919400000004
FKID006488,unplanned,vehicle_breakdown,closed,12.9761296,77.5644983,Magadi Road,Central Zone 2,Magadi Road,unknown,2023-12-05 01:06:54.751000+00:00,6,1,0,12,False,High,High,bmtc_bus,clutch problem,1.7148693166666669
FKID006489,unplanned,vehicle_breakdown,closed,13.0436334,77.5085101,Tumkur Road,West Zone 1,Peenya,unknown,2023-12-05 01:24:12.748000+00:00,6,1,0,12,False,High,High,private_car,[person] turn on flyover car off-road towards parle toll traffic one side movement,33.985266100000004
FKID006492,unplanned,vehicle_breakdown,closed,12.9755916,77.626261,Old Madras Road,Central Zone 1,Halasur,unknown,2023-12-05 03:40:21.238000+00:00,9,1,0,12,False,High,High,ksrtc_bus,ksrtc bus off road at near [location] station towards rammaiah junction sir,46.4795299
FKID006493,unplanned,vehicle_breakdown,closed,12.9930741,77.5953395,Non-corridor,Central Zone 2,High ground,unknown,2023-12-05 03:45:23.856000+00:00,9,1,0,12,False,Low,Low,lcv,"[location] problem, towords javamahal road",140.87877841666665
FKID006494,unplanned,accident,closed,12.9772619,77.5855295,Non-corridor,Central Zone 2,Halasuru Gate,unknown,2023-12-05 04:54:57.945000+00:00,10,1,0,12,False,Low,Low,none,,30.651319966666666
FKID006495,unplanned,road_conditions,closed,12.94509038,77.52761312,ORR West 1,West Zone 1,Byatarayanapura,unknown,2023-12-05 04:55:57.016000+00:00,10,1,0,12,False,High,High,none,,1564.7028752166666
FKID006496,unplanned,vehicle_breakdown,closed,12.9380854,77.6280395,IRR(Thanisandra road),South Zone 2,Adugodi,unknown,2023-12-05 05:42:04.551000+00:00,11,1,0,12,False,High,High,bmtc_bus,sony world jn to [location].,41.87327523333333
FKID006499,unplanned,vehicle_breakdown,closed,12.9785728,77.5851419,Non-corridor,Central Zone 2,Cubbon Park,unknown,2023-12-05 08:39:30.034000+00:00,14,1,0,12,False,Low,Low,taxi,,18.1132444
FKID006503,unplanned,vehicle_breakdown,closed,12.9200999,77.6207323,Hosur Road,South Zone 2,Madiwala,unknown,2023-12-05 20:05:04.786000+00:00,1,2,0,12,False,High,High,bmtc_bus,ಸಿಲ್ಕ್ ಬೋರ್ಡ್ ಟುವರ್ಡ್ಸ್ ಎಂಪಿಎಸ್ ಬಸ್ ಸ್ಟಾಪ್ ಹತ್ತಿರ ತಮಿಳುನಾಡು ಗವರ್ನಮೆಂಟ್ ಬಸ್ ಕ್ಲಚ್ ಪ್ಲೆಟ್ ಲಾಕ್ ಆಗಿ ಆಫ್ ರೋಡ್ ಆಗಿದ್ದು ಸೈಡಿಗೆ ಹಾಕಿಸಿರಿತ್ತೇವೆ ಟ್ರಾಪಿಕ್ ಸ್ವಲ್ಪ ಸ್ಲೋ ಮ್ಯೂಮೆಂಟ್ ಇದೆ ಸರ್,22.29174835
FKID006504,unplanned,vehicle_breakdown,closed,12.9755981,77.5540052,Magadi Road,West Zone 2,Magadi Road,unknown,2023-12-05 20:23:16.087000+00:00,1,2,0,12,False,High,High,none,bus gare not working sir,35.64787915
FKID006505,unplanned,vehicle_breakdown,closed,13.0079755,77.6922005,Non-corridor,East Zone 2,K.R. Pura,unknown,2023-12-05 20:34:58.278000+00:00,2,2,0,12,False,Low,Low,bmtc_bus,vahical breakdown near govt hospital k r purma to iti sir,61.508581766666666
FKID006508,unplanned,vehicle_breakdown,resolved,12.953135,77.543355,Mysore Road,West Zone 2,High ground,unknown,2023-12-05 21:24:50.286000+00:00,2,2,0,12,False,Low,Low,bmtc_bus,electric bmtc bus battery low prablem,69.16106485
FKID006510,unplanned,vehicle_breakdown,closed,12.9592633,77.65562,Old Airport Road,Central Zone 1,Jeevanbheemanagar,unknown,2023-12-05 21:37:57.409000+00:00,3,2,0,12,False,High,High,taxi,cab offload in old airport road near murugesh palya bus stop towards city,21.842817266666668
FKID006515,unplanned,vehicle_breakdown,closed,13.0399989,77.5181856,Tumkur Road,West Zone 1,Peenya,unknown,2023-12-05 22:24:03.732000+00:00,3,2,0,12,False,High,High,bmtc_bus,,6.345362283333333
FKID006522,unplanned,accident,closed,13.1008376,77.5997292,Bellary Road 2,North Zone 2,Yelahanka,unknown,2023-12-06 00:25:00.375000+00:00,5,2,0,12,False,High,High,none,kogilu onflyover to wards airport chain accident sir only vehicle damage sir,38.393301550000004
FKID006524,unplanned,vehicle_breakdown,closed,13.0089831,77.5804427,Non-corridor,West Zone 2,Sadashivanagar,unknown,2023-12-06 02:10:07.389000+00:00,7,2,0,12,False,Low,Low,heavy_vehicle,bhashyam towards maruti eicher vehice off road sir due to starting problem sir,14.366989850000001
FKID006525,unplanned,vehicle_breakdown,closed,13.0147468,77.5841493,Bellary Road 1,North Zone 2,Sadashivanagar,unknown,2023-12-06 02:35:54.164000+00:00,8,2,0,12,False,High,High,heavy_vehicle,"ಸದರಿ ವಾಹನವು stock 15 ಜಂಕ್ಟಿನ್ ಬಳಿ(incoming side)ಕ್ಲಚ್ ಪ್ಲೇಟ್ ಸಮಸ್ಯೆಯಿಂದ offroad ಆಗಿದ್ದು, ವಾಹನವನ್ನು ರಸ್ತೆ ಬದಿಯಲ್ಲಿ ಹಾಕಿಸಿರುತ್ತದೆ. ಸಂಚಾರಕ್ಕೆ [person] ಇರುವುದಿಲ್ಲ ಸರ್.",115.13290099999999
FKID006526,unplanned,vehicle_breakdown,closed,12.976525,77.5863883,Non-corridor,Central Zone 2,Halasuru Gate,unknown,2023-12-06 02:41:14.360000+00:00,8,2,0,12,True,Low,Low,private_bus,starting prabalm break down,109.37136253333333
FKID006527,unplanned,others,closed,12.9757721,77.5524786,Magadi Road,West Zone 2,Magadi Road,unknown,2023-12-06 03:27:40.607000+00:00,8,2,0,12,False,High,High,none,[vehicle] tata lgv vehicle offroad near [location]. back side axel cut. there is no traffic issue,2.269037
FKID006528,unplanned,others,closed,12.9757672,77.5524914,Magadi Road,West Zone 2,Magadi Road,unknown,2023-12-06 03:29:59.869000+00:00,8,2,0,12,False,High,High,none,[vehicle] tata lgv vehicle offroad near [location]. reason of back side axel cut. there is no traffic issue,85.97490423333333
FKID006529,unplanned,vehicle_breakdown,closed,13.0400284,77.518141,Tumkur Road,West Zone 1,Peenya,unknown,2023-12-06 03:39:45.674000+00:00,9,2,0,12,False,High,High,truck,,43.36787996666667
FKID006531,unplanned,vehicle_breakdown,resolved,12.9437231,77.5679238,Non-corridor,Central Zone 2,Basavanagudi,unknown,2023-12-06 04:39:57.286000+00:00,10,2,0,12,False,Low,Low,bmtc_bus,,78.53859609999999
FKID006532,unplanned,road_conditions,closed,13.0449289,77.5567256,ORR North 2,North Zone 2,Jalahalli,unknown,2023-12-06 04:49:06.578000+00:00,10,2,0,12,False,High,High,none,[location] circle to gangnam circle bad road condition so traffic moving slowly,2434.732365266667
FKID006534,unplanned,vehicle_breakdown,closed,12.9652524,77.5865938,Mysore Road,Central Zone 2,Halasuru Gate,unknown,2023-12-06 05:14:04.103000+00:00,10,2,0,12,False,High,High,bmtc_bus,town hall towrads nr,54.04092538333334
FKID006535,unplanned,vehicle_breakdown,closed,12.9889233,77.5081603,Magadi Road,West Zone 1,Kamakshipalya,unknown,2023-12-06 05:27:20.266000+00:00,10,2,0,12,False,High,High,lcv,vehicle starting air problem,125.2718676
FKID006539,unplanned,vehicle_breakdown,closed,12.9779433,77.58451,Non-corridor,Central Zone 2,Halasuru Gate,unknown,2023-12-06 08:43:44.041000+00:00,14,2,0,12,True,Low,Low,private_bus,vehicle stering cut agide sir,22.256770483333334
FKID006541,unplanned,vehicle_breakdown,closed,12.9197361,77.6209668,Hosur Road,South Zone 2,Madiwala,unknown,2023-12-06 19:01:31.305000+00:00,0,3,0,12,False,High,High,others,eicher vehicle offroad at [location] bus stop sir silk bord to mps traffic slow moving ide sir,48.62803473333334
FKID006543,unplanned,vehicle_breakdown,closed,12.9614255,77.5627796,Mysore Road,Central Zone 2,Chamarajpet,unknown,2023-12-06 19:24:17.952000+00:00,0,3,0,12,False,High,High,others,tair panchar,63.322104683333336
FKID006545,unplanned,accident,closed,13.091295,77.5952417,Bellary Road 2,North Zone 2,Yelahanka,unknown,2023-12-06 20:50:51.605000+00:00,2,3,0,12,False,High,High,none,jakkur on flavour towards airport [location] accident sir,30.054063183333334
FKID006551,unplanned,others,closed,13.1056933,77.6012567,Bellary Road 2,North Zone 2,Yelahanka,unknown,2023-12-06 22:56:00.669000+00:00,4,3,0,12,False,High,High,none,kogilu onflyover to wards city nhi cleaning work sir traffic normal mument sir,4199.15399095
FKID006555,unplanned,vehicle_breakdown,closed,13.0187672,77.5576035,Tumkur Road,West Zone 2,Yeshwanthpura,unknown,2023-12-07 01:18:23.446000+00:00,6,3,0,12,False,High,High,bmtc_bus,vacuum pipe cutat ypr circle towards city,82.14613223333335
FKID006557,unplanned,vehicle_breakdown,closed,13.0284821,77.6316321,Airport New South Road,North Zone 1,K.G. Halli,unknown,2023-12-07 02:01:09.893000+00:00,7,3,0,12,False,High,High,bmtc_bus,tecnication prablam,100.85719166666667
FKID006565,unplanned,vehicle_breakdown,closed,12.9570831,77.7004329,Varthur Road,East Zone 1,HAL Old Airport,unknown,2023-12-07 04:04:05.356000+00:00,9,3,0,12,False,High,High,bmtc_bus,due to starting problem,11.0878252
FKID006566,unplanned,others,closed,12.9923012,77.7160412,Non-corridor,East Zone 1,Mahadevapura,unknown,2023-12-07 04:14:11.586000+00:00,9,3,0,12,False,Low,Low,none,starting problem,39.2511919
FKID006569,unplanned,vehicle_breakdown,resolved,13.0179155,77.5563817,CBD 2,West Zone 2,Shivajinagar,unknown,2023-12-07 04:19:18.378000+00:00,9,3,0,12,False,High,High,bmtc_bus,traffic slow movement,62.137149083333334
FKID006570,unplanned,vehicle_breakdown,resolved,13.0178929,77.5562632,CBD 2,West Zone 2,Shivajinagar,unknown,2023-12-07 04:20:49.585000+00:00,9,3,0,12,False,High,High,bmtc_bus,traffic slow movement,60.29477873333334
FKID006572,unplanned,vehicle_breakdown,closed,12.9639082,77.5819049,Mysore Road,Central Zone 2,Halasuru Gate,unknown,2023-12-07 04:25:28.465000+00:00,9,3,0,12,False,High,High,lcv,,2.5229375
FKID006573,unplanned,vehicle_breakdown,closed,12.9634157,77.5835349,Mysore Road,Central Zone 2,Halasuru Gate,unknown,2023-12-07 04:29:29.309000+00:00,9,3,0,12,False,High,High,bmtc_bus,bmtc bus off road @ nr road traffic no problem sir,60.66095205
FKID006575,unplanned,vehicle_breakdown,resolved,13.0176661,77.5560062,CBD 2,West Zone 2,Shivajinagar,unknown,2023-12-07 04:47:53.659000+00:00,10,3,0,12,False,High,High,bmtc_bus,bmtc bus off road near [location] junction ಸರ್ 🙏🏼,32.96513973333334
FKID006578,unplanned,road_conditions,closed,12.9629602,77.6417244,Old Airport Road,Central Zone 1,Jeevanbheemanagar,unknown,2023-12-07 09:13:05.397000+00:00,14,3,0,12,False,High,High,none,.,773.9601677166667
FKID006587,unplanned,others,closed,12.9579126,77.5536923,Mysore Road,Central Zone 2,Chamarajpet,unknown,2023-12-07 22:00:54.608000+00:00,3,4,0,12,False,High,High,none,ವಿದ್ಯುತ್ ಕಂಬ ಮುರಿದು ರಸ್ತೆಯಲ್ಲಿ ವೈಯರ್ ಬಿದ್ದಿದೆ.,3082.9785218499997
FKID006588,unplanned,vehicle_breakdown,closed,13.0144727,77.5836984,Bellary Road 1,West Zone 2,Sadashivanagar,unknown,2023-12-07 22:48:00.651000+00:00,4,4,0,12,False,High,High,bmtc_bus,front right side wheel puncture,71.08655019999999
FKID006590,unplanned,vehicle_breakdown,closed,12.9821704,77.5951415,CBD 2,Central Zone 2,Cubbon Park,unknown,2023-12-07 22:57:40.951000+00:00,4,4,0,12,False,High,High,bmtc_bus,vehicle breakdown towards police thimaiah junction from coffee board signal,11.7920497
FKID006596,unplanned,vehicle_breakdown,closed,12.9670383,77.6213517,Non-corridor,Central Zone 1,Halasur,unknown,2023-12-08 00:58:34.653000+00:00,6,4,0,12,False,Low,Low,heavy_vehicle,,29.7505507
FKID006597,unplanned,others,closed,12.9121191,77.4846636,Mysore Road,West Zone 1,Kengeri,unknown,2023-12-08 01:09:54.086000+00:00,6,4,0,12,True,High,High,none,[person] incoming towards city,30.164484366666667
FKID006599,unplanned,vehicle_breakdown,closed,13.0189936,77.7075788,Non-corridor,East Zone 2,K.R. Pura,unknown,2023-12-08 01:58:02.820000+00:00,7,4,0,12,False,Low,Low,heavy_vehicle,due to joint cut,154.20150111666666
FKID006602,unplanned,road_conditions,closed,13.0416559,77.613576,ORR North 1,North Zone 1,K.G. Halli,unknown,2023-12-08 02:59:46.107000+00:00,8,4,0,12,False,High,High,none,near veerannapalya [location],1389.0003810666667
FKID006604,unplanned,vehicle_breakdown,closed,13.0181804,77.5837847,Bellary Road 1,West Zone 2,Sadashivanagar,unknown,2023-12-08 03:25:03.841000+00:00,8,4,0,12,False,High,High,bmtc_bus,hmt toworda stack 15 bmtc bus off load break down,20.309034999999998
FKID006605,unplanned,vehicle_breakdown,closed,12.9154183,77.5654563,ORR West 1,South Zone 1,Banashankari,unknown,2023-12-08 04:01:17.122000+00:00,9,4,0,12,False,High,High,heavy_vehicle,,106.0838667
FKID006608,unplanned,vehicle_breakdown,closed,13.0223223,77.5512338,Tumkur Road,West Zone 1,Yeshwanthpura,unknown,2023-12-08 04:52:21.929000+00:00,10,4,0,12,False,High,High,heavy_vehicle,,36.74255311666666
FKID006609,unplanned,vehicle_breakdown,closed,13.0290894,77.5405327,Tumkur Road,West Zone 1,Yeshwanthpura,unknown,2023-12-08 05:30:51.353000+00:00,11,4,0,12,False,High,High,lcv,clutch plate problem,43.00267638333333
FKID006611,unplanned,others,closed,12.9576963,77.5738038,Non-corridor,Central Zone 2,V.V.Puram (C.Pet),unknown,2023-12-08 07:16:32.974000+00:00,12,4,0,12,True,Low,Low,none,ಕೆಆರ್ ರಸ್ತೆಯ ಶಿವಶಂಕರ್ ಮತ್ತು ಮೆಡಿಕಲ್ ಕಾಲೇಜ್ ಜಂಕ್ಷನ್  ಮಧ್ಯದ ರಸ್ತೆಯಲ್ಲಿ ರಸ್ತೆದ್ವೀಪದ ಕಂಬವು ಬಿದ್ದಿರುತ್ತದೆ  ಸರ್ ಸಂಚಾರಕ್ಕೆ ತೊಂದರೆಯಾಗುತ್ತಿದೆ ಸರ್,85.47325566666667
FKID006613,unplanned,vehicle_breakdown,closed,12.9967908,77.6141053,Non-corridor,North Zone 1,Pulikeshinagar(F.Town),unknown,2023-12-08 07:49:59.549000+00:00,13,4,0,12,False,Low,Low,lcv,breakdown,67.49291361666667
FKID006620,planned,construction,closed,12.8993805,77.6006482,Bannerghata Road,South Zone 2,Mico Layout,unknown,2023-12-08 11:34:24.208000+00:00,17,4,0,12,True,High,High,none,[location] work start at [location],426.60936853333334
FKID006624,unplanned,vehicle_breakdown,closed,12.986405,77.5888765,Bellary Road 1,Central Zone 2,High ground,unknown,2023-12-08 20:02:13.729000+00:00,1,5,1,12,False,High,High,private_bus,old highground towards [person] slow moving traffic sir,32.6073129
FKID006625,unplanned,vehicle_breakdown,closed,12.9382439,77.521922,Mysore Road,West Zone 1,Byatarayanapura,unknown,2023-12-08 20:03:34.423000+00:00,1,5,1,12,False,High,High,private_car,,34.02031625
FKID006626,unplanned,congestion,closed,12.950635,77.53755,West of Chord Road,West Zone 2,Byatarayanapura,unknown,2023-12-08 20:48:12.539000+00:00,2,5,1,12,False,High,High,none,still kimko junction towards [location] station incoming side,65.45038186666666
FKID006627,unplanned,vehicle_breakdown,closed,12.95620419,77.5484401,Mysore Road,West Zone 2,Byatarayanapura,unknown,2023-12-08 20:49:19.277000+00:00,2,5,1,12,False,High,High,heavy_vehicle,off road at [location] incoming side traffic normal sir,58.02250183333333
FKID006628,unplanned,others,closed,12.9560652,77.6937924,Old Airport Road,East Zone 1,HAL Old Airport,unknown,2023-12-08 21:22:34.718000+00:00,2,5,1,12,False,High,High,none,pc,4344.9718446
FKID006632,unplanned,tree_fall,closed,13.0015734,77.5531602,Non-corridor,West Zone 1,Malleshwaram,unknown,2023-12-08 22:35:01.925000+00:00,4,5,1,12,True,Low,Low,none,tree fall,203.1981286666667
FKID006636,unplanned,vehicle_breakdown,closed,12.8549049,77.6652258,Non-corridor,Unknown,Electronic City,unknown,2023-12-08 22:49:57.810000+00:00,4,5,1,12,False,Low,Low,heavy_vehicle,hgv vehicle off road at gs palya road vehicle slow moving sir,26.693448083333333
FKID006642,unplanned,pot_holes,closed,12.9651619,77.5682358,Mysore Road,Central Zone 2,Chamarajpet,unknown,2023-12-08 23:59:43.341000+00:00,5,5,1,12,False,High,High,none,test demo,1329.8763023666666
FKID006643,unplanned,construction,closed,12.9651619,77.5682358,Mysore Road,Central Zone 2,Chamarajpet,unknown,2023-12-09 00:00:04.456000+00:00,5,5,1,12,False,High,High,none,test demo,1329.4673205166666
FKID006651,unplanned,vehicle_breakdown,closed,12.9871352,77.572294,Non-corridor,Central Zone 2,Sheshadripuram,unknown,2023-12-09 04:20:57.607000+00:00,9,5,1,12,False,Low,Low,bmtc_bus,ರಾಜೀವಗಾಂಧಿ to kfm sir,12.882103016666667
FKID006652,unplanned,vehicle_breakdown,closed,12.9710787,77.5836129,Non-corridor,Central Zone 2,Halasuru Gate,unknown,2023-12-09 05:05:33.317000+00:00,10,5,1,12,False,Low,Low,bmtc_bus,bmtc bus ait leak,76.01247123333333
FKID006662,unplanned,others,closed,12.974705,77.570679,Non-corridor,Central Zone 2,Chamarajpet,unknown,2023-12-09 22:08:14.177000+00:00,3,6,1,12,False,Low,Low,none,test demo,1814.1772902
FKID006664,unplanned,others,closed,12.9680452,77.6062151,Mysore Road,Central Zone 1,Ashok Nagar,unknown,2023-12-09 22:31:54.044000+00:00,4,6,1,12,False,High,High,none,bus off-road @old ps junction,140.10122228333333
FKID006665,unplanned,vehicle_breakdown,closed,13.0441174,77.5574899,ORR North 2,North Zone 1,Jalahalli,unknown,2023-12-09 22:33:05.380000+00:00,4,6,1,12,False,High,High,bmtc_bus,,114.38313273333333
FKID006668,unplanned,others,resolved,12.9521802,77.4999403,Non-corridor,West Zone 1,Jnanabharathi,unknown,2023-12-09 23:39:49.421000+00:00,5,6,1,12,False,Low,Low,none,bmtc bus off road near [location] due to technical reasons,380.47914803333333
FKID006674,unplanned,vehicle_breakdown,closed,12.9654851,77.6254524,Non-corridor,Central Zone 1,Halasur,unknown,2023-12-10 01:14:36.567000+00:00,6,6,1,12,False,Low,Low,heavy_vehicle,diesel,29.411997316666668
FKID006675,unplanned,vehicle_breakdown,closed,12.9624886,77.5656329,Mysore Road,Central Zone 2,Chamarajpet,unknown,2023-12-10 01:23:54.458000+00:00,6,6,1,12,False,High,High,bmtc_bus,ಜಾಯಿಂಟ್ ನಟ್ ಲೂಸಾಗಿದೆ ಸರ್,11.68523875
FKID006676,unplanned,vehicle_breakdown,closed,12.9022284,77.6011471,Bannerghata Road,South Zone 2,Mico Layout,unknown,2023-12-10 02:00:42.608000+00:00,7,6,1,12,False,High,High,private_car,[person] junction traffic slow moment sir,25.582617383333336
FKID006677,unplanned,vehicle_breakdown,closed,12.9794862,77.6032537,CBD 1,Central Zone 2,Shivajinagar,unknown,2023-12-10 03:07:59.714000+00:00,8,6,1,12,False,High,High,bmtc_bus,,11.132504916666667
FKID006680,unplanned,vehicle_breakdown,closed,12.9801212,77.5555583,Non-corridor,West Zone 2,Magadi Road,unknown,2023-12-10 05:04:03.604000+00:00,10,6,1,12,False,Low,Low,private_car,dinathanthi towards hunasemara,16.8068625
FKID006681,unplanned,vehicle_breakdown,closed,12.9530288,77.5417742,Mysore Road,West Zone 2,Byatarayanapura,unknown,2023-12-10 06:08:34.611000+00:00,11,6,1,12,False,High,High,ksrtc_bus,ಬಾಪೂಜಿ ನಗರ ಜಂಕ್ಷನ್ to ಗಾಳಿ ಆಂಜನೇಯ ಸ್ವಾಮಿ ದೇವಸ್ಥಾನ ಮೈಸೂರು road out going side still [location] junction,60.08275768333333
FKID006682,unplanned,vehicle_breakdown,closed,13.0440858,77.5569944,ORR North 2,North Zone 1,Jalahalli,unknown,2023-12-10 06:16:12.904000+00:00,11,6,1,12,False,High,High,heavy_vehicle,due to engine problem it's off roaded near [location] circle underpass towards [person],24.984949416666666
FKID006684,unplanned,vehicle_breakdown,closed,12.9562695,77.5771049,Non-corridor,Central Zone 2,City Market,unknown,2023-12-13 07:52:53.780000+00:00,13,2,0,12,False,Low,Low,heavy_vehicle,[person],60.6943697
FKID006691,unplanned,vehicle_breakdown,closed,12.9901791,77.5929688,Non-corridor,Central Zone 2,High ground,unknown,2023-12-10 20:17:36.641000+00:00,1,0,0,12,False,Low,Low,others,"vehicle breakdown near [location] junction miller's road, driver is not here, inform to bbmp garbage helpline ph no-[phone] sir",23.29224866666667
FKID006694,unplanned,pot_holes,closed,13.0427683,77.610235,ORR North 1,North Zone 1,Hebbala,unknown,2023-12-10 22:45:37.821000+00:00,4,0,0,12,False,High,High,none,a big pot hole is there near snn appartment service road towards veeranapalya sir,1872.6546038000001
FKID006697,unplanned,vehicle_breakdown,closed,13.0299844,77.540239,Tumkur Road,West Zone 1,Yeshwanthpura,unknown,2023-12-11 00:42:25.335000+00:00,6,0,0,12,False,High,High,heavy_vehicle,mes ring road goraguntepalya towards muthyalamma traffic one side moving sir,34.993629850000005
FKID006698,unplanned,vehicle_breakdown,closed,12.9522333,77.54072,Mysore Road,West Zone 2,Byatarayanapura,unknown,2023-12-11 00:53:44.803000+00:00,6,0,0,12,False,High,High,bmtc_bus,slow traffic movement,5.181943216666666
FKID006699,unplanned,vehicle_breakdown,closed,13.0170433,77.5539883,Tumkur Road,West Zone 1,Yeshwanthpura,unknown,2023-12-11 01:10:57.205000+00:00,6,0,0,12,False,High,High,bmtc_bus,steering rod cut m palya towards city,21.473084716666666
FKID006702,unplanned,others,closed,12.9803815,77.5706442,Non-corridor,Central Zone 2,Chamarajpet,unknown,2023-12-11 04:22:25.314000+00:00,9,0,0,12,False,Low,Low,none,ಆಕ್ಸಿಲೇಟರ್  ಕೆಲಸ ಮಾಡುತ್ತಿಲ್ಲ,8.650822833333333
FKID006704,unplanned,others,closed,12.9800645,77.570478,Non-corridor,Central Zone 2,Chamarajpet,unknown,2023-12-11 06:09:58.615000+00:00,11,0,0,12,False,Low,Low,none,self start problem,41.99649041666667
FKID006705,unplanned,accident,closed,12.9840039,77.640239,Old Madras Road,Central Zone 1,Jeevanbheemanagar,unknown,2023-12-11 09:16:55.713000+00:00,14,0,0,12,False,High,High,none,vehicle break down near 100ft road [location] towards [location],26.898228933333332
FKID006710,unplanned,vehicle_breakdown,closed,12.9758096,77.6135061,Old Madras Road,Central Zone 2,Shivajinagar,unknown,2023-12-11 21:19:47.510000+00:00,2,1,0,12,False,High,High,truck,ಮಣಿಪಾಲ್ ಜಂಕ್ಷನ್ ಹತ್ತಿರ ಕಬ್ಬನ್ ರೋಡಲ್ಲಿ,38.2213697
FKID006711,unplanned,vehicle_breakdown,closed,12.8579389,77.6620332,Non-corridor,Unknown,Electronic City,unknown,2023-12-11 22:34:32.915000+00:00,4,1,0,12,False,Low,Low,lcv,lgv offroad toward husharu on nice road sir,69.4879925
FKID006713,unplanned,vehicle_breakdown,closed,13.0305009,77.5403726,Tumkur Road,West Zone 1,Yeshwanthpura,unknown,2023-12-12 00:09:43.401000+00:00,5,1,0,12,False,High,High,lcv,@taj hotel back gate off road lgv vichicle mes road sir,15.214015783333334
FKID006715,unplanned,vehicle_breakdown,closed,13.0168856,77.5560218,Tumkur Road,West Zone 2,Yeshwanthpura,unknown,2023-12-12 00:29:30.609000+00:00,5,1,0,12,True,High,High,private_car,,18.1767132
FKID006717,unplanned,vehicle_breakdown,closed,13.0179617,77.6572369,ORR North 1,North Zone 1,Banaswadi,unknown,2023-12-12 01:02:40.917000+00:00,6,1,0,12,False,High,High,private_bus,vehicle break doun,3.5276909833333336
FKID006719,unplanned,vehicle_breakdown,closed,12.9642133,77.5855333,Mysore Road,Central Zone 2,Halasuru Gate,unknown,2023-12-12 02:03:10.346000+00:00,7,1,0,12,False,High,High,private_car,"not starting, mechanic is on his way",11.709120233333334
FKID006721,unplanned,others,closed,12.9579383,77.6061417,Hosur Road,Central Zone 1,Ashok Nagar,unknown,2023-12-12 03:00:44.084000+00:00,8,1,0,12,False,High,High,none,bmtc bus ಟೈರ್ ಬಸ್ಟ್ ಆಗಿದ್ದು... ರಸ್ತೆಯ ಎಡಭಾಗದಲ್ಲಿ ನಿಲ್ಲಿಸಿದ್ದು.. ಸಂಚಾರ ಸಲ್ಪ ನಿದಾನ ಇರುತ್ತದೆ.. ಆದಷ್ಟು ಬೇಗಾ bus ಅನ್ನು ರೆಡಿ ಮಾಡಿಕೊಂಡು ಹೋಗುತ್ತಾರೆ ಎಂದು ಚಾಲಕರು ತಿಳಿಸಿರುತ್ತಾರೆ,84.10136785
FKID006726,unplanned,vehicle_breakdown,closed,12.958163,77.5546998,Mysore Road,Central Zone 2,Chamarajpet,unknown,2023-12-12 05:33:25.615000+00:00,11,1,0,12,False,High,High,heavy_vehicle,hgv vehicle off traffic slvapa slow moving ide sir,21.95295851666667
FKID006729,unplanned,vehicle_breakdown,closed,13.0248829,77.5112264,Non-corridor,West Zone 1,Peenya,unknown,2023-12-12 07:07:40.610000+00:00,12,1,0,12,False,Low,Low,lcv,peenya nttf junction lgv vehicle off road due to starting problem. towards 14th cross to [location] junction.,81.31714885
FKID006730,unplanned,vehicle_breakdown,closed,12.9782935,77.5436533,Magadi Road,West Zone 2,Vijayanagara,unknown,2023-12-12 07:42:16.129000+00:00,13,1,0,12,False,High,High,bmtc_bus,bus on side of the road traffic slow movements,100.30911363333333
FKID006731,unplanned,accident,closed,13.0851517,77.5942417,Bellary Road 2,North Zone 1,Yelahanka,unknown,2023-12-12 16:44:36.305000+00:00,22,1,0,12,False,High,High,none,two cars accident on flyover towards airport only vehicle damage sir,61.15111423333334
FKID006734,unplanned,vehicle_breakdown,closed,12.8407319,77.6765618,Non-corridor,Unknown,Electronic City,unknown,2023-12-12 20:16:33.593000+00:00,1,2,0,12,False,Low,Low,truck,vehiclybreak down at e c toll near veerasandra,111.66607546666667
FKID006739,unplanned,vehicle_breakdown,closed,12.9637748,77.5839557,Mysore Road,Central Zone 2,Halasuru Gate,unknown,2023-12-12 21:15:06.636000+00:00,2,2,0,12,False,High,High,heavy_vehicle,"vehicle starting problem, mechanic is on his way",14.00731165
FKID006741,unplanned,vehicle_breakdown,closed,13.039535,77.5188367,Tumkur Road,West Zone 1,Peenya,unknown,2023-12-12 22:02:47.118000+00:00,3,2,0,12,False,High,High,ksrtc_bus,via nelamangala road,43.5193229
FKID006742,unplanned,vehicle_breakdown,closed,12.98570454,77.52281837,Magadi Road,West Zone 2,Kamakshipalya,unknown,2023-12-12 23:08:00.324000+00:00,4,2,0,12,False,High,High,heavy_vehicle,,21.31967213333333
FKID006743,unplanned,vehicle_breakdown,closed,12.9987039,77.5421048,Non-corridor,West Zone 2,Vijayanagara,unknown,2023-12-12 23:22:42.768000+00:00,4,2,0,12,False,Low,Low,bmtc_bus,,50.19797263333333
FKID006744,unplanned,vehicle_breakdown,closed,12.9658006,77.6092006,Mysore Road,Central Zone 1,Ashok Nagar,unknown,2023-12-13 00:42:10.860000+00:00,6,2,0,12,False,High,High,private_bus,breakdown,64.40976768333333
FKID006745,unplanned,vehicle_breakdown,closed,12.9654768,77.5866092,Mysore Road,Central Zone 2,Halasuru Gate,unknown,2023-12-13 02:01:52.432000+00:00,7,2,0,12,False,High,High,bmtc_bus,,6.290766016666667
FKID006746,unplanned,vehicle_breakdown,closed,12.9758817,77.5827076,Non-corridor,Central Zone 2,Upparpet,unknown,2023-12-13 04:38:39.741000+00:00,10,2,0,12,False,Low,Low,bmtc_bus,vehicle accelerator problem,35.74058483333333
FKID006748,unplanned,vehicle_breakdown,closed,12.9164149,77.6095046,Non-corridor,South Zone 2,Mico Layout,unknown,2023-12-13 08:04:31.684000+00:00,13,2,0,12,False,Low,Low,private_bus,btm 16 th main jn to [person] sir,14.684621466666666
FKID006749,unplanned,vehicle_breakdown,closed,13.097061,77.5990244,Bellary Road 2,North Zone 2,Yelahanka,unknown,2023-12-13 08:25:55.486000+00:00,13,2,0,12,False,High,High,others,tt vehicle off road at [location] on flyover towords city sir due to over hit.,47.56957551666667
FKID006750,unplanned,vehicle_breakdown,closed,12.988945,77.5080933,Magadi Road,West Zone 1,Kamakshipalya,unknown,2023-12-13 08:53:14.589000+00:00,14,2,0,12,False,High,High,truck,,71.71492216666667
FKID006757,unplanned,vehicle_breakdown,closed,12.8416728,77.6761745,Non-corridor,Unknown,Electronic City,unknown,2023-12-13 19:48:59.739000+00:00,1,3,0,12,False,Low,Low,heavy_vehicle,[vehicle] hgv vehicle off road in [location] due to technical issue veersandra towards hosur traffic slow movement sir,92.93065159999999
FKID006762,unplanned,vehicle_breakdown,closed,12.9250436,77.6336263,Non-corridor,South Zone 2,Adugodi,unknown,2023-12-14 03:50:46.988000+00:00,9,3,0,12,False,Low,Low,bmtc_bus,bmtc bus off road,55.782216733333335
FKID006765,unplanned,vehicle_breakdown,resolved,12.9261816,77.5487883,ORR West 1,West Zone 2,Banashankari,unknown,2023-12-13 21:55:45.378000+00:00,3,3,0,12,False,High,High,bmtc_bus,,50.06265993333333
FKID006767,unplanned,vehicle_breakdown,closed,13.0846996,77.5935494,Bellary Road 2,North Zone 2,Yelahanka,unknown,2023-12-13 22:23:25.619000+00:00,3,3,0,12,False,High,High,private_bus,pvt buss off road at [location] yalahank due to wheel jaam sir,97.11143675
FKID006768,unplanned,vehicle_breakdown,closed,13.014277,77.5710341,Non-corridor,West Zone 2,Sadashivanagar,unknown,2023-12-13 22:35:43.020000+00:00,4,3,0,12,False,Low,Low,private_car,,17.571417983333333
FKID006770,unplanned,vehicle_breakdown,closed,12.9868689,77.5207125,Magadi Road,West Zone 1,Kamakshipalya,unknown,2023-12-14 00:47:57.699000+00:00,6,3,0,12,False,High,High,heavy_vehicle,,43.204929783333334
FKID006774,unplanned,vehicle_breakdown,closed,12.9635736,77.5800627,Mysore Road,Central Zone 2,City Market,unknown,2023-12-14 03:01:42.728000+00:00,8,3,0,12,False,High,High,private_car,,22.565027816666667
FKID006775,unplanned,tree_fall,closed,12.9297671,77.6330898,Non-corridor,South Zone 2,Adugodi,unknown,2023-12-14 03:06:11.713000+00:00,8,3,0,12,True,Low,Low,none,tree fall,215.32322236666667
FKID006776,unplanned,vehicle_breakdown,closed,12.960769,77.5591862,Mysore Road,Central Zone 2,Chamarajpet,unknown,2023-12-14 04:10:28.298000+00:00,9,3,0,12,False,High,High,bmtc_bus,9th cross twrds sirsi cricle... traffic slow moment ide sir,32.815805516666664
FKID006778,unplanned,vehicle_breakdown,closed,12.9658372,77.6046388,Mysore Road,Central Zone 1,Ashok Nagar,unknown,2023-12-14 04:24:28.040000+00:00,9,3,0,12,False,High,High,lcv,"[location] road ನಲ್ಲಿ ಒಂದು lgv ವಾಹನ upset ಆಗಿದ್ದು ಯಾವುದೇ ಪ್ರಾಣಹಾನಿ ಆಗಿರುವುದಿಲ್ಲ.ಸಂಚಾರ ಸ್ವಲ್ಪ ನಿಧಾನವಾಗಿದ್ದು, crane ನಲ್ಲಿ ಪಕ್ಕಕ್ಕೇ ಹಾಕಿಸಲಾಗುವುದು ಸರ್",123.62687971666666
FKID006785,unplanned,vehicle_breakdown,closed,12.9700048,77.5681094,Non-corridor,Central Zone 2,Chamarajpet,unknown,2023-12-14 05:23:41.682000+00:00,10,3,0,12,True,Low,Low,bmtc_bus,,46.66483641666667
FKID006789,unplanned,vehicle_breakdown,closed,13.0146125,77.5747089,Non-corridor,West Zone 2,Sadashivanagar,unknown,2023-12-14 18:44:34.350000+00:00,0,4,0,12,False,Low,Low,heavy_vehicle,tayr panchar,64.02628708333333
FKID006791,unplanned,accident,closed,13.0466555,77.579201,ORR North 2,North Zone 2,Kodigehalli,unknown,2023-12-14 19:04:51.809000+00:00,0,4,0,12,False,High,High,none,ring road from [location] layout towards hebbal,52.345084899999996
FKID006793,unplanned,others,closed,12.94805227,77.53459411,Mysore Road,West Zone 2,Byatarayanapura,unknown,2023-12-14 19:15:13.964000+00:00,0,4,0,12,False,High,High,none,vehicle tier puncher,210.75325715
FKID006799,unplanned,vehicle_breakdown,closed,12.9583148,77.605948,Hosur Road,Central Zone 1,Ashok Nagar,unknown,2023-12-14 19:55:48.002000+00:00,1,4,0,12,False,High,High,taxi,due to breakdown this vehicle has been offroaded sir,103.09514586666666
FKID006800,unplanned,vehicle_breakdown,closed,13.0184867,77.5316683,Non-corridor,West Zone 1,Rajajinagar,unknown,2023-12-14 19:59:17.835000+00:00,1,4,0,12,False,Low,Low,truck,truck offroad due to starting problem,155.09577226666667
FKID006801,unplanned,vehicle_breakdown,closed,13.0198264,77.5524171,Tumkur Road,West Zone 1,Yeshwanthpura,unknown,2023-12-14 20:26:02.772000+00:00,1,4,0,12,False,High,High,heavy_vehicle,,104.27178085
FKID006802,unplanned,vehicle_breakdown,closed,13.0212649,77.5320361,Non-corridor,West Zone 1,Rajajinagar,unknown,2023-12-14 21:27:47.122000+00:00,2,4,0,12,False,Low,Low,heavy_vehicle,due to steering jam,104.50401355000001
FKID006803,unplanned,others,closed,12.9574481,77.5194348,Non-corridor,West Zone 1,Byatarayanapura,unknown,2023-12-14 21:49:07.289000+00:00,3,4,0,12,False,Low,Low,none,traffic moment slow,569.8624514500001
FKID006805,unplanned,vehicle_breakdown,closed,13.0168962,77.5569009,Tumkur Road,West Zone 2,Yeshwanthpura,unknown,2023-12-15 00:22:46.553000+00:00,5,4,0,12,False,High,High,private_car,the car wheel remove body ypr down ramp towards [location],29.06766845
FKID006810,unplanned,others,closed,13.0113749,77.5510185,West of Chord Road,West Zone 1,Malleshwaram,unknown,2023-12-15 02:05:30.682000+00:00,7,4,0,12,False,High,High,none,wheel problem,2499.5234841666665
FKID006816,unplanned,vehicle_breakdown,closed,12.9882871,77.5770102,Non-corridor,Central Zone 2,Sheshadripuram,unknown,2023-12-15 05:00:45.107000+00:00,10,4,0,12,False,Low,Low,private_bus,traffic no problem sir.,48.95618971666667
FKID006817,unplanned,vehicle_breakdown,closed,12.9624257,77.5946113,Mysore Road,Central Zone 2,Halasuru Gate,unknown,2023-12-15 05:13:54.833000+00:00,10,4,0,12,False,High,High,bmtc_bus,"vacuum pipe cut ಆಗಿದ್ದು, traffic movement ge yavude ಸಮಸ್ಯೆ ಇರುವುದಿಲ್ಲ.",51.759602683333334
FKID006819,unplanned,vehicle_breakdown,closed,12.9395521,77.6950925,ORR East 1,East Zone 1,HAL Old Airport,unknown,2023-12-15 05:29:58.464000+00:00,10,4,0,12,False,High,High,private_bus,,78.02181971666667
FKID006822,unplanned,others,closed,12.9613709,77.5594103,Mysore Road,Central Zone 2,Chamarajpet,unknown,2023-12-15 06:05:10.046000+00:00,11,4,0,12,False,High,High,none,"ಡೀಸೆಲ್ [location], [person]",59.64277355
FKID006823,unplanned,vehicle_breakdown,closed,13.008159,77.6952927,Non-corridor,East Zone 2,K.R. Pura,unknown,2023-12-15 06:18:02.722000+00:00,11,4,0,12,True,Low,Low,ksrtc_bus,,37.0500163
FKID006826,unplanned,vehicle_breakdown,closed,13.057255,77.5466583,Non-corridor,North Zone 1,Jalahalli,unknown,2023-12-15 09:31:17.064000+00:00,15,4,0,12,False,Low,Low,taxi,vehicle break down,31.144372966666666
FKID006829,unplanned,accident,closed,12.9831508,77.5881278,Bellary Road 1,Central Zone 2,Cubbon Park,unknown,2023-12-15 18:37:09.382000+00:00,0,5,1,12,False,High,High,none,self accident,107.76804146666667
FKID006831,unplanned,vehicle_breakdown,closed,12.9457717,77.5273583,ORR West 1,West Zone 2,Byatarayanapura,unknown,2023-12-15 19:36:02.255000+00:00,1,5,1,12,False,High,High,lcv,due to vehicle tyre blost traffic no problem. nayandahalli flyover towords nagabhavi,76.18386368333333
FKID006832,unplanned,vehicle_breakdown,closed,12.945655,77.596045,Non-corridor,Central Zone 2,Wilson Garden,unknown,2023-12-15 19:54:20.675000+00:00,1,5,1,12,False,Low,Low,bmtc_bus,"bus breakdown ,@nimans to 10 th cross , vehicle moment is slow",12.559661516666667
FKID006834,planned,construction,closed,13.0418676,77.5941076,ORR North 1,North Zone 1,Hebbala,unknown,2023-12-15 20:32:42.275000+00:00,2,5,1,12,False,High,High,none,bethal church hebbal,88.67244375
FKID006857,unplanned,vehicle_breakdown,closed,12.9837375,77.596661,CBD 2,Central Zone 2,Cubbon Park,unknown,2023-12-15 22:56:52.919000+00:00,4,5,1,12,False,High,High,bmtc_bus,,76.97170356666668
FKID006867,unplanned,construction,closed,13.12531,77.6123167,Bellary Road 2,North Zone 2,Yelahanka,unknown,2023-12-16 00:13:26.929000+00:00,5,5,1,12,False,High,High,none,bagaluru onflyover to wards airport nhi work sir [person] normal mument sir,1378.1403613
FKID006871,unplanned,vehicle_breakdown,closed,12.9675551,77.5908857,Mysore Road,Central Zone 2,Halasuru Gate,unknown,2023-12-16 01:05:03.673000+00:00,6,5,1,12,False,High,High,bmtc_bus,[person],14.241182866666666
FKID006896,unplanned,vehicle_breakdown,closed,12.9820806,77.5941962,CBD 2,Central Zone 2,Cubbon Park,unknown,2023-12-16 04:45:45.094000+00:00,10,5,1,12,False,High,High,private_car,offroad near [location] traffic no problem sir,169.54879098333333
FKID006918,unplanned,vehicle_breakdown,closed,12.9736958,77.5500099,West of Chord Road,West Zone 2,Magadi Road,unknown,2023-12-16 05:21:08.370000+00:00,10,5,1,12,False,High,High,private_car,,11.163700416666668
FKID006922,unplanned,others,closed,12.8911333,77.5939243,Non-corridor,South Zone 2,J.P. Nagar,unknown,2023-12-16 05:27:59.587000+00:00,10,5,1,12,False,Low,Low,none,puncher,95.37588738333334
FKID006930,unplanned,vehicle_breakdown,closed,12.9866163,77.5722159,Non-corridor,Central Zone 2,Sheshadripuram,unknown,2023-12-16 06:25:04.466000+00:00,11,5,1,12,False,Low,Low,bmtc_bus,🙏ಸರ್ ವೆ ಟು ವೆಲ್ತ್ ಹತ್ತಿರ ಬಿಎಂಟಿಸಿ ಎಲೆಕ್ಟ್ರಿಕಲ್ ಬಸ್ ಅಪಲೋಡ್ ಆಗಿದೆ ಸ್ಟಾರ್ಟಿಂಗ್ ಪ್ರಾಬ್ಲಮ್ ಸರ್ ರಾಜೀವ್ ಗಾಂಧಿ ಕಡೆಯಿಂದ ಬರುವಂತಹ ಟ್ರಾಫಿಕ್ ಫುಲ್ ಹೊಲ್ಡ್ ಆಗಿಬಿಟ್ಟಿದೆ ಸರ್🙏ಸರ್ ವೆ ಟು ವೆಲ್ತ್ ಹತ್ತಿರ ಬಿಎಂಟಿಸಿ ಎಲೆಕ್ಟ್ರಿಕಲ್ ಬಸ್ ಅಪಲೋಡ್ ಆಗಿದೆ ಸ್ಟಾರ್ಟಿಂಗ್ ಪ್ರಾಬ್ಲಮ್ ಸರ್ ರಾಜೀವ್ ಗಾಂಧಿ ಕಡೆಯಿಂದ ಬರುವಂತಹ ಟ್ರಾಫಿಕ್ ಸ್ವಲ್ಪ್ ಸ್ಲೋವ್ ಮೊಮೆಂಟ್ ಆಗಿಬಿಟ್ಟಿದೆ ಸರ್,12.038919366666667
FKID006934,unplanned,vehicle_breakdown,closed,13.0131711,77.5837285,Bellary Road 1,West Zone 2,Sadashivanagar,unknown,2023-12-16 09:37:35.848000+00:00,15,5,1,12,False,High,High,lcv,"lgv vehicle off-road in stock 15 underpass outgoing side.  moved to side, traffic movement slow",74.98126361666667
FKID006935,unplanned,construction,closed,13.0428512,77.590721,Bellary Road 1,North Zone 1,Hebbala,unknown,2023-12-16 11:35:45.606000+00:00,17,5,1,12,False,High,High,none,road work going in hebbal circle to nagavara,9615.554235316667
FKID006936,unplanned,accident,closed,13.0292432,77.5405226,Tumkur Road,West Zone 1,Yeshwanthpura,unknown,2023-12-16 18:52:01.937000+00:00,0,6,1,12,False,High,High,none,gg palya towards [person] upset agide sir... trafic one side moment ide sir...injur sir,40.03595935
FKID006942,unplanned,others,closed,13.117965,77.6090233,Bellary Road 2,North Zone 2,Yelahanka,unknown,2023-12-16 23:03:58.563000+00:00,4,6,1,12,False,High,High,none,bagaluru onflyover to wards city nhi painting work sir traffic normal mument sir,7.651399833333333
FKID006946,unplanned,pot_holes,closed,13.0177844,77.5596465,Tumkur Road,West Zone 2,Yeshwanthpura,unknown,2023-12-17 00:56:59.327000+00:00,6,6,1,12,False,High,High,none,keb work patholes filling work progress sir,2780.0727107333337
FKID006949,unplanned,vehicle_breakdown,closed,12.982252,77.5663007,Non-corridor,Central Zone 2,Sheshadripuram,unknown,2023-12-17 01:09:45.536000+00:00,6,6,1,12,False,Low,Low,bmtc_bus,,8.552649733333334
FKID006950,unplanned,others,closed,13.04366,77.5564883,ORR North 2,North Zone 2,Jalahalli,unknown,2023-12-17 01:34:46.362000+00:00,7,6,1,12,False,High,High,none,starting problem,7109.272537666667
FKID006951,unplanned,vehicle_breakdown,closed,12.95574528,77.71852208,Varthur Road,East Zone 1,Whitefield,unknown,2023-12-17 05:39:39.694000+00:00,11,6,1,12,False,High,High,bmtc_bus,bmtc bus breakdown at [person].,17.611252466666667
FKID006952,unplanned,vehicle_breakdown,closed,13.0348953,77.5294632,Tumkur Road,West Zone 1,Peenya,unknown,2023-12-17 05:58:18.092000+00:00,11,6,1,12,False,High,High,bmtc_bus,",,",4.0572209
FKID006956,unplanned,vehicle_breakdown,closed,13.0271111,77.633527,Airport New South Road,North Zone 1,Banaswadi,unknown,2023-12-17 02:52:30.446000+00:00,8,6,1,12,False,High,High,heavy_vehicle,clutch problem,54.710606883333334
FKID006959,unplanned,vehicle_breakdown,closed,13.1220896,77.6104067,Bellary Road 2,North Zone 2,Yelahanka,unknown,2023-12-17 03:51:55.859000+00:00,9,6,1,12,False,High,High,heavy_vehicle,bagaluru onflyover to wards airport [person] starting problem sir traffic normal mument sir,10.504899233333333
FKID006960,unplanned,others,closed,13.1218981,77.6109722,Bellary Road 2,North Zone 2,Yelahanka,unknown,2023-12-17 03:59:30.345000+00:00,9,6,1,12,False,High,High,none,[location] onflyover to wards city nhi painting work sir traffic normal mument sir,1555.4924963666667
FKID006961,unplanned,vehicle_breakdown,closed,13.0783123,77.5921644,Bellary Road 2,North Zone 1,Yelahanka,unknown,2023-12-17 03:56:42.830000+00:00,9,6,1,12,False,High,High,private_bus,,33.33801285
FKID006962,unplanned,vehicle_breakdown,closed,13.0176124,77.5598964,Tumkur Road,West Zone 2,Yeshwanthpura,unknown,2023-12-17 04:21:10.912000+00:00,9,6,1,12,False,High,High,bmtc_bus,bmtc bus off road towrds ko8 jn. near mattikere cross   starting problem sir now traffic no problem,45.304458950000004
FKID006963,unplanned,vehicle_breakdown,closed,12.9531077,77.5417642,Mysore Road,West Zone 2,Byatarayanapura,unknown,2023-12-17 05:08:57.747000+00:00,10,6,1,12,False,High,High,ksrtc_bus,traffic one side movment agtide sir,27.371803333333332
FKID006966,unplanned,vehicle_breakdown,closed,12.965855,77.619705,Non-corridor,Central Zone 1,Halasur,unknown,2023-12-17 06:11:20.688000+00:00,11,6,1,12,False,Low,Low,bmtc_bus,,126.51745251666667
FKID006969,unplanned,vehicle_breakdown,closed,12.9679011,77.5873307,Mysore Road,Central Zone 2,Halasuru Gate,unknown,2023-12-17 07:30:48.632000+00:00,13,6,1,12,True,High,High,bmtc_bus,police corner,6.22358535
FKID006970,unplanned,vehicle_breakdown,closed,13.0958876,77.5975963,Bellary Road 2,North Zone 2,Yelahanka,unknown,2023-12-17 07:44:52.517000+00:00,13,6,1,12,False,High,High,private_car,,6.093109766666667
FKID006971,unplanned,vehicle_breakdown,closed,13.095423,77.5976011,Bellary Road 2,North Zone 2,Yelahanka,unknown,2023-12-17 07:51:00.055000+00:00,13,6,1,12,False,High,High,heavy_vehicle,,57.20298101666666
FKID006972,unplanned,vehicle_breakdown,closed,12.9762084,77.5645308,Magadi Road,Central Zone 2,Magadi Road,unknown,2023-12-17 08:44:07.332000+00:00,14,6,1,12,False,High,High,bmtc_bus,y junction. to hunasemara  due to starting problem,23.494592333333333
FKID006978,unplanned,vehicle_breakdown,closed,12.9830203,77.5923225,CBD 2,Central Zone 2,Cubbon Park,unknown,2023-12-17 22:55:37.035000+00:00,4,0,0,12,False,High,High,others,in front of lokabhavan main ಗೇಟ್ bbmp ವೆಹಿಕಲ್ ಆಫ್c ರೋಡ್ ದುಬೆ to ಸ್ಟಾರ್ಟಿಂಗ್ ಪ್ರಾಬ್ಲಮ್ sir,24.567187016666665
FKID006979,unplanned,vehicle_breakdown,closed,12.9741244,77.578679,Non-corridor,Central Zone 2,Upparpet,unknown,2023-12-18 01:51:22.758000+00:00,7,0,0,12,False,Low,Low,ksrtc_bus,break failure at kg road near pothys,27.483989266666665
FKID006982,unplanned,vehicle_breakdown,closed,13.0954983,77.5943299,Bellary Road 2,North Zone 2,Yelahanka,unknown,2023-12-18 05:55:00.829000+00:00,11,0,0,12,False,High,High,others,[location] circle test drive car string lock sir,50.716228816666664
FKID006985,unplanned,vehicle_breakdown,closed,12.9345488,77.609821,Hosur Road,South Zone 2,Madiwala,unknown,2023-12-18 07:07:59.240000+00:00,12,0,0,12,False,High,High,bmtc_bus,bmtc  bus  puncher at [location] main road near [location],64.53818363333333
FKID006990,unplanned,vehicle_breakdown,closed,12.9537877,77.5427674,Mysore Road,West Zone 2,Byatarayanapura,unknown,2023-12-18 19:09:49.936000+00:00,0,1,0,12,False,High,High,bmtc_bus,yes,44.14427928333334
FKID006995,unplanned,vehicle_breakdown,closed,13.0013268,77.6119897,Non-corridor,North Zone 1,Pulikeshinagar(F.Town),unknown,2023-12-18 20:37:04.675000+00:00,2,1,0,12,True,Low,Low,bmtc_bus,paatri,72.3468573
FKID006997,unplanned,vehicle_breakdown,closed,12.9522166,77.5408844,Mysore Road,West Zone 2,Byatarayanapura,unknown,2023-12-18 20:56:03.266000+00:00,2,1,0,12,False,High,High,bmtc_bus,[person] ajananeya swami temple front bmtc bus ಸ್ಟ್ರಾಟಿಂಗ್ ಪ್ರಾಬ್ಲಮ್ಆಗಿ ಕೆಟ್ಟು ನಿಂತಿದೆ ಸರ್ ಮೆಕ್ಯಾನಿಕ್ ಬರ್ತಾಇದ್ದಾರೆ ಸರ್out going side ಟ್ರಾಫಿಕ್ ನಾರ್ಮಲ್ ಇದೆ ಸರ್ 🙏,146.97563921666668
FKID007011,unplanned,vehicle_breakdown,closed,12.9842769,77.5717217,Non-corridor,Central Zone 2,Sheshadripuram,unknown,2023-12-19 03:05:08.026000+00:00,8,1,0,12,False,Low,Low,bmtc_bus,pf junction toword mejestice nearby kfm junction,8.205007316666666
FKID007015,unplanned,vehicle_breakdown,closed,13.017155,77.6602635,ORR North 1,East Zone 2,Banaswadi,unknown,2023-12-19 03:56:46.449000+00:00,9,1,0,12,False,High,High,heavy_vehicle,vehicle break doun,27.495784800000003
FKID007020,unplanned,vehicle_breakdown,closed,12.9165708,77.6017595,Bannerghata Road,South Zone 2,Mico Layout,unknown,2023-12-19 05:07:30.100000+00:00,10,1,0,12,False,High,High,bmtc_bus,16th main towards est end,131.96330435
FKID007021,unplanned,vehicle_breakdown,closed,12.9930435,77.5955639,Non-corridor,Central Zone 2,High ground,unknown,2023-12-19 05:08:48.571000+00:00,10,1,0,12,False,Low,Low,bmtc_bus,"bmtc of road, [location] towards old udaya tv",37.32267656666667
FKID007022,unplanned,vehicle_breakdown,closed,12.9850716,77.5728682,Non-corridor,Central Zone 2,Sheshadripuram,unknown,2023-12-19 05:12:22.029000+00:00,10,1,0,12,False,Low,Low,ksrtc_bus,kfm junction toword mejestice sir,15.536178283333333
FKID007025,unplanned,vehicle_breakdown,closed,12.9519068,77.605028,Hosur Road,Central Zone 1,Ashok Nagar,unknown,2023-12-19 05:58:41.004000+00:00,11,1,0,12,False,High,High,taxi,start problem,86.54174110000001
FKID007026,unplanned,vehicle_breakdown,closed,12.9849653,77.5556492,Non-corridor,West Zone 2,Rajajinagar,unknown,2023-12-19 06:06:34.571000+00:00,11,1,0,12,False,Low,Low,ksrtc_bus,,45.578564199999995
FKID007030,unplanned,others,closed,12.9654287,77.6176745,Non-corridor,Central Zone 1,Halasur,unknown,2023-12-19 06:28:18.382000+00:00,11,1,0,12,False,Low,Low,none,signal off due to power issue working not properly,20.938994716666667
FKID007031,unplanned,vehicle_breakdown,closed,12.9569157,77.699063,Varthur Road,East Zone 1,HAL Old Airport,unknown,2023-12-19 06:53:49.625000+00:00,12,1,0,12,False,High,High,bmtc_bus,front of grt jewellers marathahalli bridge towards [location] road sir,128.22549738333333
FKID007046,unplanned,vehicle_breakdown,closed,13.035305,77.5275093,Tumkur Road,West Zone 1,Peenya,unknown,2023-12-19 21:56:24.482000+00:00,3,2,0,12,False,High,High,private_car,srs on flyover private cab off-road towards parle toll traffic one side movement,9.538056933333333
FKID007050,unplanned,others,closed,12.9837139,77.592678,CBD 2,Central Zone 2,Cubbon Park,unknown,2023-12-20 01:22:49.055000+00:00,6,2,0,12,False,High,High,none,[person] problem,91.00916453333333
FKID007052,unplanned,vehicle_breakdown,closed,12.9586717,77.5931683,Non-corridor,Central Zone 2,Halasuru Gate,unknown,2023-12-20 03:33:12.039000+00:00,9,2,0,12,False,Low,Low,bmtc_bus,joint tut,104.66418203333333
FKID007053,unplanned,vehicle_breakdown,resolved,13.0976447,77.5912615,Non-corridor,North Zone 2,R.T. Nagar,unknown,2023-12-20 06:02:24.811000+00:00,11,2,0,12,False,Low,Low,bmtc_bus,priyadarshini towords jayamahal palace gate bmtc bus off road . traffic normal moment,49.61867263333333
FKID007056,unplanned,vehicle_breakdown,closed,12.9825565,77.6353914,Old Madras Road,Central Zone 1,Jeevanbheemanagar,unknown,2023-12-20 09:12:40.332000+00:00,14,2,0,12,False,High,High,bmtc_bus,double road towards 100feet road,19.606597833333336
FKID007075,unplanned,others,closed,12.9442984,77.5272484,ORR West 1,West Zone 1,Byatarayanapura,unknown,2023-12-21 00:26:46.374000+00:00,5,3,0,12,False,High,High,none,nayandahalli signal towards [location] station out going side lorry off road si,3102.2017643333334
FKID007076,unplanned,vehicle_breakdown,closed,12.983789,77.5901262,Bellary Road 1,Central Zone 2,Cubbon Park,unknown,2023-12-21 02:18:17.464000+00:00,7,3,0,12,False,High,High,ksrtc_bus,,30.959790183333332
FKID007077,unplanned,vehicle_breakdown,closed,12.9328783,77.6882517,ORR East 1,East Zone 1,HAL Old Airport,unknown,2023-12-21 03:16:41.583000+00:00,8,3,0,12,False,High,High,private_car,[person] metro station towards [person] sir,14.823477983333333
FKID007078,unplanned,vehicle_breakdown,closed,12.9832675,77.5746214,Non-corridor,Central Zone 2,Sheshadripuram,unknown,2023-12-21 04:18:10.349000+00:00,9,3,0,12,False,Low,Low,bmtc_bus,no 4,44.150084916666664
FKID007079,unplanned,vehicle_breakdown,closed,12.9709443,77.587546,Non-corridor,Central Zone 2,Halasuru Gate,unknown,2023-12-21 04:42:11.590000+00:00,10,3,0,12,False,Low,Low,taxi,dg office affosite,27.336794750000003
FKID007084,unplanned,vehicle_breakdown,closed,12.9677185,77.5867701,Mysore Road,Central Zone 2,Halasuru Gate,unknown,2023-12-21 06:20:56.286000+00:00,11,3,0,12,False,High,High,bmtc_bus,,47.80724921666667
FKID007085,unplanned,vehicle_breakdown,closed,12.9677394,77.587136,Mysore Road,Central Zone 2,Halasuru Gate,unknown,2023-12-21 06:33:31.884000+00:00,12,3,0,12,True,High,High,bmtc_bus,,6.048961883333333
FKID007087,unplanned,accident,closed,13.038844,77.5204107,Tumkur Road,West Zone 1,Peenya,unknown,2023-12-21 08:39:49.689000+00:00,14,3,0,12,False,High,High,none,jalahalli metro station on flyover car accident traffic one side movement,46.73368636666667
FKID007094,unplanned,vehicle_breakdown,closed,12.9646867,77.575565,Mysore Road,Central Zone 2,City Market,unknown,2023-12-21 19:59:40.470000+00:00,1,4,0,12,False,High,High,lcv,back wheel cut sir.,71.89760106666667
FKID007096,unplanned,vehicle_breakdown,closed,13.0284451,77.5412394,Tumkur Road,West Zone 1,Yeshwanthpura,unknown,2023-12-21 20:36:31.608000+00:00,2,4,0,12,False,High,High,private_bus,clutch problem sir under the goraguntepalya metro station towards yashwanthapura traffic one side moving sir,173.42698381666665
FKID007099,unplanned,vehicle_breakdown,closed,13.016758,77.5568293,Tumkur Road,West Zone 2,Yeshwanthpura,unknown,2023-12-21 21:09:46.935000+00:00,2,4,0,12,False,High,High,others,"vehicle off road near [location] down ramp, traffic normal",38.45392828333333
FKID007100,unplanned,others,closed,12.9119929,77.4857918,Mysore Road,West Zone 1,Kengeri,unknown,2023-12-21 21:24:47.737000+00:00,2,4,0,12,True,High,High,none,tecnison problem sir,33.48906055
FKID007101,unplanned,vehicle_breakdown,closed,12.9562,77.54666,Mysore Road,West Zone 2,Byatarayanapura,unknown,2023-12-21 21:26:05.223000+00:00,2,4,0,12,False,High,High,bmtc_bus,start problem,43.98374376666666
FKID007103,unplanned,vehicle_breakdown,closed,12.9233939,77.5542916,ORR West 1,West Zone 2,Banashankari,unknown,2023-12-21 22:18:21.503000+00:00,3,4,0,12,False,High,High,bmtc_bus,[location] junction towards katriguppe junction,44.5321139
FKID007105,unplanned,vehicle_breakdown,closed,12.9870531,77.5799662,Non-corridor,Central Zone 2,High ground,unknown,2023-12-21 22:42:22.298000+00:00,4,4,0,12,False,Low,Low,others,ಶಿವಾನಂದ ಜಂಕ್ಷನ್ ನಿಂದ ಗಾಂಧೀಭವನ ಕಡೆ ಸಾಗುವ ರೋಡ್ ನಲ್ಲಿ ಒಂದು ಬಿಬಿಎಂಪಿ ಕಸದ ಲಾರಿ ಡಿಸೈಲ್ ಖಾಲಿ ಆಗಿ ನಿಂತಿದ್ದು ಸಂಚಾರ ನಿಧಾನವಾಗಿರುತ್ತದೆ.,16.580316616666668
FKID007108,unplanned,vehicle_breakdown,closed,13.0160246,77.5837002,Bellary Road 1,West Zone 2,Sadashivanagar,unknown,2023-12-21 23:33:19.348000+00:00,5,4,0,12,False,High,High,heavy_vehicle,vehicle breakdown,12.5869507
FKID007110,unplanned,vehicle_breakdown,closed,13.0166458,77.556596,Tumkur Road,West Zone 2,Yeshwanthpura,unknown,2023-12-22 00:23:07.112000+00:00,5,4,0,12,False,High,High,private_car,"vehicle off road, traffic slow movement",20.0987703
FKID007111,unplanned,vehicle_breakdown,closed,12.9727963,77.5692798,Non-corridor,Central Zone 2,Chamarajpet,unknown,2023-12-22 00:24:37.842000+00:00,5,4,0,12,False,Low,Low,lcv,"vehicle offroad sir, one side traffic moving no problem sir",6.931877533333333
FKID007112,unplanned,vehicle_breakdown,closed,12.9424214,77.5973837,Non-corridor,South Zone 2,Wilson Garden,unknown,2023-12-22 00:40:15.888000+00:00,6,4,0,12,False,Low,Low,bmtc_bus,,74.30124980000001
FKID007116,unplanned,vehicle_breakdown,closed,12.9833721,77.5968642,CBD 2,Central Zone 2,Cubbon Park,unknown,2023-12-22 04:34:29.273000+00:00,10,4,0,12,False,High,High,bmtc_bus,off road near head quater opposite to tmc trafic slow movement sir,15.845159116666668
FKID007127,unplanned,vehicle_breakdown,closed,13.0117765,77.5545592,West of Chord Road,West Zone 2,Malleshwaram,unknown,2023-12-22 19:33:48.380000+00:00,1,5,1,12,False,High,High,heavy_vehicle,vahicle tyer blost,119.55588141666667
FKID007128,unplanned,vehicle_breakdown,closed,12.9923303,77.5746787,Non-corridor,Central Zone 2,Sheshadripuram,unknown,2023-12-22 21:01:47.309000+00:00,2,5,1,12,False,Low,Low,bmtc_bus,gear problem,8.934634983333332
FKID007129,unplanned,others,closed,12.9819805,77.5946333,CBD 2,Central Zone 2,Cubbon Park,unknown,2023-12-22 20:56:56.255000+00:00,2,5,1,12,False,High,High,none,vahicle starting p problem,14.216740750000001
FKID007133,unplanned,vehicle_breakdown,closed,12.9882218,77.5875527,Bellary Road 1,Central Zone 2,High ground,unknown,2023-12-22 22:10:07.204000+00:00,3,5,1,12,False,High,High,others,old high ground towards be not to tropic or normal moment,143.33777285
FKID007136,unplanned,others,closed,13.1255092,77.6126205,Bellary Road 2,North Zone 2,Yelahanka,unknown,2023-12-22 23:20:48.721000+00:00,4,5,1,12,False,High,High,none,bagaluru service road ecopolice to bagaluru cross metro work sir [person] normal mument sir,1369.8670542833331
FKID007140,unplanned,vehicle_breakdown,closed,13.034555,77.5300311,Tumkur Road,West Zone 1,Yeshwanthpura,unknown,2023-12-23 01:52:00.300000+00:00,7,5,1,12,False,High,High,lcv,tyre puncher srs on flyover towards cmti junction traffic one side moving sir,18.016688283333334
FKID007159,unplanned,vehicle_breakdown,closed,12.9461012,77.5293148,ORR West 1,West Zone 2,Byatarayanapura,unknown,2023-12-23 20:43:44.987000+00:00,2,6,1,12,False,High,High,bmtc_bus,present traffic no problem,78.36581535
FKID007160,unplanned,others,closed,12.9539393,77.5913069,Non-corridor,Central Zone 2,Wilson Garden,unknown,2023-12-23 20:50:35.145000+00:00,2,6,1,12,False,Low,Low,none,good morning ಸರ್ @34  ಜಂಕ್ಷನ್ ನಲ್ಲಿ ಕಾವೇರಿ ವಾಟರ್ ಲಿಕೆಜ್  ಆಗ್ತಾಯಿದೆ  ಇದೆ ಸರ್,261.85771654999996
FKID007162,unplanned,vehicle_breakdown,closed,13.0413267,77.5168577,Tumkur Road,West Zone 1,Peenya,unknown,2023-12-23 21:47:40.428000+00:00,3,6,1,12,False,High,High,lcv,[location] station on flyover lcv vehicle off-road towards city traffic one side movement,22.33721543333333
FKID007167,unplanned,others,closed,13.0023265,77.5943573,Non-corridor,Central Zone 2,R.T. Nagar,unknown,2023-12-24 03:52:58.774000+00:00,9,6,1,12,False,Low,Low,none,[location] road chamara vajra [location]'s largest coffee festival program traffic slow movement sir,4163.109783466667
FKID007169,unplanned,vehicle_breakdown,closed,13.0859327,77.5945514,Bellary Road 2,North Zone 1,Yelahanka,unknown,2023-12-24 05:25:19.834000+00:00,10,6,1,12,False,High,High,heavy_vehicle,,41.04432583333333
FKID007170,unplanned,vehicle_breakdown,closed,13.0388301,77.5894571,Bellary Road 1,North Zone 2,Kodigehalli,unknown,2023-12-24 06:01:02.733000+00:00,11,6,1,12,False,High,High,others,hebbal ps towards city,25.451136216666665
FKID007174,unplanned,vehicle_breakdown,closed,13.01776168,77.55853225,Tumkur Road,West Zone 2,Yeshwanthpura,unknown,2023-12-24 07:11:01.322000+00:00,12,6,1,12,False,High,High,lcv,tata ace off road near [location] towards ypr circle sir,22.74252915
FKID007175,unplanned,construction,closed,13.0421218,77.5939679,ORR North 1,North Zone 1,Hebbala,unknown,2023-12-24 12:27:48.107000+00:00,17,6,1,12,False,High,High,none,road repair work,325.6833299666667
FKID007179,unplanned,vehicle_breakdown,closed,13.0325119,77.5336364,Tumkur Road,West Zone 1,Yeshwanthpura,unknown,2023-12-24 21:55:51.042000+00:00,3,0,0,12,False,High,High,others,wheel jam aagide,119.13968028333333
FKID007180,unplanned,vehicle_breakdown,closed,12.9756263,77.586833,Non-corridor,Central Zone 2,Halasuru Gate,unknown,2023-12-24 22:23:17.808000+00:00,3,0,0,12,True,Low,Low,bmtc_bus,,96.72711803333333
FKID007182,unplanned,vehicle_breakdown,closed,12.9679099,77.5872544,Mysore Road,Central Zone 2,Halasuru Gate,unknown,2023-12-24 22:43:16.359000+00:00,4,0,0,12,False,High,High,bmtc_bus,bmtc bus off road at police corner junction,46.37537601666667
FKID007184,unplanned,others,closed,12.9591464,77.6575131,Old Airport Road,Central Zone 1,Jeevanbheemanagar,unknown,2023-12-24 23:36:58.054000+00:00,5,0,0,12,False,High,High,none,[location] fastivels,4300.172757016667
FKID007185,unplanned,vehicle_breakdown,closed,13.0744799,77.592693,Bellary Road 2,North Zone 1,Yelahanka,unknown,2023-12-25 00:19:01.400000+00:00,5,0,0,12,False,High,High,lcv,,34.49597188333333
FKID007187,unplanned,vehicle_breakdown,closed,12.993323,77.607171,Non-corridor,North Zone 1,Pulikeshinagar(F.Town),unknown,2023-12-25 03:28:32.017000+00:00,8,0,0,12,False,Low,Low,bmtc_bus,"traffic no problem., vehicle movement as usal",70.5850728
FKID007189,unplanned,tree_fall,closed,13.1008567,77.582507,Non-corridor,North Zone 2,Yelahanka,unknown,2023-12-25 06:06:06.450000+00:00,11,0,0,12,True,Low,Low,none,ಮೇಜರ್ ಸಂದೀಪ್ ಉನ್ನಿಕೃಷ್ಣನ್ ರೋಡ್ ಓಂ ಅಗರವಾಲ್ ಭವನ್ ಮುಂಬಾಗ ಮರದ ಕೊಂಬೆ ಕಾರ್ ಮೇಲ್ ಬಿದ್ದಿದ್ದು ಕಾರ್ ಜಕಮಗೊಂಡಿರುತ್ತದೆ ಹಾಗೂ ರೋಡ್ ಕ್ಲೋಸ್ ಆಗಿರುತ್ತದೆ,5198.000742266667
FKID007192,unplanned,accident,closed,13.0446941,77.508278,Tumkur Road,West Zone 1,Peenya,unknown,2023-12-25 06:26:49.239000+00:00,11,0,0,12,False,High,High,none,h cross on flyover chain accident traffic one side movement,23.807276100000003
FKID007194,unplanned,others,closed,12.9684284,77.5947366,Mysore Road,Central Zone 1,Halasuru Gate,unknown,2023-12-25 19:17:14.887000+00:00,0,1,0,12,True,High,High,none,"ತುಂಬಿರುವ ಲೋಡು ವಾಲಿರುವುದರಿಂದ, ರೆಡಿ ಮಾಡುವುದಕ್ಕಾಗಿ ಆಪ್ರೋಡ್ ಆಗಿರುತ್ತದೆ ಸರ್",32.59866376666667
FKID007196,unplanned,vehicle_breakdown,closed,12.9439105,77.6031489,Non-corridor,South Zone 2,Adugodi,unknown,2023-12-25 20:23:47.295000+00:00,1,1,0,12,False,Low,Low,bmtc_bus,vaccum cut,8.523106283333332
FKID007199,unplanned,vehicle_breakdown,closed,12.9045353,77.6274563,Hosur Road,South Zone 2,Madiwala,unknown,2023-12-25 21:11:26.487000+00:00,2,1,0,12,False,High,High,private_bus,[person] to bommanhalli,23.53905478333333
FKID007200,unplanned,vehicle_breakdown,closed,12.9747136,77.5706363,Non-corridor,Central Zone 2,Chamarajpet,unknown,2023-12-25 21:11:53.511000+00:00,2,1,0,12,False,Low,Low,private_car,vehicle break down traffic no problem towing vehicle on the way it will clear in 10 min,91.42637688333333
FKID007204,unplanned,others,closed,12.9738325,77.5501829,West of Chord Road,West Zone 2,Magadi Road,unknown,2023-12-25 21:42:12.709000+00:00,3,1,0,12,False,High,High,none,volvo car off roaded by cholarpalya junction engine problem,64.12804031666667
FKID007206,unplanned,pot_holes,closed,12.9573917,77.6058233,Hosur Road,Central Zone 1,Ashok Nagar,unknown,2023-12-25 22:33:56.484000+00:00,4,1,0,12,False,High,High,none,traffic slow movement near cmp junctionn  huge pot hole,1654.8833694166667
FKID007208,unplanned,vehicle_breakdown,closed,13.0394053,77.5184935,Tumkur Road,West Zone 1,Peenya,unknown,2023-12-26 00:59:59.741000+00:00,6,1,0,12,False,High,High,lcv,s m circle on flyover lcv vehicle off-road towards city traffic one side movement,72.97621806666666
FKID007209,unplanned,vehicle_breakdown,closed,13.0412569,77.5167989,Tumkur Road,West Zone 1,Peenya,unknown,2023-12-26 01:53:49.366000+00:00,7,1,0,12,False,High,High,lcv,chokkasandra on flyover lcv goods vehicle off-road towards city traffic one side movement,8.114047366666666
FKID007210,unplanned,vehicle_breakdown,closed,12.9616882,77.5842053,Mysore Road,Central Zone 2,Halasuru Gate,unknown,2023-12-26 02:00:17.364000+00:00,7,1,0,12,False,High,High,others,engine coil damge,47.98083691666667
FKID007217,unplanned,vehicle_breakdown,closed,13.0079571,77.6930806,Non-corridor,East Zone 2,K.R. Pura,unknown,2023-12-26 03:29:06.743000+00:00,8,1,0,12,False,Low,Low,others,"ಈ ವಾಹನ ಓಂ. ಎಂ ರಸ್ತೆ, [person] ಬಳಿ (ಹೊಸಕೋಟೆ ಕಡೆಗೆ) ತಾಂತ್ರಿಕ ದೋಷದಿಂದ ಆಫ್ ರೋಡ್ ಆಗಿದ್ದು ತಳ್ಳಿ ಸೈಡಿಗೆ ಹಾಕಿಸಿರುತ್ತೆ ಸರ್.",31.247457216666664
FKID007220,unplanned,vehicle_breakdown,resolved,12.9828272,77.519876,Magadi Road,West Zone 2,Kamakshipalya,unknown,2023-12-26 05:43:57.208000+00:00,11,1,0,12,False,High,High,bmtc_bus,bmtc bus vacuum down off road at [location] near sunkadakatte towards ashraya incoming side,145.14514806666665
FKID007222,unplanned,vehicle_breakdown,closed,12.9879785,77.5777092,Non-corridor,Central Zone 2,Sheshadripuram,unknown,2023-12-26 06:23:22.965000+00:00,11,1,0,12,False,Low,Low,bmtc_bus,[location] circle [location] traffic slow moving,45.685754933333335
FKID007224,unplanned,vehicle_breakdown,closed,12.916416,77.61213,Non-corridor,South Zone 2,Mico Layout,unknown,2023-12-26 06:47:24.187000+00:00,12,1,0,12,False,Low,Low,bmtc_bus,btm 29 th main jn to btm 16 th main between,33.111599733333335
FKID007225,unplanned,road_conditions,closed,12.907347,77.5468036,Non-corridor,South Zone 1,K.S. Layout,unknown,2023-12-26 07:51:02.158000+00:00,13,1,0,12,False,Low,Low,none,sanitary work tender person not close properly sir,5080.9668607
FKID007226,unplanned,vehicle_breakdown,closed,12.963228,77.5802106,Mysore Road,Central Zone 2,City Market,unknown,2023-12-26 09:26:50.121000+00:00,14,1,0,12,True,High,High,truck,starting problem,107.22244468333334
FKID007227,unplanned,vehicle_breakdown,closed,12.9548151,77.5916034,Non-corridor,Central Zone 2,Wilson Garden,unknown,2023-12-26 19:37:42.709000+00:00,1,2,0,12,False,Low,Low,heavy_vehicle,traffic normal one side moving sir,129.90277936666666
FKID007228,unplanned,vehicle_breakdown,closed,13.0288967,77.5396608,Tumkur Road,West Zone 1,Yeshwanthpura,unknown,2023-12-26 19:53:49.514000+00:00,1,2,0,12,False,High,High,bmtc_bus,bmtc bus ofroad sir due to starting problem near people tree hospital [location] traffic no problem sir,38.30340338333333
FKID007229,unplanned,vehicle_breakdown,closed,12.9527733,77.5413383,Mysore Road,West Zone 2,Byatarayanapura,unknown,2023-12-26 20:10:49.627000+00:00,1,2,0,12,False,High,High,lcv,steering rod cuted sir,36.22502158333334
FKID007231,unplanned,vehicle_breakdown,closed,12.9947151,77.7178932,Non-corridor,East Zone 1,Mahadevapura,unknown,2023-12-26 20:27:46.431000+00:00,1,2,0,12,True,Low,Low,private_bus,school bus off road sir near hoodi [person] sir,67.44224876666667
FKID007233,unplanned,vehicle_breakdown,closed,12.960184,77.556547,Mysore Road,Central Zone 2,Chamarajpet,unknown,2023-12-26 20:55:46.001000+00:00,2,2,0,12,False,High,High,private_bus,no traffic conjunction,8.948683866666666
FKID007234,unplanned,vehicle_breakdown,closed,13.0161219,77.6613489,ORR North 1,North Zone 1,Banaswadi,unknown,2023-12-26 21:13:02.796000+00:00,2,2,0,12,False,High,High,heavy_vehicle,vehicle break doun,108.81123375
FKID007235,unplanned,vehicle_breakdown,closed,12.9732529,77.5378244,West of Chord Road,West Zone 2,Vijayanagara,unknown,2023-12-26 21:18:02.907000+00:00,2,2,0,12,False,High,High,bmtc_bus,[person] towards [location] road,32.680638949999995
FKID007236,unplanned,vehicle_breakdown,closed,13.0144341,77.5853537,Bellary Road 1,West Zone 2,R.T. Nagar,unknown,2023-12-26 21:52:19.283000+00:00,3,2,0,12,False,High,High,bmtc_bus,no,83.49164651666666
FKID007238,unplanned,vehicle_breakdown,closed,12.9539532,77.5854067,Non-corridor,Central Zone 2,Wilson Garden,unknown,2023-12-26 23:47:13.089000+00:00,5,2,0,12,False,Low,Low,bmtc_bus,due to front wheel puncture,44.92332695
FKID007239,unplanned,vehicle_breakdown,closed,13.0293508,77.5395501,Tumkur Road,West Zone 1,Yeshwanthpura,unknown,2023-12-26 23:51:58.207000+00:00,5,2,0,12,False,High,High,lcv,tyer punchar,17.107073166666666
FKID007241,unplanned,vehicle_breakdown,closed,12.9279414,77.546384,ORR West 1,West Zone 1,Banashankari,unknown,2023-12-27 00:22:03.501000+00:00,5,2,0,12,False,High,High,bmtc_bus,outer ring road katriguppe signal  to ittamadu signal [location] bus offroad,89.23145795
FKID007243,unplanned,vehicle_breakdown,closed,12.9681003,77.5871811,Mysore Road,Central Zone 2,Halasuru Gate,unknown,2023-12-27 02:33:29.886000+00:00,8,2,0,12,False,High,High,others,"ಈ vehicle police corner signal ಹತ್ತಿರ ಆಫ್ ರೋಡ್ ಆಗಿದ್ದು, there will be no problem with traffic movement , 30 minutes ನಲ್ಲಿ ready ಆಗುತ್ತೆ.",77.87683966666667
FKID007245,unplanned,congestion,closed,12.9365201,77.6062317,Non-corridor,South Zone 2,Mico Layout,unknown,2023-12-27 04:10:22.284000+00:00,9,2,0,12,False,Low,Low,none,b m t c bus off load on main road opposite crist collage due to disel and airlock issue,115.82626488333334
FKID007246,unplanned,vehicle_breakdown,closed,12.9665157,77.5872639,Mysore Road,Central Zone 2,Halasuru Gate,unknown,2023-12-27 04:40:11.791000+00:00,10,2,0,12,False,High,High,bmtc_bus,,12.5486632
FKID007248,planned,procession,closed,12.9742147,77.5662877,Magadi Road,Central Zone 2,Magadi Road,unknown,2023-12-27 05:29:30.884000+00:00,10,2,0,12,True,High,High,none,[person] mill to [location],1.7318844333333334
FKID007250,unplanned,others,closed,12.9900396,77.5505643,West of Chord Road,West Zone 2,Vijayanagara,unknown,2023-12-27 05:55:09.482000+00:00,11,2,0,12,True,High,High,none,220kv main wair cut and fell down work is progress from kptcl workers,178.83197656666667
FKID007251,unplanned,vehicle_breakdown,closed,12.9628997,77.566492,Mysore Road,Central Zone 2,Chamarajpet,unknown,2023-12-27 06:39:00.579000+00:00,12,2,0,12,False,High,High,lcv,,9.021378633333335
FKID007252,unplanned,vehicle_breakdown,closed,13.0083617,77.5544889,Non-corridor,West Zone 1,Malleshwaram,unknown,2023-12-27 09:05:55.998000+00:00,14,2,0,12,False,Low,Low,ksrtc_bus,vahicle gear box problem,78.58230435
FKID007253,unplanned,vehicle_breakdown,closed,13.0294624,77.5401998,Tumkur Road,West Zone 1,Yeshwanthpura,unknown,2023-12-27 10:45:38.708000+00:00,16,2,0,12,False,High,High,truck,tyre blast,9.170079249999999
FKID007255,unplanned,vehicle_breakdown,closed,13.0447508,77.5080589,Tumkur Road,West Zone 1,Peenya,unknown,2023-12-27 18:23:44.326000+00:00,23,2,0,12,False,High,High,others,minibus offload in h cross on flyover due to engine problem traffic nk problem sir,63.1243505
FKID007259,unplanned,vehicle_breakdown,closed,12.9455854,77.5963095,Non-corridor,Central Zone 2,Wilson Garden,unknown,2023-12-28 01:20:24.698000+00:00,6,3,0,12,False,Low,Low,bmtc_bus,hand break locked,47.84910341666667
FKID007260,unplanned,others,closed,12.9758174,77.5875247,Non-corridor,Central Zone 2,Halasuru Gate,unknown,2023-12-27 19:45:43.519000+00:00,1,3,0,12,False,Low,Low,none,stolen the battery,85.23560838333333
FKID007261,unplanned,vehicle_breakdown,closed,12.9652268,77.5998212,Mysore Road,Central Zone 1,Ashok Nagar,unknown,2023-12-27 20:00:10.724000+00:00,1,3,0,12,False,High,High,heavy_vehicle,gear problem,50.35936076666667
FKID007262,unplanned,vehicle_breakdown,closed,13.040933,77.5889853,Bellary Road 1,North Zone 2,Kodigehalli,unknown,2023-12-27 20:09:58.371000+00:00,1,3,0,12,False,High,High,heavy_vehicle,ಸರ್ ನಮಸ್ತೆ ಏರ್ಪೋರ್ಟ್ ರಸ್ತೆಯಲ್ಲಿ  ಹೆಬ್ಬಾಳ ಪ್ಲೇಯರ್ನಲ್ಲಿವೆಹಿಕಲ್ ಅಪ್ ಲೋಡ್ ಆಗಿದೆ ಯಾವುದೇ ಸಮಸ್ಯೆ ಟ್ರಾಫಿಕ್ ಯಾವುದೇ ಸಮಸ್ಯೆ ಇಲ್ಲ ಸರ್,7.1787815833333335
FKID007267,unplanned,vehicle_breakdown,closed,13.0289016,77.6315651,Airport New South Road,North Zone 1,K.G. Halli,unknown,2023-12-27 23:25:59.665000+00:00,4,3,0,12,False,High,High,taxi,vehicle off load,91.12731314999999
FKID007270,unplanned,accident,closed,12.8368895,77.6788445,Non-corridor,Unknown,Electronic City,unknown,2023-12-28 00:54:29.371397+00:00,6,3,0,12,False,Low,Low,none,,89.56093413333333
FKID007272,unplanned,vehicle_breakdown,closed,13.0143477,77.5836474,Bellary Road 1,West Zone 2,Sadashivanagar,unknown,2023-12-28 01:22:19.025000+00:00,6,3,0,12,False,High,High,bmtc_bus,bmtc buss breakdown at cv raman road near stock 15 jn  depot no :41 kunjuru near varthur,118.03214865
FKID007274,unplanned,vehicle_breakdown,closed,12.936683,77.6051806,Non-corridor,South Zone 2,Mico Layout,unknown,2023-12-28 02:30:26.290000+00:00,8,3,0,12,False,Low,Low,bmtc_bus,bus stopped near [location] diary exite gate,73.55559968333334
FKID007276,unplanned,vehicle_breakdown,closed,12.9345733,77.612245,Hosur Road,South Zone 2,Adugodi,unknown,2023-12-28 04:04:51.727000+00:00,9,3,0,12,False,High,High,heavy_vehicle,,117.19740893333332
FKID007277,unplanned,vehicle_breakdown,closed,12.8888474,77.6392114,Hosur Road,South Zone 2,Hulimavu,unknown,2023-12-28 04:57:04.997000+00:00,10,3,0,12,False,High,High,truck,,57.670317733333334
FKID007282,unplanned,vehicle_breakdown,closed,12.9199275,77.6210883,Hosur Road,South Zone 2,Madiwala,unknown,2023-12-28 09:36:14.514000+00:00,15,3,0,12,False,High,High,others,vehicle break down,40.683018700000005
FKID007290,unplanned,vehicle_breakdown,closed,13.010793,77.5835811,Bellary Road 1,West Zone 2,Sadashivanagar,unknown,2023-12-28 19:51:06.052000+00:00,1,4,0,12,False,High,High,heavy_vehicle,,8.499521283333333
FKID007293,unplanned,vehicle_breakdown,closed,12.8795839,77.5955709,Bannerghata Road,South Zone 2,Hulimavu,unknown,2023-12-28 20:59:49.322000+00:00,2,4,0,12,False,High,High,bmtc_bus,,50.30348728333333
FKID007295,unplanned,vehicle_breakdown,closed,12.9590142,77.5553685,Mysore Road,Central Zone 2,Chamarajpet,unknown,2023-12-28 21:10:54.585000+00:00,2,4,0,12,False,High,High,private_bus,,42.29887403333333
FKID007297,unplanned,vehicle_breakdown,closed,12.9588919,77.5553306,Mysore Road,Central Zone 2,Chamarajpet,unknown,2023-12-28 21:12:06.698000+00:00,2,4,0,12,False,High,High,private_bus,,41.14270663333333
FKID007298,unplanned,accident,closed,13.0765808,77.5927873,Bellary Road 2,North Zone 1,Yelahanka,unknown,2023-12-28 21:15:35.912000+00:00,2,4,0,12,False,High,High,none,,16.90388255
FKID007300,unplanned,vehicle_breakdown,closed,12.9528883,77.5414517,Mysore Road,West Zone 2,Byatarayanapura,unknown,2023-12-28 21:58:15.515000+00:00,3,4,0,12,False,High,High,private_car,yes,2.1127926833333333
FKID007306,unplanned,vehicle_breakdown,closed,12.9359141,77.6008275,Bannerghata Road,Central Zone 2,Wilson Garden,unknown,2023-12-28 23:06:53.214000+00:00,4,4,0,12,False,High,High,bmtc_bus,,21.371302766666666
FKID007307,unplanned,vehicle_breakdown,closed,12.9637222,77.5846793,Mysore Road,Central Zone 2,Halasuru Gate,unknown,2023-12-28 23:49:41.702000+00:00,5,4,0,12,False,High,High,bmtc_bus,ಬ್ರೇಕ್ ಡೌನ್,12.958737216666666
FKID007308,unplanned,others,closed,12.9522164,77.5408901,Mysore Road,West Zone 2,Byatarayanapura,unknown,2023-12-28 23:50:21.217000+00:00,5,4,0,12,False,High,High,none,mysuru road [person] temple outgoing side this vehicle off road sir traffic no problem,75.1166929
FKID007310,unplanned,vehicle_breakdown,closed,12.9724455,77.5936605,Mysore Road,Central Zone 2,Cubbon Park,unknown,2023-12-29 01:23:35.082000+00:00,6,4,0,12,False,High,High,private_car,viechle off road near [location] traffic no problem sir,35.96668218333333
FKID007311,unplanned,vehicle_breakdown,closed,12.9725022,77.5936911,Mysore Road,Central Zone 2,Cubbon Park,unknown,2023-12-29 01:37:54.446000+00:00,7,4,0,12,False,High,High,taxi,traffic normal sir,3.5082734833333333
FKID007312,unplanned,vehicle_breakdown,closed,13.0952871,77.5943675,Bellary Road 2,North Zone 2,Yelahanka,unknown,2023-12-29 01:55:24.892000+00:00,7,4,0,12,False,High,High,truck,,6.02780025
FKID007313,unplanned,vehicle_breakdown,closed,13.0146867,77.58517,Bellary Road 1,North Zone 2,R.T. Nagar,unknown,2023-12-29 02:10:33.087000+00:00,7,4,0,12,False,High,High,heavy_vehicle,[location] road cqal cross towards stak-15 vehicle break down army vehicle sir traffic slow movement,5.650573433333333
FKID007324,unplanned,road_conditions,closed,12.9067017,77.5448433,Non-corridor,South Zone 1,K.S. Layout,unknown,2023-12-29 06:36:03.140000+00:00,12,4,0,12,False,Low,Low,none,not close,835.9154337666666
FKID007325,unplanned,vehicle_breakdown,resolved,13.0083456,77.6959659,Non-corridor,East Zone 2,K.R. Pura,unknown,2023-12-29 06:42:53.527000+00:00,12,4,0,12,False,Low,Low,private_bus,ಡೀಸೆಲ್ ಖಾಲಿ ಯಾಗಿದೆ ಸರ್,59.644378100000004
FKID007331,unplanned,vehicle_breakdown,closed,12.9663838,77.6246368,Non-corridor,Central Zone 1,Halasur,unknown,2023-12-29 19:58:00.464000+00:00,1,5,1,12,False,Low,Low,lcv,,37.04358068333333
FKID007334,unplanned,vehicle_breakdown,closed,12.9635997,77.5893711,Non-corridor,Central Zone 2,Halasuru Gate,unknown,2023-12-29 22:06:36.008000+00:00,3,5,1,12,False,Low,Low,private_car,,14.661843316666667
FKID007335,unplanned,vehicle_breakdown,closed,12.9556817,77.7184743,Varthur Road,East Zone 1,Whitefield,unknown,2023-12-29 22:50:17.599000+00:00,4,5,1,12,False,High,High,bmtc_bus,"bus breakdown due to starting issue at vibgyor junction, [location] towards [person] slow movement",11.872288033333332
FKID007336,unplanned,vehicle_breakdown,closed,12.9747267,77.6196317,Old Madras Road,Central Zone 2,Halasur,unknown,2023-12-29 22:56:45.966000+00:00,4,5,1,12,False,High,High,ksrtc_bus,vehicle break down,84.41191578333334
FKID007339,unplanned,others,closed,12.9759137,77.5867315,Non-corridor,Central Zone 2,Halasuru Gate,unknown,2023-12-30 00:00:04.109000+00:00,5,5,1,12,False,Low,Low,none,bmtc bus  no.   [vehicle]    depo no 23   puncture  at [location]  circle towards freedom park road [location],47.220114566666666
FKID007340,planned,construction,closed,13.1909485,77.6460691,Bellary Road 2,Unknown,Chikkajala,unknown,2023-12-30 00:32:10.723000+00:00,6,5,1,12,False,High,High,none,,134.01126233333332
FKID007346,unplanned,vehicle_breakdown,closed,12.9133942,77.6001199,Bannerghata Road,South Zone 2,Mico Layout,unknown,2023-12-30 05:02:34.568000+00:00,10,5,1,12,False,High,High,bmtc_bus,bmtc bus is off road due to break fail in [person] to [person],13.843773283333332
FKID007347,unplanned,others,closed,12.9504547,77.5372946,West of Chord Road,West Zone 2,Byatarayanapura,unknown,2023-12-30 05:26:57.449000+00:00,10,5,1,12,False,High,High,none,this vehicle off road in [location] sir [person] no problem sir,5701.036227866667
FKID007348,unplanned,vehicle_breakdown,closed,12.9814934,77.6085237,CBD 1,Central Zone 2,Shivajinagar,unknown,2023-12-30 05:29:05.511000+00:00,10,5,1,12,False,High,High,private_car,,55.216074733333336
FKID007351,unplanned,tree_fall,closed,12.9267084,77.577034,Non-corridor,West Zone 2,Banashankari,unknown,2023-12-30 05:46:57.744000+00:00,11,5,1,12,True,Low,Low,none,tree falling at [location] towards yadiyur meternity hospital jn in one side road blocked sir,53.0065693
FKID007353,unplanned,vehicle_breakdown,closed,13.019798,77.6528824,ORR North 1,North Zone 1,Banaswadi,unknown,2023-12-30 06:05:20.332000+00:00,11,5,1,12,False,High,High,heavy_vehicle,vehicle puncher,109.08034831666667
FKID007359,unplanned,vehicle_breakdown,closed,13.020954,77.5523526,Tumkur Road,West Zone 1,Yeshwanthpura,unknown,2023-12-30 19:16:28.780000+00:00,0,6,1,12,False,High,High,lcv,,20.733621333333335
FKID007363,unplanned,vehicle_breakdown,closed,13.0065611,77.5789749,Non-corridor,West Zone 2,Sadashivanagar,unknown,2023-12-30 22:25:04.839000+00:00,3,6,1,12,False,Low,Low,private_car,vehicle off road due to starting problem from maruti to bhashyam  junction,38.57169646666667
FKID007364,unplanned,construction,closed,13.1220978,77.6112107,Bellary Road 2,North Zone 2,Yelahanka,unknown,2023-12-30 23:15:31.529000+00:00,4,6,1,12,False,High,High,none,bagaluru cross service road [location] work sir,146.81543166666668
FKID007366,unplanned,accident,closed,12.93859975,77.57933491,Non-corridor,Central Zone 2,Basavanagudi,unknown,2023-12-31 00:28:20.913688+00:00,5,6,1,12,False,Low,Low,none,,18.1937805
FKID007367,unplanned,vehicle_breakdown,closed,12.9531342,77.5388561,West of Chord Road,West Zone 2,Byatarayanapura,unknown,2023-12-31 01:10:24.265000+00:00,6,6,1,12,False,High,High,ksrtc_bus,[location] roed bapuji nagar y jaction incamang sir,30.792283566666665
FKID007368,unplanned,accident,closed,12.9416075,77.6087435,Hosur Road,South Zone 2,Adugodi,unknown,2023-12-31 01:13:13.601000+00:00,6,6,1,12,False,High,High,none,accident at [location] main road,2.026038183333333
FKID007372,unplanned,vehicle_breakdown,closed,13.0421078,77.515141,Tumkur Road,West Zone 1,Peenya,unknown,2023-12-31 02:36:34.025000+00:00,8,6,1,12,False,High,High,heavy_vehicle,,44.7709926
FKID007378,unplanned,vehicle_breakdown,closed,12.9636022,77.5779542,Mysore Road,Central Zone 2,City Market,unknown,2023-12-31 05:08:51.210000+00:00,10,6,1,12,True,High,High,bmtc_bus,[person],2.852992233333333
FKID007379,unplanned,vehicle_breakdown,closed,13.0154387,77.5539593,West of Chord Road,West Zone 1,Yeshwanthpura,unknown,2023-12-31 05:20:20.490000+00:00,10,6,1,12,False,High,High,ksrtc_bus,reccker is coming 15 mnt sir,61.04067213333334
FKID007380,unplanned,vehicle_breakdown,closed,13.0303077,77.5370664,Tumkur Road,West Zone 1,Yeshwanthpura,unknown,2023-12-31 05:34:40.921000+00:00,11,6,1,12,False,High,High,truck,5minutes it will clear sir,17.515266066666666
FKID007382,unplanned,vehicle_breakdown,closed,12.9791017,77.603105,Old Madras Road,Central Zone 2,Shivajinagar,unknown,2023-12-31 06:15:00.947000+00:00,11,6,1,12,False,High,High,bmtc_bus,"cubbon road towards brv jnc,opp to venson transport gate , wheel jam",108.22453145
FKID007383,unplanned,others,closed,13.0391439,77.6237102,Hennur Main Road,North Zone 1,K.G. Halli,unknown,2023-12-31 06:55:40.295000+00:00,12,6,1,12,False,High,High,none,bmtc bus punchere,217.64204871666666
FKID007384,unplanned,vehicle_breakdown,closed,12.9583875,77.5547121,Mysore Road,Central Zone 2,Chamarajpet,unknown,2023-12-31 08:28:31.872000+00:00,13,6,1,12,False,High,High,lcv,,19.045456016666666
FKID007386,unplanned,vehicle_breakdown,closed,12.9350617,77.6094426,Hosur Road,South Zone 2,Mico Layout,unknown,2023-12-31 08:52:59.715000+00:00,14,6,1,12,False,High,High,others,bus off-road due to gear problem,63.30696068333334
FKID007390,unplanned,vehicle_breakdown,closed,12.9713717,77.6195817,Old Madras Road,Central Zone 1,Halasur,unknown,2023-12-31 19:58:47.757000+00:00,1,0,0,1,False,High,High,heavy_vehicle,,98.99271175
FKID007393,unplanned,vehicle_breakdown,closed,13.0397251,77.5183633,Tumkur Road,West Zone 1,Peenya,unknown,2024-01-01 03:50:05.862000+00:00,9,0,0,1,False,High,High,bmtc_bus,"bmtc off road,   100 feet road, near [person], starting problem sir,",80.04287316666667
FKID007395,unplanned,vehicle_breakdown,closed,12.9651,77.5350967,West of Chord Road,West Zone 2,Vijayanagara,unknown,2024-01-01 05:06:15.334000+00:00,10,0,0,1,False,High,High,bmtc_bus,vehicle joint cut down,52.70662574999999
FKID007396,unplanned,vehicle_breakdown,closed,12.9823952,77.5934195,CBD 2,Central Zone 2,Cubbon Park,unknown,2024-01-01 06:19:09.818000+00:00,11,0,0,1,False,High,High,private_bus,gear box  jam problem.,52.0706338
FKID007397,unplanned,vehicle_breakdown,closed,12.9664629,77.6079133,Mysore Road,Central Zone 1,Ashok Nagar,unknown,2024-01-01 06:29:03.804000+00:00,11,0,0,1,False,High,High,bmtc_bus,"ಈ ಎಲೆಕ್ಟ್ರಿಕ್ ಬಿಎಂಟಿಸಿ  ಬಸ್ ಮದರ್ ತೆರೇಸಾ ಜಂಕ್ಷನ್ ಇಂದ ಸಿಗ್ನಲ್ ಲೈಟ್ ಜಂಕ್ಷನ್ ಹೋಗುವ ಮಧ್ಯದಲ್ಲಿ ಕೆಟ್ಟು ನಿಂತಿದ್ದು ಸಂಚಾರ ಸ್ವಲ್ಪ ನಿಧಾನಗತಿಯಲ್ಲಿದೆ, ಸರ್",14.00793095
FKID007398,unplanned,vehicle_breakdown,closed,13.0298049,77.5380274,Tumkur Road,West Zone 1,Yeshwanthpura,unknown,2024-01-01 07:40:00.779000+00:00,13,0,0,1,False,High,High,ksrtc_bus,starting problem goraguntepalya towards cmti junction traffic no problem sir,21.827275766666666
FKID007400,unplanned,vehicle_breakdown,closed,12.9541233,77.5438833,Mysore Road,West Zone 2,Byatarayanapura,unknown,2024-01-02 02:26:47.270000+00:00,7,1,0,1,False,High,High,heavy_vehicle,[person] problem,32.07267888333333
FKID007402,unplanned,vehicle_breakdown,closed,13.0568566,77.5469399,Non-corridor,North Zone 1,Jalahalli,unknown,2024-01-01 19:59:17.707000+00:00,1,1,0,1,False,Low,Low,bmtc_bus,,4.56995985
FKID007403,unplanned,others,closed,12.9217342,77.580465,Non-corridor,South Zone 1,Jayanagara,unknown,2024-01-01 21:22:56.471000+00:00,2,1,0,1,False,Low,Low,none,hgv vehicle bearing problem sir,249.60434840000002
FKID007407,unplanned,vehicle_breakdown,closed,12.9760128,77.5645174,Magadi Road,Central Zone 2,Magadi Road,unknown,2024-01-01 23:03:04.439000+00:00,4,1,0,1,False,High,High,others,diesel fuel empty,12.483802816666667
FKID007409,unplanned,vehicle_breakdown,closed,12.9877553,77.520629,Magadi Road,West Zone 1,Kamakshipalya,unknown,2024-01-02 00:14:45.099000+00:00,5,1,0,1,False,High,High,bmtc_bus,,111.84865853333334
FKID007411,unplanned,vehicle_breakdown,closed,12.9869466,77.5191472,Magadi Road,West Zone 1,Kamakshipalya,unknown,2024-01-02 01:05:29.024000+00:00,6,1,0,1,False,High,High,heavy_vehicle,,30.268775783333336
FKID007413,unplanned,vehicle_breakdown,closed,12.9826741,77.5679644,Non-corridor,Central Zone 2,Sheshadripuram,unknown,2024-01-02 02:33:14.602000+00:00,8,1,0,1,False,Low,Low,heavy_vehicle,kode to [person] near [location] bus stop creen of load sir 30 minits go sir,69.81026415
FKID007418,unplanned,vehicle_breakdown,closed,12.9725137,77.5817252,Non-corridor,Central Zone 2,Halasuru Gate,unknown,2024-01-02 06:13:44.277000+00:00,11,1,0,1,False,Low,Low,bmtc_bus,wheel jaam,42.39773146666666
FKID007420,unplanned,vehicle_breakdown,closed,12.9247699,77.5508489,ORR West 1,West Zone 1,Banashankari,unknown,2024-01-02 07:16:02.706000+00:00,12,1,0,1,False,High,High,heavy_vehicle,traffic moving slow,38.30005405
FKID007423,unplanned,vehicle_breakdown,closed,12.9256633,77.617345,Hosur Road,South Zone 2,Madiwala,unknown,2024-01-02 19:06:04.654000+00:00,0,2,0,1,False,High,High,lcv,,49.44120266666666
FKID007431,unplanned,vehicle_breakdown,closed,13.0991774,77.5973094,Bellary Road 2,North Zone 2,Yelahanka,unknown,2024-01-02 23:08:09.251000+00:00,4,2,0,1,True,High,High,bmtc_bus,sir a [location] bus offroad dueto air leakage at sante circle sir.,69.21877518333334
FKID007432,unplanned,vehicle_breakdown,closed,12.9933885,77.574254,Non-corridor,Central Zone 2,Sheshadripuram,unknown,2024-01-02 23:27:19.950000+00:00,4,2,0,1,False,Low,Low,others,starting problem,30.86997373333333
FKID007434,unplanned,others,closed,13.0381439,77.5210729,Tumkur Road,West Zone 1,Peenya,unknown,2024-01-02 23:55:34.418000+00:00,5,2,0,1,False,High,High,none,[location] workers cleaning at peenya flyover  towards city traffic one side movement,2644.8609572
FKID007435,unplanned,vehicle_breakdown,closed,13.0288242,77.6313872,Airport New South Road,North Zone 1,K.G. Halli,unknown,2024-01-03 02:05:37.026000+00:00,7,2,0,1,False,High,High,heavy_vehicle,stating prablm,107.1355658
FKID007437,unplanned,others,closed,12.9562983,77.54672,Mysore Road,West Zone 2,Byatarayanapura,unknown,2024-01-03 04:27:46.175000+00:00,9,2,0,1,False,High,High,none,off road [person] junction incoming side sir,9569.963386149999
FKID007439,unplanned,vehicle_breakdown,closed,12.9539526,77.500882,Non-corridor,West Zone 1,Jnanabharathi,unknown,2024-01-03 05:18:46.988000+00:00,10,2,0,1,False,Low,Low,bmtc_bus,bmtc bus off road agide sir,52.883968483333334
FKID007441,unplanned,vehicle_breakdown,closed,12.9733973,77.6111281,Old Madras Road,Central Zone 1,Ashok Nagar,unknown,2024-01-03 05:27:42.130000+00:00,10,2,0,1,False,High,High,bmtc_bus,"in front  0f mayo hall court, traffic slow from residence road towards mayo hall signal.",65.14124903333332
FKID007443,unplanned,others,closed,13.01849405,77.55834315,Tumkur Road,West Zone 2,Yeshwanthpura,unknown,2024-01-03 05:53:28.522000+00:00,11,2,0,1,False,High,High,none,water leakage problem at msr sir,8118.740448533334
FKID007445,unplanned,vehicle_breakdown,closed,12.9840518,77.5747623,Non-corridor,Central Zone 2,Sheshadripuram,unknown,2024-01-03 06:09:28.278000+00:00,11,2,0,1,False,Low,Low,bmtc_bus,kino junction to [person] circle bmtc bus puncture sir,37.56076245
FKID007446,unplanned,vehicle_breakdown,closed,12.93285285,77.51630304,Non-corridor,West Zone 1,Kengeri,unknown,2024-01-03 06:15:42.955000+00:00,11,2,0,1,False,Low,Low,bmtc_bus,vehicle clutch plate problem,67.65367151666666
FKID007448,unplanned,vehicle_breakdown,closed,12.9344827,77.6296614,Non-corridor,South Zone 2,Adugodi,unknown,2024-01-04 21:31:36.994000+00:00,3,4,0,1,False,Low,Low,bmtc_bus,,33.47803065
FKID007449,unplanned,vehicle_breakdown,closed,12.9560905,77.6056897,Hosur Road,Central Zone 1,Ashok Nagar,unknown,2024-01-03 06:21:44.345000+00:00,11,2,0,1,True,High,High,heavy_vehicle,hossur road off road lare [location] junction madam,113.5855103
FKID007450,planned,protest,closed,12.9666312,77.6094453,Mysore Road,Central Zone 1,Ashok Nagar,unknown,2024-01-03 07:56:22.136000+00:00,13,2,0,1,False,High,High,none,,30.6651656
FKID007458,unplanned,vehicle_breakdown,closed,12.9574145,77.5522863,Mysore Road,Central Zone 2,Chamarajpet,unknown,2024-01-03 20:08:46.458000+00:00,1,3,0,1,False,High,High,heavy_vehicle,ಬ್ರೇಕ್ ಸಮಸ್ಯೆ ಯಾಗಿದೆ ಸರ್,75.1806598
FKID007459,unplanned,vehicle_breakdown,closed,12.9531804,77.5416369,Mysore Road,West Zone 2,Byatarayanapura,unknown,2024-01-03 20:24:39.040000+00:00,1,3,0,1,False,High,High,bmtc_bus,outgoing traffic movement one side movment hogtide,21.039561
FKID007462,unplanned,road_conditions,closed,12.90708248,77.54605802,Non-corridor,South Zone 1,K.S. Layout,unknown,2024-01-03 21:08:03.340000+00:00,2,3,0,1,False,Low,Low,none,due road digging vehicle flowing slow moment,737.9011989666667
FKID007464,unplanned,others,closed,12.9603888,77.606344,Hosur Road,Central Zone 1,Ashok Nagar,unknown,2024-01-03 21:29:16.148000+00:00,2,3,0,1,False,High,High,none,ರೋಡ್ ಮಧ್ಯ ಭಾಗದಿಂದ ಸೈಡಿಗೆ ಹಾಕಿಸಿ ಏನು [person] ಇಲ್ಲ,514.82014045
FKID007472,unplanned,vehicle_breakdown,closed,13.0292598,77.5365019,Tumkur Road,West Zone 1,Yeshwanthpura,unknown,2024-01-04 02:22:01.128000+00:00,7,3,0,1,False,High,High,bmtc_bus,front tyre puncher traffic no problem,88.48042575
FKID007475,unplanned,vehicle_breakdown,closed,12.9586094,77.5932265,Non-corridor,Central Zone 1,Halasuru Gate,unknown,2024-01-04 05:22:49.170000+00:00,10,3,0,1,False,Low,Low,bmtc_bus,double gear problem,25.391993083333332
FKID007477,unplanned,vehicle_breakdown,closed,12.9802583,77.5726617,Non-corridor,Central Zone 2,Upparpet,unknown,2024-01-04 05:55:52.346000+00:00,11,3,0,1,False,Low,Low,bmtc_bus,engine problem sir,152.09387653333334
FKID007480,unplanned,vehicle_breakdown,closed,12.9613113,77.5614505,Mysore Road,Central Zone 2,Chamarajpet,unknown,2024-01-04 06:37:12.946000+00:00,12,3,0,1,False,High,High,private_bus,incoming bgs on flyover,6.5506378666666665
FKID007485,unplanned,others,closed,12.9754498,77.5756935,Non-corridor,Central Zone 2,Upparpet,unknown,2024-01-04 20:13:14.551000+00:00,1,4,0,1,False,Low,Low,none,ಡಿಪೋ ನಂಬರ್ 2 ಶಾಂತಿನಗರ bmtc ಬಸ್ ನಂಬರ್ [vehicle] ಬಸ್ಸಿನ ಕ್ಲಚ್ ಜಾಮ್ ಆಗಿರುವುದರಿಂದ ಬಸ್ move ಆಗುತ್ತಿರುವುದಿಲ್ಲ ಸರ್.,49.2566289
FKID007488,unplanned,vehicle_breakdown,closed,13.0436448,77.5092261,Tumkur Road,West Zone 1,Peenya,unknown,2024-01-04 21:44:28.375000+00:00,3,4,0,1,False,High,High,heavy_vehicle,[location] station on flyover miltry goods vehicle off-road towards parle g toll vehicle traffic one side movement,39.017603816666664
FKID007489,unplanned,others,closed,12.9961133,77.596,Non-corridor,Central Zone 2,R.T. Nagar,unknown,2024-01-04 22:09:42.211000+00:00,3,4,0,1,False,Low,Low,none,[person] gate towards old udaya tv bwss water lagging sir slow movement traffic sir,48.781621566666665
FKID007494,unplanned,vehicle_breakdown,closed,13.01479,77.5637517,Tumkur Road,West Zone 2,Yeshwanthpura,unknown,2024-01-04 23:06:47.031000+00:00,4,4,0,1,False,High,High,bmtc_bus,off-road due to wheel axle cut,84.45260125
FKID007496,unplanned,vehicle_breakdown,closed,12.9638691,77.5846174,Mysore Road,Central Zone 2,Halasuru Gate,unknown,2024-01-04 23:17:35.075000+00:00,4,4,0,1,True,High,High,bmtc_bus,starting prabalm break down aagide,12.8051816
FKID007499,unplanned,vehicle_breakdown,closed,12.9749058,77.565832,Magadi Road,Central Zone 2,Magadi Road,unknown,2024-01-04 23:57:43.280000+00:00,5,4,0,1,False,High,High,bmtc_bus,off-road due to starting problem yashwanthpura dipo number 08,98.5958793
FKID007505,unplanned,vehicle_breakdown,closed,12.977485,77.590915,Non-corridor,Central Zone 2,Cubbon Park,unknown,2024-01-05 02:44:31.738000+00:00,8,4,0,1,False,Low,Low,bmtc_bus,"bmtc bus punchered at gopalgowda circle towards [location] circle, there will be no obstruction to the smooth movement of vehicles.",64.04493938333333
FKID007509,unplanned,others,closed,12.9758546,77.5746967,Non-corridor,Central Zone 2,Upparpet,unknown,2024-01-05 06:17:15.352000+00:00,11,4,0,1,False,Low,Low,none,ಬಿಎಂಟಿಸಿ ಬಸ್ ಸ್ಟಾಟಿಂಗ ಪ್ರಾಬ್ಲಂ ನಿಂದ ರಸ್ತೆಯ  ಎಡಬದಿರುತ್ತದೆ ವಾಹನ ಸಂಚಾರಕ್ಕೆ ಯಾವುದೇ ತೊಂದರೆ ಇರುವುದಿಲ್ಲ,136.34130586666666
FKID007510,unplanned,vehicle_breakdown,closed,13.1020634,77.5863894,Non-corridor,North Zone 2,Yelahanka,unknown,2024-01-05 07:32:42.304000+00:00,13,4,0,1,False,Low,Low,bmtc_bus,break down,20.333616316666667
FKID007513,unplanned,others,closed,12.9526205,77.5414274,Mysore Road,West Zone 2,Byatarayanapura,unknown,2024-01-05 08:42:20.304000+00:00,14,4,0,1,False,High,High,none,traffic no problem,1009.0097056333333
FKID007514,unplanned,vehicle_breakdown,closed,12.9251594,77.5502933,ORR West 1,West Zone 1,Banashankari,unknown,2024-01-05 08:46:07.435000+00:00,14,4,0,1,False,High,High,lcv,tt vehicale break down  innear katriguppe juction. [location],58.62555233333333
FKID007521,unplanned,vehicle_breakdown,closed,13.0217114,77.5515223,Tumkur Road,West Zone 1,Yeshwanthpura,unknown,2024-01-05 20:06:40.819000+00:00,1,5,1,1,False,High,High,others,starting problem,10.109160483333334
FKID007527,unplanned,vehicle_breakdown,closed,12.9932732,77.5714333,Non-corridor,Central Zone 2,Sheshadripuram,unknown,2024-01-05 23:57:19.973000+00:00,5,5,1,1,False,Low,Low,bmtc_bus,joint problems,113.74449883333334
FKID007531,unplanned,vehicle_breakdown,resolved,13.0177861,77.5555791,ORR North 1,West Zone 2,Banaswadi,unknown,2024-01-06 02:10:42.791000+00:00,7,5,1,1,False,High,High,bmtc_bus,ಕಲ್ಯಾಣ ನಗರ ಸ್ಕೈ ವಾಕ್ ಹತ್ತಿರ ಬಸ್ ಆಫರೋಡ್ ಆಗಿರುತ್ತದೆ.,31.18116183333333
FKID007532,unplanned,vehicle_breakdown,closed,12.9357695,77.5134563,Mysore Road,West Zone 1,Jnanabharathi,unknown,2024-01-06 02:24:11.040000+00:00,7,5,1,1,False,High,High,ksrtc_bus,ksrtc bus break down agiruttade sir,19.299157533333336
FKID007534,unplanned,vehicle_breakdown,closed,13.0850037,77.5944742,Bellary Road 2,North Zone 1,Yelahanka,unknown,2024-01-06 05:26:19.155000+00:00,10,5,1,1,False,High,High,heavy_vehicle,,73.59852533333333
FKID007536,unplanned,vehicle_breakdown,closed,13.080204,77.5924959,Bellary Road 2,North Zone 1,Yelahanka,unknown,2024-01-06 06:39:55.949000+00:00,12,5,1,1,False,High,High,taxi,,78.13917339999999
FKID007542,unplanned,vehicle_breakdown,closed,12.9730421,77.5811612,Non-corridor,Central Zone 2,Upparpet,unknown,2024-01-06 08:37:02.517000+00:00,14,5,1,1,False,Low,Low,private_car,police eritiga vehicle wheel jam,24.724994433333332
FKID007543,unplanned,vehicle_breakdown,closed,12.9576689,77.5530492,Mysore Road,Central Zone 2,Chamarajpet,unknown,2024-01-06 09:03:12.899000+00:00,14,5,1,1,False,High,High,heavy_vehicle,hgv vehicle off road agide sir incoming side traffic slow moving ide sir,22.789760966666666
FKID007546,unplanned,vehicle_breakdown,closed,13.0083753,77.6925957,Non-corridor,East Zone 2,K.R. Pura,unknown,2024-01-06 19:25:46.577000+00:00,0,6,1,1,True,Low,Low,private_car,,32.0253361
FKID007547,unplanned,vehicle_breakdown,closed,13.0933167,77.5970884,Bellary Road 2,North Zone 2,Yelahanka,unknown,2024-01-06 20:32:24.682000+00:00,2,6,1,1,False,High,High,lcv,,108.3117811
FKID007548,unplanned,others,closed,13.0402367,77.6240333,Hennur Main Road,North Zone 1,Hennuru,unknown,2024-01-06 20:33:03.455000+00:00,2,6,1,1,False,High,High,none,ನಮಸ್ತೆ ಸರ್ ನಾಗವಾರ ಜಂಕ್ಷನ್ ಟುವರ್ಡ್ ವೀರಣ್ಣ ಪಾಳ್ಯ ಸರ್ವಿಸ್ ರಸ್ತೆಯಲ್ಲಿ ಬಿ ಡಬ್ಲ್ಯೂ ಎಸ್ ಎಸ್ ಬಿ ಪೈಪ್ ವರ್ಕ್ ನಡೆಯುತ್ತಿದ್ದು ಟ್ರಾಫಿಕ್ ಲೋ ಮೂವ್ಮೆಂಟ್ ಇರುತ್ತದೆ ಸರ್,6290.720822316666
FKID007549,unplanned,vehicle_breakdown,closed,13.0933004,77.5970311,Bellary Road 2,North Zone 2,Yelahanka,unknown,2024-01-06 20:49:09.323000+00:00,2,6,1,1,False,High,High,heavy_vehicle,,99.97760308333334
FKID007553,unplanned,others,closed,12.9773739,77.5853664,Non-corridor,Central Zone 2,Halasuru Gate,unknown,2024-01-06 21:15:26.201000+00:00,2,6,1,1,False,Low,Low,none,"ಆಯಿಲ್ ಓಸ್ ಕ್ಲಿಕೇಜ್ ಪ್ರಾಬ್ಲಮ್ ಇಂದ ಶೇಷಾದ್ರಿ ರೋಡ್, ಎಸ್ ಜೆ ಪಿ ಕಾಲೇಜು ಮುಂಭಾಗದಲ್ಲಿ ಅಪ್ಲೋಡ್ ಆಗಿರುತ್ತದೆ ಸರ್, ಬಸ್ ಚಾಲಕರು ಮೆಕಾನಿಕ್ ಅನ್ನು ಸಂಪರ್ಕಿಸಿದ್ದು ಮೆಕ್ಯಾನಿಕ್ ರವರು ಬಂದ ತಕ್ಷಣ ರಿಮೋವ್ವಾಗುತ್ತದೆ ಸರ್  🙏",7085.860700483333
FKID007556,unplanned,vehicle_breakdown,closed,12.9114476,77.5858614,Non-corridor,South Zone 1,J.P. Nagar,unknown,2024-01-06 22:09:29.396000+00:00,3,6,1,1,False,Low,Low,bmtc_bus,traffic slow moving sir,114.12928961666667
FKID007557,unplanned,others,closed,13.094135,77.5973271,Bellary Road 2,North Zone 2,Yelahanka,unknown,2024-01-06 22:20:46.214000+00:00,3,6,1,1,False,High,High,none,cleaning work coffee day towards airport sir,510.95003963333335
FKID007558,unplanned,others,closed,13.014608,77.5840855,Bellary Road 1,North Zone 2,Sadashivanagar,unknown,2024-01-06 23:30:52.349000+00:00,5,6,1,1,False,High,High,none,car offload near stock 15,10.293404816666667
FKID007560,planned,construction,closed,12.9314883,77.62259614,IRR(Thanisandra road),South Zone 2,Adugodi,unknown,2024-01-07 00:29:30.565000+00:00,5,6,1,1,True,High,High,none,"ನಮಸ್ತೆ ಸರ್ 
ಕೋರಮಂಗಲ ಬಿಡಿಎ ಜಂಕ್ಷನ್ ನಿಂದ ವಾಟರ್ ಟ್ಯಾಂಕ್ ಜಂಕ್ಷನ್ ಕಡೆಗೆ ಹೋಗುವ ಮಾರ್ಗದಲ್ಲಿ ಪ್ಲೇ ಓವರ್ ಕಾಮಗಾರಿಗಾಗಿ ಮರ ಕಡಿಯುತ್ತಿರುವುದರಿಂದ  ವಾಹನ ಸವಾರರಿಗೆ ಬದಲಿ ಮಾರ್ಗದಲ್ಲಿ ಹೋಗುವಂತೆ ಸೂಚಿಸಿದೆ. ವಾಹನಗಳು ಕಡಿಮೆ ಇರುವುದರಿಂದ ಯಾವುದೇ ಸಂಚಾರ ದಟ್ಟಣೆ  ಇರುವುದಿಲ್ಲ.",64.20182368333333
FKID007561,unplanned,vehicle_breakdown,closed,12.9678355,77.5873773,Mysore Road,Central Zone 2,Halasuru Gate,unknown,2024-01-07 00:58:20.745000+00:00,6,6,1,1,False,High,High,private_bus,,18.165073833333334
FKID007562,unplanned,accident,resolved,12.921751,77.6617091,ORR East 1,South Zone 2,Bellandur,unknown,2024-01-07 00:52:53.583000+00:00,6,6,1,1,False,High,High,none,send to ps,34.19998446666667
FKID007563,unplanned,accident,closed,12.9215257,77.661963,ORR East 1,South Zone 2,Bellandur,unknown,2024-01-07 00:51:04.214842+00:00,6,6,1,1,False,High,High,none,,36.9388623
FKID007564,unplanned,vehicle_breakdown,closed,12.9598114,77.5043572,Non-corridor,West Zone 1,Jnanabharathi,unknown,2024-01-07 01:27:56.024000+00:00,6,6,1,1,False,Low,Low,bmtc_bus,,39.72012806666667
FKID007566,unplanned,vehicle_breakdown,closed,13.0426306,77.5908214,Bellary Road 1,North Zone 1,Hebbala,unknown,2024-01-07 04:27:09.206000+00:00,9,6,1,1,False,High,High,bmtc_bus,,25.16234988333333
FKID007567,unplanned,vehicle_breakdown,closed,13.0566142,77.546737,Non-corridor,North Zone 2,Jalahalli,unknown,2024-01-07 05:04:06.729000+00:00,10,6,1,1,False,Low,Low,bmtc_bus,[person] downe,43.97861021666667
FKID007568,unplanned,vehicle_breakdown,closed,12.8890533,77.56386,Non-corridor,South Zone 1,Thalagattapura,unknown,2024-01-07 06:38:38.956000+00:00,12,6,1,1,False,Low,Low,bmtc_bus,vehicle front tyre blast,34.984809266666666
FKID007569,unplanned,others,closed,12.97161519,77.60650878,Mysore Road,Central Zone 1,Ashok Nagar,unknown,2024-01-07 06:54:11.157000+00:00,12,6,1,1,True,High,High,none,"today programme [person] kunita g 3 bus stop, traffic is slow moment",799.62619265
FKID007571,unplanned,vehicle_breakdown,closed,13.0933773,77.5956407,Bellary Road 2,North Zone 2,Yelahanka,unknown,2024-01-07 08:24:38.017000+00:00,13,6,1,1,False,High,High,private_car,[person] railway underpass towards city traffic movement slow sir,9.80724695
FKID007573,unplanned,construction,closed,13.0979016,77.5982923,Bellary Road 2,North Zone 2,Yelahanka,unknown,2024-01-07 10:58:11.378000+00:00,16,6,1,1,True,High,High,none,[person] towards sante circle road close due to road work,487.25248725
FKID007574,unplanned,vehicle_breakdown,closed,12.951396,77.5370097,West of Chord Road,West Zone 2,Byatarayanapura,unknown,2024-01-07 16:52:54.291000+00:00,22,6,1,1,False,High,High,others,vehicle starting problem,93.61899465
FKID007575,planned,procession,closed,12.936476,77.6064183,Non-corridor,South Zone 2,Mico Layout,unknown,2024-01-07 18:37:53.907000+00:00,0,0,0,1,False,Low,Low,none,christ university marthon,32.37109683333333
FKID007578,unplanned,vehicle_breakdown,closed,12.92542,77.6175917,Hosur Road,South Zone 2,Madiwala,unknown,2024-01-07 20:18:55.842000+00:00,1,0,0,1,False,High,High,private_bus,[person] towerds sp road ayyappa under pass alli bbmp office hattir bus air lock agide sir 20 minute tegisalgufu,32.954886933333334
FKID007582,unplanned,vehicle_breakdown,closed,12.9622758,77.5942584,Non-corridor,Central Zone 2,Halasuru Gate,unknown,2024-01-07 23:26:22.227000+00:00,4,0,0,1,False,Low,Low,bmtc_bus,,4.599644433333333
FKID007585,unplanned,vehicle_breakdown,closed,13.0157986,77.5539989,Tumkur Road,West Zone 1,Yeshwanthpura,unknown,2024-01-08 02:30:53.414000+00:00,8,0,0,1,False,High,High,bmtc_bus,breakdown,19.72779615
FKID007587,unplanned,others,closed,13.0102588,77.6980801,Non-corridor,East Zone 2,K.R. Pura,unknown,2024-01-08 04:48:41.703000+00:00,10,0,0,1,False,Low,Low,none,near by grt junction 3 hours parking towards city sir,192.62937578333333
FKID007588,unplanned,vehicle_breakdown,closed,12.9755237,77.5872875,Non-corridor,Central Zone 2,Halasuru Gate,unknown,2024-01-08 06:43:49.029000+00:00,12,0,0,1,False,Low,Low,private_bus,ಕೆ ಆರ್ ಸರ್ಕಲ್ ಜಂಕ್ಷನ್ ನಲ್ಲಿ ಬಸ್ ಆಫ್ ರೋಡ್ ಆಗಿದ್ದು ಸೈಡ್ ನಲ್ಲಿ ಇರುತ್ತದೆ ಟ್ರಾಫಿಕ್ ಮೂವ್ಮೆಂಟ್ ಗೆ ಯಾವುದೇ [person] ಇರುವುದಿಲ್ಲ,88.78084009999999
FKID007596,unplanned,vehicle_breakdown,closed,12.9506387,77.4988418,Non-corridor,West Zone 1,Jnanabharathi,unknown,2024-01-08 20:10:03.148000+00:00,1,1,0,1,False,Low,Low,bmtc_bus,bmtc bus gear lock agi kettu ನಿಂತಿರುತ್ತದ,44.9643523
FKID007601,unplanned,vehicle_breakdown,closed,12.9215181,77.560083,ORR West 1,South Zone 1,Banashankari,unknown,2024-01-08 21:13:04.445000+00:00,2,1,0,1,False,High,High,bmtc_bus,no problem traffic slow movement towards attimabbe jn from puttaligaiah junction,92.29439425000001
FKID007602,unplanned,vehicle_breakdown,closed,12.9284666,77.5458777,ORR West 1,West Zone 2,Banashankari,unknown,2024-01-08 21:27:11.688000+00:00,2,1,0,1,False,High,High,lcv,tempo truck break  down,13.011559016666666
FKID007604,unplanned,construction,closed,12.9742764,77.6106961,Old Madras Road,Central Zone 1,Ashok Nagar,unknown,2024-01-08 23:28:12.715000+00:00,4,1,0,1,False,High,High,none,ಸ್ಟಾರ್ಟಿಂಗ್ problem,28.811124983333332
FKID007611,unplanned,vehicle_breakdown,closed,12.9576748,77.5031956,Non-corridor,West Zone 1,Jnanabharathi,unknown,2024-01-09 03:28:48.640000+00:00,8,1,0,1,False,Low,Low,bmtc_bus,bmtc electric bus staring lock sir,77.15126758333334
FKID007612,unplanned,vehicle_breakdown,closed,12.9746483,77.5702833,Non-corridor,Central Zone 2,Chamarajpet,unknown,2024-01-09 03:42:24.778000+00:00,9,1,0,1,False,Low,Low,bmtc_bus,,44.57315223333333
FKID007616,unplanned,vehicle_breakdown,closed,12.9166554,77.6017984,Bannerghata Road,South Zone 2,Mico Layout,unknown,2024-01-09 06:11:44.643000+00:00,11,1,0,1,False,High,High,others,btm 16 th main jn to [person] between,71.91043833333333
FKID007617,unplanned,accident,closed,12.9840929,77.6412627,Old Madras Road,Central Zone 1,Jeevanbheemanagar,unknown,2024-01-09 06:14:59.987000+00:00,11,1,0,1,False,High,High,none,wheel jam traffic slow movement,65.42554686666666
FKID007618,unplanned,vehicle_breakdown,closed,13.018784,77.7076166,Non-corridor,East Zone 2,K.R. Pura,unknown,2024-01-09 06:17:44.007000+00:00,11,1,0,1,True,Low,Low,others,starting problem,15.258431183333332
FKID007619,unplanned,others,closed,12.9454392,77.5963449,Non-corridor,Central Zone 2,Wilson Garden,unknown,2024-01-09 07:05:18.372000+00:00,12,1,0,1,False,Low,Low,none,off road,19.3046751
FKID007620,unplanned,vehicle_breakdown,closed,12.9833718,77.6405569,Old Madras Road,Central Zone 1,Jeevanbheemanagar,unknown,2024-01-09 07:14:23.964000+00:00,12,1,0,1,False,High,High,others,2nd main [person] towards 100feet om road sir,18.503100483333334
FKID007621,unplanned,vehicle_breakdown,closed,12.9789875,77.6031384,Old Madras Road,Central Zone 2,Shivajinagar,unknown,2024-01-09 09:07:53.871000+00:00,14,1,0,1,False,High,High,bmtc_bus,gear box problem,30.67291765
FKID007623,unplanned,vehicle_breakdown,closed,12.8562547,77.6647587,Non-corridor,Unknown,Electronic City,unknown,2024-01-09 17:34:20.359000+00:00,23,1,0,1,False,Low,Low,heavy_vehicle,vehicle off road one side vehicle moving slowly,45.34402125
FKID007626,unplanned,others,closed,12.9368035,77.5173112,Mysore Road,West Zone 1,Byatarayanapura,unknown,2024-01-09 19:57:30.267000+00:00,1,2,0,1,False,High,High,none,[location] road [location] outgoing side eicher vehicle off road sir traffic no problem sir,172.3003701833333
FKID007627,unplanned,vehicle_breakdown,closed,13.0315132,77.535623,Tumkur Road,West Zone 1,Yeshwanthpura,unknown,2024-01-09 20:31:37.609000+00:00,2,2,0,1,False,High,High,heavy_vehicle,air lock aagide .. traffic no problem,17.292980683333333
FKID007631,unplanned,vehicle_breakdown,closed,12.9160149,77.5650786,ORR West 1,South Zone 1,Banashankari,unknown,2024-01-09 21:13:53.435000+00:00,2,2,0,1,False,High,High,heavy_vehicle,joint cut,113.13550690000001
FKID007641,unplanned,vehicle_breakdown,closed,13.0187009,77.5584531,Tumkur Road,West Zone 2,Yeshwanthpura,unknown,2024-01-10 03:21:20.671000+00:00,8,2,0,1,False,High,High,lcv,vechicle breakdown at  yashwanthpur fly over incoming near dcp office sir.,31.054842
FKID007643,unplanned,vehicle_breakdown,closed,13.1216737,77.6108741,Bellary Road 2,North Zone 2,Yelahanka,unknown,2024-01-10 03:50:08.478000+00:00,9,2,0,1,False,High,High,heavy_vehicle,bagaluru cross onflyover to wards city bbmp [person] starting problem sir traffic normal mument sir,42.82857215
FKID007645,unplanned,vehicle_breakdown,closed,13.0959687,77.5951418,Bellary Road 2,North Zone 2,Yelahanka,unknown,2024-01-10 05:20:33.482000+00:00,10,2,0,1,False,High,High,bmtc_bus,,44.67258238333333
FKID007648,unplanned,vehicle_breakdown,closed,12.9841979,77.6424961,Old Madras Road,Central Zone 1,Jeevanbheemanagar,unknown,2024-01-10 07:14:53.554000+00:00,12,2,0,1,False,High,High,bmtc_bus,,12.342886116666667
FKID007649,unplanned,vehicle_breakdown,closed,12.925018,77.6177729,Hosur Road,South Zone 2,Madiwala,unknown,2024-01-10 08:19:02.494000+00:00,13,2,0,1,False,High,High,bmtc_bus,ayyappa to sp road under pass nalli bus breckdown agiruttde sir . traffic one side hogta  ede.,46.56802951666667
FKID007650,unplanned,construction,closed,12.9635623,77.5767354,Mysore Road,Central Zone 2,City Market,unknown,2024-01-10 11:27:01.520000+00:00,16,2,0,1,True,High,High,none,ಬಿಬಿಎಂಪಿ ರಸ್ತೆ ಕಾಮಗಾರಿ,428.7790138333333
FKID007652,unplanned,vehicle_breakdown,closed,12.9955903,77.6166919,Non-corridor,North Zone 1,Pulikeshinagar(F.Town),unknown,2024-01-10 19:27:08.997000+00:00,0,3,0,1,False,Low,Low,bmtc_bus,na,48.712875966666665
FKID007653,unplanned,vehicle_breakdown,closed,12.9747138,77.5487765,West of Chord Road,West Zone 2,Magadi Road,unknown,2024-01-10 19:31:07.512000+00:00,1,3,0,1,False,High,High,bmtc_bus,off-road due to starting problem bus dipo number 31,25.0307267
FKID007664,unplanned,others,closed,13.1258669,77.6114141,Bellary Road 2,North Zone 2,Yelahanka,unknown,2024-01-10 23:50:10.043000+00:00,5,3,0,1,False,High,High,none,bagaluru onflyover to wards airport nhi painting work sir traffic normal mument sir,2680.5984291
FKID007671,unplanned,vehicle_breakdown,closed,12.944295,77.603045,Non-corridor,South Zone 2,Adugodi,unknown,2024-01-11 05:46:39.709000+00:00,11,3,0,1,False,Low,Low,bmtc_bus,bmtc bus break down due to self not work please inform to koramangala depo sir,59.11293991666666
FKID007672,unplanned,water_logging,closed,12.9747902,77.5705334,Non-corridor,Central Zone 2,Chamarajpet,unknown,2024-01-11 06:02:06.287000+00:00,11,3,0,1,False,Low,Low,none,"good evening sir, [person] ಶಾಂತಲಾ ಜಂಕ್ಷನ್ ಬಳಿ, ಆಂಜನೇಯ ದೇವಸ್ಥಾನದ ಕಾಂಪೌಂಡ್ ನಿಂದ ಮೋರಿ ನೀರು ಬ್ಲಾಕ್ ಆಗಿ ತುಂಬಿ ರಸ್ತೆಯಲ್ಲಿ ಹರಿಯುತ್ತಿದ್ದು, ವಾಹನ ಸಾವರಾರು ಸ್ಕಿಡ್ ಆಗಿ ಬೀಳುತ್ತಿದ್ದಾರೆ, ಸ",37.07593646666667
FKID007673,unplanned,vehicle_breakdown,closed,12.9453,77.527915,ORR West 1,West Zone 1,Byatarayanapura,unknown,2024-01-11 08:46:51.073000+00:00,14,3,0,1,False,High,High,bmtc_bus,nayandahalli junction incoming side [location] vehicle starting problem sir traffic no problem,17.198798399999998
FKID007675,unplanned,vehicle_breakdown,closed,12.9764526,77.5990981,Old Madras Road,Central Zone 1,Cubbon Park,unknown,2024-01-11 19:23:39.461000+00:00,0,4,0,1,False,High,High,ksrtc_bus,[location] bus off road due to sensor problem,75.95687948333332
FKID007683,unplanned,vehicle_breakdown,closed,12.9664358,77.6066593,Mysore Road,Central Zone 1,Ashok Nagar,unknown,2024-01-11 23:26:26.111000+00:00,4,4,0,1,True,High,High,private_car,break down sir,53.17549951666667
FKID007684,unplanned,pot_holes,closed,13.0435583,77.5906217,Bellary Road 1,North Zone 1,Kodigehalli,unknown,2024-01-12 01:28:29.653000+00:00,6,4,0,1,False,High,High,none,fly over joint miss maching,1293.5411368999999
FKID007685,unplanned,vehicle_breakdown,closed,12.967125,77.5873533,Mysore Road,Central Zone 2,Halasuru Gate,unknown,2024-01-12 01:43:42.095000+00:00,7,4,0,1,False,High,High,lcv,,50.004631583333335
FKID007690,unplanned,vehicle_breakdown,closed,13.0263399,77.6366103,ORR North 1,North Zone 1,Banaswadi,unknown,2024-01-12 04:53:12.703000+00:00,10,4,0,1,False,High,High,private_bus,school bus ಟೈರ್ ಪಂಚರ್ ಆಗಿದೆ.,20.11784905
FKID007691,unplanned,vehicle_breakdown,closed,12.9681339,77.6062498,Mysore Road,Central Zone 1,Ashok Nagar,unknown,2024-01-12 04:55:38.100000+00:00,10,4,0,1,False,High,High,lcv,vehicle cluch problem,52.991312916666665
FKID007692,unplanned,vehicle_breakdown,closed,12.9590877,77.57209,Non-corridor,Central Zone 2,V.V.Puram (C.Pet),unknown,2024-01-12 04:56:13.211000+00:00,10,4,0,1,False,Low,Low,bmtc_bus,ಮಕ್ಕಳಕೂಟ ಬಳಿ ಬಿಎಂಟಿಸಿ ಬಸ್ ಜಾಯಿಂಟ್ ಕಟ್ ಆಗಿರುತ್ತೆ ಸರ್ ಬಸ್ ಸೈಡ್ ಲ್ಲಿ ಇರುತ್ತೆ ಸಂಚಾರ ಕ್ಕೆ ಏನು [person] ಇರುವುದಿಲ್ಲ ಸರ್ [vehicle] ಡಿಪೋ ನಂ 33 ಉತ್ತರಹಳ್ಳಿ ಸರ್,76.29404848333334
FKID007697,unplanned,vehicle_breakdown,closed,13.0119756,77.5692386,Non-corridor,West Zone 2,Sadashivanagar,unknown,2024-01-12 05:22:54.082000+00:00,10,4,0,1,False,Low,Low,bmtc_bus,[person] upload duet brek cut,44.92868061666666
FKID007710,unplanned,road_conditions,closed,12.9679402,77.5926916,Mysore Road,Central Zone 2,Halasuru Gate,unknown,2024-01-12 20:09:40.273000+00:00,1,5,1,1,False,High,High,none,"oil leakage on rrmr road only( ,right )one side traffic is moving..e",270.9179471333333
FKID007711,unplanned,accident,closed,13.0950317,77.597495,Bellary Road 2,North Zone 2,Yelahanka,unknown,2024-01-12 20:22:13.835000+00:00,1,5,1,1,False,High,High,none,accident at yalanka coffee day sir,32.31531945
FKID007714,unplanned,others,closed,13.14276,77.6177623,Bellary Road 2,Unknown,Chikkajala,unknown,2024-01-12 20:41:11.274000+00:00,2,5,1,1,False,High,High,none,"ನಮಸ್ತೆ ಮೇಡಂ, ಹುಣಸೆಮಾರನಹಳ್ಳಿ ಫ್ಲೆವರ್ ಮೇಲೆ ಏರ್ಪೋರ್ಟ್ ಕಡೆ ಒಂದು ಈಚರ್ ವಾಹನವು ಅಪ್ಲೋಡ್ ಆಗಿರುತ್ತದೆ ಮೇಡಂ ಟ್ರಾಫಿಕ್ ಮೂಮೆಂಟ್ ಸ್ಲೋ ಆಗಿರುತ್ತದೆ sir",173.80799983333333
FKID007716,unplanned,vehicle_breakdown,closed,13.0298587,77.5370419,Tumkur Road,West Zone 1,Yeshwanthpura,unknown,2024-01-12 21:54:10.853000+00:00,3,5,1,1,False,High,High,heavy_vehicle,diesel empty cmti signal towards [location],18.4725225
FKID007718,unplanned,vehicle_breakdown,closed,12.9753275,77.6072089,Old Madras Road,Central Zone 1,Cubbon Park,unknown,2024-01-12 22:02:54.730000+00:00,3,5,1,1,False,High,High,truck,it will be removed in 20 minutes,9.1956618
FKID007721,unplanned,others,closed,12.934381,77.6102129,Hosur Road,South Zone 2,Madiwala,unknown,2024-01-12 23:44:26.837000+00:00,5,5,1,1,False,High,High,none,ತಾವರೇಕೆ ಚೆಕ್ ಪೋಸ್ಟ್ ಮಧ್ಯದಲ್ಲಿ ಬಿಎಮ್ಟಿಸಿ ಬಸ್ ಇಂಜಿನ್ ಆಯಿಲ್ ಪೈಪ್ ಕಟ್ ಆಗಿದೆ ಸಂಚಾರಕ್ಕೆ ಯಾವುದೇ ರೀತಿಯ ಅಡಚಣೆ ಇಲ್ಲಾ,1723.0274039166666
FKID007725,unplanned,others,closed,12.9119888,77.4858462,Mysore Road,West Zone 1,Kengeri,unknown,2024-01-13 02:01:27.901000+00:00,7,5,1,1,True,High,High,none,jiont cut vehicle in side sir traffic no problem sir,21.920086183333336
FKID007727,unplanned,vehicle_breakdown,closed,12.9155753,77.5652999,ORR West 1,South Zone 1,Banashankari,unknown,2024-01-13 02:13:22.174000+00:00,7,5,1,1,False,High,High,bmtc_bus,bmtc bus off,6.4347744166666665
FKID007728,unplanned,vehicle_breakdown,closed,12.9379619,77.6939433,ORR East 1,East Zone 1,HAL Old Airport,unknown,2024-01-13 02:21:42.702000+00:00,7,5,1,1,False,High,High,bmtc_bus,kadubisanahalli under pass towards silk board sir,20.836302666666665
FKID007732,unplanned,vehicle_breakdown,closed,12.9662664,77.6069727,Mysore Road,Central Zone 1,Ashok Nagar,unknown,2024-01-13 04:24:19.076000+00:00,9,5,1,1,False,High,High,lcv,"vehicle puncture off road, traffic slow moment sir",36.41693461666667
FKID007737,unplanned,others,closed,12.98681,77.5190466,Magadi Road,West Zone 1,Kamakshipalya,unknown,2024-01-13 05:16:17.565000+00:00,10,5,1,1,False,High,High,none,bmtc bus off road sir starting problem to traffic slow sir,140.94401789999998
FKID007739,unplanned,vehicle_breakdown,closed,12.9247775,77.6278985,Non-corridor,South Zone 2,Adugodi,unknown,2024-01-13 05:37:45.216000+00:00,11,5,1,1,False,Low,Low,bmtc_bus,ಅರ್ಧ ಘಂಟೆ ಯಲ್ಲಿ ರೆಡಿ ಮಾಡ್ತಾರೆ ಅಂತಾ ಮಾಹಿತಿ ಇರುತ್ತದೆ ಸರ್,88.08686613333333
FKID007740,unplanned,vehicle_breakdown,closed,12.9437406,77.5970757,Non-corridor,Central Zone 2,Wilson Garden,unknown,2024-01-13 05:41:37.926000+00:00,11,5,1,1,False,Low,Low,others,slow moving traffic,6.682272983333333
FKID007741,unplanned,others,closed,12.9793575,77.6021795,Old Madras Road,Central Zone 2,Shivajinagar,unknown,2024-01-13 07:39:43.464000+00:00,13,5,1,1,False,High,High,none,[person] down liner jaam,75.93873236666667
FKID007743,unplanned,vehicle_breakdown,closed,13.0141331,77.5674081,Tumkur Road,West Zone 2,Sadashivanagar,unknown,2024-01-13 09:42:50.949000+00:00,15,5,1,1,True,High,High,others,car break cut aagiddhu road closed sir,15.850226350000002
FKID007754,unplanned,vehicle_breakdown,resolved,13.0185596,77.5553194,Tumkur Road,West Zone 2,Sheshadripuram,unknown,2024-01-13 22:53:46.557000+00:00,4,6,1,1,False,Low,Low,bmtc_bus,rajivgandi cricle bmtc bus of load sir after one over read to go sir,66.32662498333333
FKID007755,unplanned,pot_holes,closed,12.9719546,77.6068967,Mysore Road,Central Zone 1,Ashok Nagar,unknown,2024-01-13 22:58:48.632000+00:00,4,6,1,1,False,High,High,none,ಸರ್ ನಮಸ್ತೆ ಅಪರ ಜಂಕ್ಷನ್ ಹತ್ತಿರ  ಮಾನ್ಯುಯಲ್ ಮುಚ್ಚಳಿಕೆ ಸ್ವಲ್ಪ ಕೆಳಗೆ ಹೋಗಿರುವುದರಿಂದ  ಕೆಲವು ವಾಹನ ಸವಾರರು ಬೀಳುವ ಸಂಭವವಿದ್ದು  ಆದರಿಂದ  ಎಷ್ಟು ಬಾರಿ ದೂರು ನೀಡಿದರು ಬಿಬಿಎಂಪಿ ರವರು ಬಂದು ಕೆಲಸ ಮಾಡಿರುವುದಿಲ್ಲ  ಆದರಿಂದ ಮುನ್ನೆಚ್ಚರಿಕೆ ಕ್ರಮವಾಗಿ ಅಪ್ಲೋಡ್ ಮಾಡಿರುತ್ತೇನೆ,4696.576874033333
FKID007758,unplanned,vehicle_breakdown,closed,13.0305207,77.537139,Tumkur Road,West Zone 1,Yeshwanthpura,unknown,2024-01-14 00:08:56.950000+00:00,5,6,1,1,False,High,High,private_car,starting problem near [location] traffic one side moving sir,28.672119833333333
FKID007759,unplanned,pot_holes,closed,12.98078,77.5499367,West of Chord Road,West Zone 2,Magadi Road,unknown,2024-01-14 00:11:50.422000+00:00,5,6,1,1,False,High,High,none,due to this potholes vehicle are coming suddenly too much left side.. due to this some accident are happening.. 112 compalint came sir. so kindly request you sir to sort it soon. sir.,27.686432716666665
FKID007765,unplanned,vehicle_breakdown,closed,13.1219388,77.6109778,Bellary Road 2,North Zone 2,Yelahanka,unknown,2024-01-14 03:42:40.064000+00:00,9,6,1,1,False,High,High,heavy_vehicle,hgv vechile tyre [person] bagalore under pass,74.82453056666667
FKID007769,unplanned,vehicle_breakdown,closed,13.013325,77.6623533,ORR North 1,East Zone 2,Banaswadi,unknown,2024-01-14 04:57:19.739000+00:00,10,6,1,1,False,High,High,bmtc_bus,starting problem,71.77608031666666
FKID007771,unplanned,others,closed,12.9793433,77.602175,Old Madras Road,Central Zone 2,Shivajinagar,unknown,2024-01-14 05:06:38.555000+00:00,10,6,1,1,False,High,High,none,[location] ಯಿಂದ brv ಕಡೆಗೆ. brv ಜಂಕ್ಷನ್ ಹತ್ತಿರ bmtc [person] ಲೀಕೇಜ್ ಆಗಿ ಕೆಟ್ಟು ನಿಂತಿರುತ್ತದೆ. ಸಂಚಾರ ಕ್ಕೆ ಯಾವುದೇ ಸಮಸ್ಯೆ ಇಲ್ಲಾ.,66.8745492
FKID007773,unplanned,vehicle_breakdown,closed,12.9603511,77.5717869,Non-corridor,Central Zone 2,V.V.Puram (C.Pet),unknown,2024-01-14 05:48:09.562000+00:00,11,6,1,1,False,Low,Low,bmtc_bus,[person] bus stop k r road sir bus hair pipe cut agide sir traffic slow movment sir,30.275829366666667
FKID007775,unplanned,vehicle_breakdown,closed,12.9866029,77.5794639,Non-corridor,Central Zone 2,High ground,unknown,2024-01-14 06:32:33.149000+00:00,12,6,1,1,False,Low,Low,bmtc_bus,shivananda towards neharu bus off road sir,101.95200981666667
FKID007776,unplanned,vehicle_breakdown,closed,12.9604521,77.5048389,Non-corridor,West Zone 1,Jnanabharathi,unknown,2024-01-14 06:51:45.796000+00:00,12,6,1,1,False,Low,Low,bmtc_bus,[person] towerds anugraha vehicle break down sir traffic normal sir,125.21858565000001
FKID007777,unplanned,vehicle_breakdown,closed,13.0179323,77.5592053,Tumkur Road,West Zone 2,Yeshwanthpura,unknown,2024-01-14 07:28:36.633000+00:00,12,6,1,1,False,High,High,lcv,tyre puncture 10minutes sir it will be removed,9.43075655
FKID007780,unplanned,accident,closed,13.0356634,77.5264227,Tumkur Road,West Zone 1,Peenya,unknown,2024-01-14 17:05:07.144000+00:00,22,6,1,1,False,High,High,none,accident between car and  goods auto on [location] on flyover only vehicles damage traffic normal sir,49.68956086666667
FKID007783,unplanned,vehicle_breakdown,closed,13.013048,77.5676395,Tumkur Road,West Zone 2,Sadashivanagar,unknown,2024-01-14 19:12:11.422000+00:00,0,0,0,1,False,High,High,lcv,"off road due axel cut,in between k08 and [location], no problem for traffic sir.",49.72454593333334
FKID007784,unplanned,vehicle_breakdown,closed,12.9713826,77.618886,Old Madras Road,Central Zone 1,Halasur,unknown,2024-01-14 19:38:18.435000+00:00,1,0,0,1,False,High,High,private_bus,private buss off road near [location] road,25.269977633333333
FKID007792,unplanned,vehicle_breakdown,closed,13.034211,77.530813,Tumkur Road,West Zone 1,Yeshwanthpura,unknown,2024-01-15 04:17:38.337000+00:00,9,0,0,1,False,High,High,private_bus,starting problem near srs downramp towards cmti junction traffic one side moving sir,34.959811916666666
FKID007795,unplanned,others,closed,12.9644485,77.5779244,Mysore Road,Central Zone 2,City Market,unknown,2024-01-15 04:50:21.451000+00:00,10,0,0,1,False,High,High,none,starting problem sir,33.46089618333333
FKID007796,unplanned,vehicle_breakdown,closed,13.0397392,77.5189559,Tumkur Road,West Zone 1,Peenya,unknown,2024-01-15 04:55:32.398000+00:00,10,0,0,1,False,High,High,private_car,jalahalli metro on flyover car off road one side movement sir,29.595028833333334
FKID007798,unplanned,vehicle_breakdown,closed,12.9230765,77.6190813,Hosur Road,South Zone 2,Madiwala,unknown,2024-01-15 10:53:20.470000+00:00,16,0,0,1,False,High,High,private_bus,sp road to mps ಪ್ರವೇಟ್ ಎಲೆಕ್ಟ್ರಿಕಲ್ ಬಸ್ ಬ್ರೇಕ್ ಡೌನ್ ಆಗಿದೆ ಮೆಕ್ಯಾನಿಕ್ ಬರ್ತಾ ಇದ್ದಾರೆ 30 ನಿಮಿಷಗಳಾಗುತ್ತೆ ಸರ್. ಮಡಿವಾಳ ಲಿಮಿಟ್ಸ್,18.803711733333333
FKID007802,unplanned,vehicle_breakdown,closed,12.93934584,77.69560186,ORR East 1,East Zone 1,HAL Old Airport,unknown,2024-01-15 17:57:20.235000+00:00,23,0,0,1,False,High,High,heavy_vehicle,,43.65070458333333
FKID007804,unplanned,vehicle_breakdown,closed,13.0215594,77.5519261,Tumkur Road,West Zone 1,Yeshwanthpura,unknown,2024-01-15 19:20:21.454000+00:00,0,1,0,1,False,High,High,lcv,,55.3120185
FKID007805,unplanned,vehicle_breakdown,closed,12.979,77.640885,IRR(Thanisandra road),Central Zone 1,Jeevanbheemanagar,unknown,2024-01-15 20:02:18.274000+00:00,1,1,0,1,True,High,High,bmtc_bus,100 ft road towards bm shri . near kfc signal bus off-road,51.23013096666667
FKID007806,unplanned,others,closed,12.9345638,77.6098387,Hosur Road,South Zone 2,Madiwala,unknown,2024-01-15 20:21:30.624000+00:00,1,1,0,1,False,High,High,none,ಡೈರಿ ತಾವರೆಕೆರೆ ಮಧ್ಯದಲ್ಲಿ ಬಿಎಮ್ಟಿಸಿ ಬಸ್ ಕೆಟ್ಟು ನಿಂತಿದೆ ಸಂಚಾರಕ್ಕೆ ಅಡಚಣೆ ಇರುವುದಿಲ್ಲ (ಸ್ಟಾಟಿಂಗ್ ಸಮಸ್ಯೆ),97.11398355
FKID007810,unplanned,pot_holes,resolved,12.98533,77.57461,Non-corridor,Central Zone 2,Sheshadripuram,unknown,2024-01-15 21:01:11.662000+00:00,2,1,0,1,False,Low,Low,none,pothole,8962.6901829
FKID007812,unplanned,vehicle_breakdown,closed,12.9692182,77.5856419,Mysore Road,Central Zone 2,Halasuru Gate,unknown,2024-01-15 21:46:44.480000+00:00,3,1,0,1,False,High,High,bmtc_bus,starting problem,35.43387466666666
FKID007813,unplanned,vehicle_breakdown,closed,12.9843247,77.6416501,Old Madras Road,Central Zone 1,Jeevanbheemanagar,unknown,2024-01-15 21:46:50.180000+00:00,3,1,0,1,False,High,High,others,this vehicle has been breakdown due to wheel bearings problem,29.915713316666665
FKID007819,unplanned,vehicle_breakdown,closed,12.9279614,77.5463918,ORR West 1,West Zone 2,Banashankari,unknown,2024-01-16 00:46:10.493000+00:00,6,1,0,1,False,High,High,bmtc_bus,bmtc bus offloaded at [location] traffic moving slow sir,43.33326306666667
FKID007820,unplanned,vehicle_breakdown,closed,12.9528155,77.5408666,Mysore Road,West Zone 2,Byatarayanapura,unknown,2024-01-16 01:10:53.896000+00:00,6,1,0,1,False,High,High,lcv,vehical break down,47.4729165
FKID007824,unplanned,vehicle_breakdown,closed,13.0143986,77.5836611,Bellary Road 1,West Zone 2,Sadashivanagar,unknown,2024-01-16 04:12:36.921000+00:00,9,1,0,1,False,High,High,truck,remove with in 30 minutes,36.54220323333333
FKID007825,unplanned,vehicle_breakdown,closed,12.9661307,77.5869643,Mysore Road,Central Zone 2,Halasuru Gate,unknown,2024-01-16 04:22:38.093000+00:00,9,1,0,1,False,High,High,bmtc_bus,,49.315911283333335
FKID007826,unplanned,vehicle_breakdown,closed,12.9662941,77.5870212,Mysore Road,Central Zone 2,Halasuru Gate,unknown,2024-01-16 04:23:16.877000+00:00,9,1,0,1,False,High,High,bmtc_bus,,2.606119833333333
FKID007828,unplanned,vehicle_breakdown,closed,12.9073043,77.6008947,Bannerghata Road,South Zone 2,Mico Layout,unknown,2024-01-16 04:35:41.844000+00:00,10,1,0,1,False,High,High,private_bus,near [location] (roobi 2 towards [person]),20.97513005
FKID007829,unplanned,vehicle_breakdown,closed,12.9728201,77.5386984,West of Chord Road,West Zone 2,Vijayanagara,unknown,2024-01-16 04:34:18.737000+00:00,10,1,0,1,False,High,High,truck,breakdown,30.68868525
FKID007830,planned,construction,closed,13.0948944,77.597465,Bellary Road 2,North Zone 2,Yelahanka,unknown,2024-01-16 04:40:51.425000+00:00,10,1,0,1,False,High,High,none,nhai painting work in front of yelahanka coffeeday towards airport sir,20.752085700000002
FKID007831,unplanned,vehicle_breakdown,closed,12.8890467,77.6399533,Hosur Road,South Zone 2,Electronic City,unknown,2024-01-16 04:46:05.464000+00:00,10,1,0,1,False,High,High,heavy_vehicle,this vehicle [location] gate towards hosa road bettry problem so starting problem sir,111.86912819999999
FKID007832,unplanned,vehicle_breakdown,closed,12.9690984,77.6064801,Mysore Road,Central Zone 1,Ashok Nagar,unknown,2024-01-16 05:05:07.700000+00:00,10,1,0,1,False,High,High,lcv,gear problem,8.1381474
FKID007834,unplanned,vehicle_breakdown,closed,13.0174584,77.5598518,Tumkur Road,West Zone 2,Yeshwanthpura,unknown,2024-01-16 06:25:42.615000+00:00,11,1,0,1,False,High,High,lcv,,27.4665295
FKID007837,unplanned,construction,closed,13.2571983,77.7128265,Non-corridor,Unknown,Devanahalli Airport,unknown,2024-01-17 02:40:31.276000+00:00,8,2,0,1,False,Low,Low,none,devanahalli db cross near towards city nh44 road work one side congestion,8568.673097116667
FKID007839,unplanned,vehicle_breakdown,closed,13.1067233,77.6021533,Bellary Road 2,North Zone 2,Yelahanka,unknown,2024-01-16 18:54:46.368000+00:00,0,2,0,1,False,High,High,heavy_vehicle,,10.638263616666668
FKID007841,unplanned,others,closed,12.9524496,77.5373395,West of Chord Road,West Zone 2,Byatarayanapura,unknown,2024-01-16 19:20:58.852000+00:00,0,2,0,1,False,High,High,none,good morning sir e vehicle deepanjali nagar metro station incoming side off road agiddu side akisiddivi sir traffic no problem sir,1682.0687555833333
FKID007842,planned,construction,closed,12.9055399,77.5856482,ORR West 1,South Zone 1,J.P. Nagar,unknown,2024-01-16 19:23:06.827000+00:00,0,2,0,1,False,High,High,none,sanitary work,18.658855366666668
FKID007844,unplanned,vehicle_breakdown,closed,12.9816033,77.5943385,CBD 2,Central Zone 2,Cubbon Park,unknown,2024-01-16 19:36:44.820000+00:00,1,2,0,1,False,High,High,lcv,tire puncher,72.16349068333334
FKID007845,unplanned,vehicle_breakdown,closed,12.9841502,77.6414011,Old Madras Road,Central Zone 1,Jeevanbheemanagar,unknown,2024-01-16 20:09:14.669000+00:00,1,2,0,1,False,High,High,ksrtc_bus,100feet om road towards 80feet om road,6.507784116666667
FKID007847,unplanned,vehicle_breakdown,closed,13.1070291,77.6032321,Bellary Road 2,North Zone 2,Yelahanka,unknown,2024-01-16 21:09:29.775000+00:00,2,2,0,1,False,High,High,heavy_vehicle,kogilu onflyover to wards airport eicher vehicle starting problem sir,38.233425366666665
FKID007850,unplanned,vehicle_breakdown,closed,13.1065122,77.6008683,Bellary Road 2,North Zone 2,Yelahanka,unknown,2024-01-16 21:36:36.410000+00:00,3,2,0,1,False,High,High,taxi,kogilu onflyover to wards airport electrical cab starting problem sir,29.770767616666667
FKID007851,unplanned,vehicle_breakdown,resolved,13.0177789,77.5556665,Tumkur Road,West Zone 2,Sadashivanagar,unknown,2024-01-16 21:37:36.111000+00:00,3,2,0,1,False,Low,Low,bmtc_bus,[location] road tv tawar towards cl cqal cross out going traffic normal movement sir,119.1245419
FKID007852,unplanned,vehicle_breakdown,resolved,13.0178084,77.5556622,Tumkur Road,West Zone 2,R.T. Nagar,unknown,2024-01-16 21:40:11.703000+00:00,3,2,0,1,False,Low,Low,bmtc_bus,[location] road bmtc bus break down traffic normal movement sir outgoing,116.76965865000001
FKID007854,unplanned,vehicle_breakdown,closed,12.9169728,77.5888751,Non-corridor,South Zone 1,Jayanagara,unknown,2024-01-16 22:10:52.576000+00:00,3,2,0,1,False,Low,Low,others,puncher,20.327187849999998
FKID007856,unplanned,vehicle_breakdown,closed,12.9630478,77.5957383,Mysore Road,Central Zone 2,Halasuru Gate,unknown,2024-01-16 23:50:43.935000+00:00,5,2,0,1,False,High,High,lcv,engine problem,27.996742333333334
FKID007857,unplanned,vehicle_breakdown,closed,12.9637926,77.596254,Mysore Road,Central Zone 2,Halasuru Gate,unknown,2024-01-17 00:15:15.591000+00:00,5,2,0,1,False,High,High,auto,back wheel puncher,3.2735072166666668
FKID007858,unplanned,vehicle_breakdown,closed,12.9637451,77.5962145,Mysore Road,Central Zone 2,Halasuru Gate,unknown,2024-01-17 00:20:33.293000+00:00,5,2,0,1,False,High,High,others,back wheel puncher,16.146346233333333
FKID007859,unplanned,vehicle_breakdown,closed,12.9802472,77.5705285,Non-corridor,Central Zone 2,Chamarajpet,unknown,2024-01-17 01:22:14.477000+00:00,6,2,0,1,False,Low,Low,ksrtc_bus,starting problem,5.7625422166666675
FKID007861,unplanned,vehicle_breakdown,closed,12.9455688,77.5285683,ORR West 1,West Zone 2,Byatarayanapura,unknown,2024-01-17 03:54:23.719000+00:00,9,2,0,1,False,High,High,bmtc_bus,"vehicle break down, traffic no problem",100.30296911666666
FKID007863,unplanned,vehicle_breakdown,closed,12.9715452,77.6063927,Mysore Road,Central Zone 1,Ashok Nagar,unknown,2024-01-17 05:15:27.107000+00:00,10,2,0,1,False,High,High,private_car,ಒಪೆರ ಜಂಕ್ಷನ್ ಹತ್ತಿರ ಕಾರು ಒಂದು ಪಂಚರಾಗಿ ನಿಂತಿದ್ದು ರೆಡಿ ಮಾಡಿಕೊಂಡು [person] 15 ನಿಮಿಷ  ಆಗುತ್ತದೆ ಎಂದು ತಿಳಿಸಿದ್ದು ಸದರಿವಾಹನವನ್ನು ರಸ್ತೆಯ ಬದಿ ನಿಲ್ಲಿಸಿದ್ದು ಸಂಚಾರ ಸ್ವಲ್ಪ ನಿಧಾನಗತಿಯಲ್ಲಿರುತ್ತದೆ,57.07676813333333
FKID007864,unplanned,vehicle_breakdown,closed,12.9659948,77.5953968,Mysore Road,Central Zone 1,Halasuru Gate,unknown,2024-01-17 05:21:25.704000+00:00,10,2,0,1,True,High,High,bmtc_bus,break down aagide starting [person] madam,62.4407437
FKID007876,unplanned,pot_holes,closed,12.9172415,77.5872582,Non-corridor,South Zone 1,Jayanagara,unknown,2024-01-17 21:10:05.005000+00:00,2,3,0,1,False,Low,Low,none,traffic slow moving rajalaxmi towards [person],1241.1601620166666
FKID007879,unplanned,vehicle_breakdown,closed,12.9354858,77.5127681,Mysore Road,West Zone 1,Jnanabharathi,unknown,2024-01-17 21:44:23.987000+00:00,3,3,0,1,False,High,High,private_car,among the car was off road at [location] due to empty fuel.traffic slow moving towards outgoing side,18.391840950000002
FKID007881,unplanned,vehicle_breakdown,closed,13.0173714,77.5568976,Tumkur Road,West Zone 2,Yeshwanthpura,unknown,2024-01-17 22:20:04.838000+00:00,3,3,0,1,False,High,High,lcv,yeshwanthapura on flyover incoming tata ace puncher traffic one side moment sir,29.780961883333337
FKID007883,unplanned,vehicle_breakdown,closed,12.9662418,77.5358195,West of Chord Road,West Zone 2,Vijayanagara,unknown,2024-01-17 22:39:19.528000+00:00,4,3,0,1,False,High,High,bmtc_bus,5th main to attiguppe junction,7.5970218833333325
FKID007884,unplanned,tree_fall,closed,12.9775469,77.6191254,Non-corridor,Central Zone 2,Halasur,unknown,2024-01-17 22:50:46.698000+00:00,4,3,0,1,False,Low,Low,none,tree cutting,1569.8819773833334
FKID007886,unplanned,vehicle_breakdown,closed,12.9832155,77.6380321,Old Madras Road,Central Zone 1,Jeevanbheemanagar,unknown,2024-01-17 23:37:31.979000+00:00,5,3,0,1,False,High,High,heavy_vehicle,vehicle off-road,20.259159333333333
FKID007887,unplanned,others,closed,13.0144042,77.5837607,Bellary Road 1,West Zone 2,Sadashivanagar,unknown,2024-01-18 01:29:04.985000+00:00,6,3,0,1,False,High,High,none,marriage functions going on at gate no 4 gayatrivihar palace ground,406.3289395
FKID007889,unplanned,vehicle_breakdown,closed,12.925105,77.5502927,ORR West 1,West Zone 1,Banashankari,unknown,2024-01-18 03:23:44.442000+00:00,8,3,0,1,False,High,High,taxi,"[location] towards kathriguppe, traffic no problem.pulled to road side",9.589169683333333
FKID007890,unplanned,vehicle_breakdown,closed,12.9206912,77.5858801,Non-corridor,South Zone 1,Jayanagara,unknown,2024-01-18 04:25:04.654000+00:00,9,3,0,1,False,Low,Low,lcv,due to starting problem,25.71718945
FKID007895,unplanned,others,closed,13.0145981,77.572572,Non-corridor,West Zone 2,Sadashivanagar,unknown,2024-01-18 08:48:10.747000+00:00,14,3,0,1,False,Low,Low,none,starting problem,598.4027556333333
FKID007899,unplanned,vehicle_breakdown,closed,12.975131,77.6254972,Old Madras Road,Central Zone 1,Halasur,unknown,2024-01-18 19:19:34.043000+00:00,0,4,0,1,False,High,High,bmtc_bus,,53.08126645
FKID007900,unplanned,vehicle_breakdown,closed,12.9831921,77.5954917,CBD 2,Central Zone 2,Cubbon Park,unknown,2024-01-18 19:47:38.182000+00:00,1,4,0,1,False,High,High,others,filter jam,53.88951821666667
FKID007901,unplanned,vehicle_breakdown,closed,12.9207974,77.620239,Hosur Road,South Zone 2,Madiwala,unknown,2024-01-18 20:18:36.660000+00:00,1,4,0,1,False,High,High,private_bus,vehicle clutch problem not moving vehicle. traffic slow movement sir,9.537807249999998
FKID007904,unplanned,vehicle_breakdown,closed,12.9320111,77.6870396,ORR East 1,East Zone 1,HAL Old Airport,unknown,2024-01-18 21:05:09.260000+00:00,2,4,0,1,False,High,High,private_bus,good morning sir.. [person] flyover towards kadubisanahalli main road bus breakdown sir traffic slow moment irutte sir,24.52389155
FKID007905,unplanned,vehicle_breakdown,closed,12.9417283,77.6969315,ORR East 1,East Zone 1,HAL Old Airport,unknown,2024-01-18 21:32:15.652000+00:00,3,4,0,1,False,High,High,lcv,above lgv vehicle break down at near croma main road gear clutch problem sir,83.42797768333334
FKID007906,unplanned,vehicle_breakdown,closed,12.9517271,77.5906713,Non-corridor,Central Zone 2,Wilson Garden,unknown,2024-01-18 21:37:42.033000+00:00,3,4,0,1,False,Low,Low,bmtc_bus,ಸಿದ್ದಾಪುರ,66.69363336666667
FKID007911,unplanned,vehicle_breakdown,closed,12.957911,77.5535752,Mysore Road,Central Zone 2,Chamarajpet,unknown,2024-01-18 22:27:32.232000+00:00,3,4,0,1,False,High,High,lcv,battery problem,23.59637425
FKID007912,unplanned,vehicle_breakdown,closed,12.9822816,77.6033728,Non-corridor,Central Zone 2,Shivajinagar,unknown,2024-01-18 22:56:53.791000+00:00,4,4,0,1,False,Low,Low,bmtc_bus,bmtc bus off road steering problem,26.267882366666665
FKID007914,unplanned,vehicle_breakdown,closed,12.95568042,77.71708396,Varthur Road,East Zone 1,Whitefield,unknown,2024-01-18 23:16:33.074000+00:00,4,4,0,1,False,High,High,others,water tanker breakdown at vibgyor cross road towards [location].,50.8098261
FKID007916,unplanned,others,closed,13.0159043,77.5560086,Tumkur Road,West Zone 2,Yeshwanthpura,unknown,2024-01-19 02:34:29.528000+00:00,8,4,0,1,False,High,High,none,[person] towards kirloskar nearanipal hospital vehicle off-road trafficoving in one side,81.79674135
FKID007921,unplanned,others,closed,12.9889632,77.5078726,Magadi Road,West Zone 1,Kamakshipalya,unknown,2024-01-19 05:16:47.484000+00:00,10,4,0,1,False,High,High,none,bmtc electric bus  technical  problem,143.69155221666668
FKID007922,unplanned,vehicle_breakdown,closed,12.9012383,77.6011728,Bannerghata Road,South Zone 2,Mico Layout,unknown,2024-01-19 05:29:31.783000+00:00,10,4,0,1,False,High,High,auto,in between bilekhalli and hsbc towards outgoing traffic,22.181698200000003
FKID007925,unplanned,vehicle_breakdown,closed,12.9616049,77.634685,Non-corridor,Unknown,Halasur,unknown,2024-01-19 07:07:04.959000+00:00,12,4,0,1,False,Low,Low,bmtc_bus,,85.28976388333334
FKID007926,unplanned,vehicle_breakdown,closed,12.9843622,77.582986,Non-corridor,Unknown,High ground,unknown,2024-01-19 07:47:04.586000+00:00,13,4,0,1,True,Low,Low,bmtc_bus,ಬಿಎಂಟಿಸಿ ಬಸ್ ಬ್ರೇಕ್ ಡೌನ್ ಆಗಿದೆ ಸರ್..,63.35080513333333
FKID007927,unplanned,vehicle_breakdown,closed,12.966903,77.5881871,Mysore Road,Unknown,Halasuru Gate,unknown,2024-01-19 07:52:31.718000+00:00,13,4,0,1,False,High,High,bmtc_bus,,101.30639593333333
FKID007932,planned,construction,closed,13.0146761,77.5727254,Non-corridor,Unknown,Sadashivanagar,unknown,2024-01-19 10:25:53.849000+00:00,15,4,0,1,True,Low,Low,none,[person],482.79533441666666
FKID007934,unplanned,others,closed,13.0085327,77.6939696,Non-corridor,Unknown,K.R. Pura,unknown,2024-01-19 18:55:29.174000+00:00,0,5,1,1,False,Low,Low,none,tyre puncture  near [location],15.193326466666667
FKID007937,unplanned,vehicle_breakdown,closed,13.0018933,77.6121539,Non-corridor,Unknown,Pulikeshinagar(F.Town),unknown,2024-01-19 20:33:56.585000+00:00,2,5,1,1,False,Low,Low,others,struck in under railway bridge at [location] police station,46.607523349999994
FKID007938,unplanned,vehicle_breakdown,closed,13.0394889,77.5190491,Tumkur Road,Unknown,Peenya,unknown,2024-01-19 21:08:58.827000+00:00,2,5,1,1,False,High,High,ksrtc_bus,towards city,51.14671941666666
FKID007939,unplanned,vehicle_breakdown,resolved,13.0179008,77.5557282,Bellary Road 1,Unknown,Kodigehalli,unknown,2024-01-19 21:32:04.426000+00:00,3,5,1,1,False,High,High,bmtc_bus,starting problem sir [location] ps towards veerana palya,39.106470433333335
FKID007941,unplanned,others,closed,12.9715278,77.610582,Old Madras Road,Unknown,Ashok Nagar,unknown,2024-01-19 22:25:06.863000+00:00,3,5,1,1,False,High,High,none,break fail,30.950269216666666
FKID007945,unplanned,vehicle_breakdown,closed,12.9855167,77.5790983,Non-corridor,Unknown,High ground,unknown,2024-01-20 00:24:09.300000+00:00,5,5,1,1,False,Low,Low,bmtc_bus,ಬಿಎಂಟಿಸಿ ಎಲೆಕ್ಟ್ರಿಕಲ್ ಬಸ್ ಕೆಟ್ಟು ನಿಂತಿದೆ ಜನಾರ್ಧನ್ ಹೋಟೆಲ್ ಹತ್ತಿರ ರೇಸ್ ಕೋರ್ಸ್ ರಸ್ತೆಯಿಂದ ಶಿವಾನಂದ ಸರ್ಕಲ್ ಕಡೆಗೆ ಹೋಗುವ ದಾರಿಯಲ್ಲಿ,13.907694183333332
FKID007946,unplanned,vehicle_breakdown,closed,12.9510582,77.591687,Non-corridor,Unknown,Wilson Garden,unknown,2024-01-20 01:48:01.934000+00:00,7,5,1,1,False,Low,Low,private_bus,break down,41.03490251666666
FKID007951,unplanned,vehicle_breakdown,closed,13.043915,77.5539417,ORR North 2,Unknown,Jalahalli,unknown,2024-01-20 05:01:36.678000+00:00,10,5,1,1,False,High,High,lcv,due to battery down,24.6922743
FKID007952,unplanned,others,closed,12.921805,77.6610883,ORR East 1,Unknown,Bellandur,unknown,2024-01-20 05:26:33.833000+00:00,10,5,1,1,False,High,High,none,agara to ibbluru army land fire,2568.793783733333
FKID007954,unplanned,vehicle_breakdown,closed,12.9059817,77.5857267,ORR West 1,Unknown,J.P. Nagar,unknown,2024-01-20 05:55:31.994000+00:00,11,5,1,1,False,High,High,bmtc_bus,engine problem,147.82079903333334
FKID007955,unplanned,vehicle_breakdown,closed,12.9882249,77.5115769,Magadi Road,Unknown,Kamakshipalya,unknown,2024-01-20 06:40:54.886000+00:00,12,5,1,1,False,High,High,others,dieseal nill... [person] kavalu junction towards ashrya junction outgoing side off... traffic slow moving sir,14.216158733333334
FKID007956,unplanned,tree_fall,closed,12.9812462,77.5644881,Non-corridor,Unknown,Magadi Road,unknown,2024-01-20 07:11:27.996000+00:00,12,5,1,1,False,Low,Low,none,towards y junction sir,63.193024916666666
FKID007957,unplanned,vehicle_breakdown,closed,12.8903898,77.5640013,Non-corridor,Unknown,K.S. Layout,unknown,2024-01-20 07:10:29.877000+00:00,12,5,1,1,False,Low,Low,bmtc_bus,,136.86012223333333
FKID007959,unplanned,construction,closed,13.0181117,77.6577133,ORR North 1,Unknown,Banaswadi,unknown,2024-01-20 12:56:52.248000+00:00,18,5,1,1,False,High,High,none,due to metro work,418.72792855
FKID007960,unplanned,construction,closed,13.01775,77.6591433,ORR North 1,Unknown,Banaswadi,unknown,2024-01-20 12:59:05.024000+00:00,18,5,1,1,False,High,High,none,due to [location] work oter ring road closed,416.4596988166667
FKID007961,unplanned,construction,closed,13.0169017,77.660785,ORR North 1,Unknown,Banaswadi,unknown,2024-01-20 13:05:24.864000+00:00,18,5,1,1,False,High,High,none,dúe to metro work outer ring road closed,410.07223675
FKID007963,unplanned,vehicle_breakdown,closed,12.984708,77.5747886,Non-corridor,Unknown,Sheshadripuram,unknown,2024-01-20 19:07:51.501000+00:00,0,6,1,1,True,Low,Low,none,kino junction towards majestic,76.5535792
FKID007964,unplanned,vehicle_breakdown,closed,13.0146372,77.5714966,Non-corridor,Unknown,Sadashivanagar,unknown,2024-01-20 19:31:57.928000+00:00,1,6,1,1,False,Low,Low,others,vehicle off road between k08  and ssntps,10.172995533333333
FKID007965,unplanned,vehicle_breakdown,closed,12.9662518,77.609077,Mysore Road,Unknown,Ashok Nagar,unknown,2024-01-20 20:47:51.739000+00:00,2,6,1,1,False,High,High,bmtc_bus,.,63.944430233333335
FKID007975,unplanned,vehicle_breakdown,closed,12.9755387,77.553167,Magadi Road,Unknown,Magadi Road,unknown,2024-01-21 03:37:39.980000+00:00,9,6,1,1,False,High,High,heavy_vehicle,tyre puncture,44.38574795
FKID007978,unplanned,vehicle_breakdown,closed,12.9595869,77.5559132,Mysore Road,Unknown,Chamarajpet,unknown,2024-01-21 08:16:33.277000+00:00,13,6,1,1,False,High,High,ksrtc_bus,joint cut problem,32.330133016666665
FKID007979,unplanned,vehicle_breakdown,closed,12.9489449,77.5358988,Mysore Road,Unknown,Byatarayanapura,unknown,2024-01-21 08:19:11.630000+00:00,13,6,1,1,False,High,High,bmtc_bus,bmtc bus bhel 1st gate puncture incoming side vehicle slow moving sir,34.26564135
FKID007982,unplanned,others,closed,13.0426781,77.5128416,Tumkur Road,Unknown,Peenya,unknown,2024-01-21 14:38:15.169000+00:00,20,6,1,1,False,High,High,none,dasarahalli on flyover incoming said hgv vehicle as puncher. traffic on said movment sir,5580.351877366667
FKID007984,unplanned,vehicle_breakdown,closed,12.9385767,77.63319,IRR(Thanisandra road),Unknown,Ashok Nagar,unknown,2024-01-21 19:33:19.114000+00:00,1,0,0,1,False,High,High,none,"ಸರ್ ಶ್ರೀನಿವಾಗಿಲು ಜಂಕ್ಷನ್ ಬಳಿ ಸದರಿ ಗೂಡ್ಸ್ ವಾಹನ ಪೈಪ್ ಜಾಮಾಗಿದೆ ಎಂದು ಸ್ಟಾಟ್ ಆಗುತ್ತಿರುವುದಿಲ್ಲ. ಗಾಡಿ ರಸ್ತೆ ಸೈಡಲ್ಲಿದ್ದು, ಸಂಚಾರಕ್ಕೆ ಯಾವುದೆ ಸಮಸ್ಯೆ ಇರುವುದಿಲ್ಲ, ಸದ್ಯದಲ್ಲಿ ಮ್ಯಾಕಾನಿಕ್ ಬರುತಿದ್ದು, ರಿಪೇರಿ ಮಾಡಿಸಿಕೊಂಡು ಹೋಗುವುದಾಗಿ ವಾಹನ ಚಾಲಕ ತಿಳಿಸಿರುತ್ತಾನೆ ಸರ್.",16.959205216666668
FKID007990,unplanned,vehicle_breakdown,closed,13.0447302,77.5082877,Tumkur Road,Unknown,Peenya,unknown,2024-01-22 01:25:39.772000+00:00,6,0,0,1,False,High,High,private_car,h cross on flyover cab off-road towards city traffic one side movement,26.866518433333333
FKID007998,unplanned,vehicle_breakdown,closed,12.9861854,77.6480642,Old Madras Road,Unknown,Jeevanbheemanagar,unknown,2024-01-22 18:51:32.879000+00:00,0,1,0,1,False,High,High,lcv,vehicle starting problem. mechanic on the way traffic no problem sir near ngef junction,37.8463379
FKID008000,unplanned,vehicle_breakdown,closed,12.942664,77.6225558,Non-corridor,Unknown,Adugodi,unknown,2024-01-22 19:50:45.147000+00:00,1,1,0,1,False,Low,Low,others,nil,81.02077853333334
FKID008001,unplanned,others,closed,12.9772805,77.6086333,Old Madras Road,Unknown,Shivajinagar,unknown,2024-01-22 20:23:47.143000+00:00,1,1,0,1,False,High,High,none,starting problem sir,108.49235771666666
FKID008004,unplanned,others,closed,12.972125,77.6075283,Old Madras Road,Unknown,Ashok Nagar,unknown,2024-01-22 21:50:19.054000+00:00,3,1,0,1,False,High,High,none,"good morning sir near [person] man whole cover broken, slow traffic towards  meyohall junction. no required of road closing sir...🙏",90.64092015
FKID008005,unplanned,tree_fall,closed,12.9925918,77.5919329,Non-corridor,Unknown,High ground,unknown,2024-01-22 22:17:43.344000+00:00,3,1,0,1,True,Low,Low,none,ಸಣ್ಣ ಮರವನ್ನು ಮರ ಬೀಳುವ ಸಂಭವನತೆದ್ದು ಆದಕಾರಣ ತಾತ್ಕಾಲಿಕವಾಗಿ ಏಟ್ ಮೇನ್ ರೋಡ್ ಕ್ಲೋಸ್ ಮಾಡಲಾಗಿದೆ ಸರ್,66.67837425
FKID008006,unplanned,vehicle_breakdown,closed,12.9676952,77.6113708,Non-corridor,Unknown,Ashok Nagar,unknown,2024-01-22 22:36:20.583000+00:00,4,1,0,1,False,Low,Low,private_car,ಕಾರು ಫ್ರಂಟ್ ವೀಲ್ ಜಾಯಿಂಟ್ ವಿಲ್ ಕಟ್ ಆಗಿದ್ದು ರಸ್ತೆ ಬಲಭಾಗಕ್ಕೆ ಇರುತ್ತದೆ  ಸ್ವಲ್ಪ ಮಟ್ಟದ ಸ್ಲೋ ಮೊಮೆಂಟ್ ಇರುತ್ತದೆ,80.54814843333334
FKID008007,unplanned,others,closed,12.9763693,77.5989581,CBD 2,Unknown,Cubbon Park,unknown,2024-01-23 00:00:57.919000+00:00,5,1,0,1,False,High,High,none,ಕ್ವೀನ್ ಜಂಕ್ಷನ್ ನಲ್ಲಿ ಒಳಚರಂಡಿ ದುರಸ್ತಿ ಮಾಡುತ್ತಿದ್ದಾರೆ,4697.869071533333
FKID008008,unplanned,vehicle_breakdown,closed,13.034067,77.5305385,Tumkur Road,Unknown,Yeshwanthpura,unknown,2024-01-23 01:11:44.795000+00:00,6,1,0,1,False,High,High,bmtc_bus,starting problem near srs junction traffic no problem sir,18.983907716666668
FKID008009,unplanned,vehicle_breakdown,closed,13.094683,77.5974166,Bellary Road 2,Unknown,Yelahanka,unknown,2024-01-23 02:07:37.329000+00:00,7,1,0,1,False,High,High,heavy_vehicle,hgv vehicle offroad@ coffee day yalahanka towards airport service road sir,20.676519583333334
FKID008010,unplanned,vehicle_breakdown,closed,12.9551061,77.5452828,Mysore Road,Unknown,Byatarayanapura,unknown,2024-01-23 03:21:16.524000+00:00,8,1,0,1,False,High,High,heavy_vehicle,ksrtc towards guddadahallie incoming side starting problem traffic no problem,17.08193041666667
FKID008014,unplanned,vehicle_breakdown,closed,13.0160378,77.5835681,Bellary Road 1,Unknown,Sadashivanagar,unknown,2024-01-23 06:07:17.818000+00:00,11,1,0,1,False,High,High,lcv,break fel,25.291362366666664
FKID008018,unplanned,vehicle_breakdown,closed,12.9192396,77.621872,ORR East 1,Unknown,Madiwala,unknown,2024-01-23 08:35:30.374000+00:00,14,1,0,1,False,High,High,ksrtc_bus,ಸಿಲ್ಕ್ ಬೋರ್ಡ್ ಪ್ಲೇಯರ್ ಮೇಲೆ ಔಟ್ ಗೋಯಿಂಗ್ ಸೈಡ್ ಈ ವಾಹನವು ಬ್ರೇಕ್ ಡೌನ್ ಆಗಿ ರುತ್ತದೆ 20 ನಿಮಿಷದಲ್ಲಿ ಕ್ಲಿಯರ್ ಆಗುತ್ತೆ ಸರ್,21.377075433333335
FKID008020,unplanned,vehicle_breakdown,closed,12.9756461,77.5746624,Non-corridor,Unknown,Upparpet,unknown,2024-01-23 19:23:06.673000+00:00,0,2,0,1,False,Low,Low,bmtc_bus,bmtc bus is breakdown sir,34.28519798333333
FKID008021,unplanned,road_conditions,closed,12.9283193,77.6213334,IRR(Thanisandra road),Unknown,Adugodi,unknown,2024-01-23 19:28:43.268000+00:00,0,2,0,1,False,High,High,none,ಸರ್ ನಮಸ್ಕಾರ್ ವಾಟರ್ ಟ್ಯಾಂಕ್ ಜಂಕ್ಷನ್ ಇಂದ bda ಕಡೆಗೆ bwssb ಕುಡಿಯುವ ನೀರು ರಸ್ತೆ ಮದ್ಯೆ  ಸೋರಿಕೆಯನ್ನು ತಡೆಯುವ ಕಾಮಗಾರಿ ಪ್ರಗತಿಯಲ್ಲಿರುವ  ಕಾರಣ ಸಂಚಾರವು ವಾಟರ್ ಟ್ಯಾಂಕ್ ಜಂಕ್ಷನ್ ಕಡೆಯಿಂದ bda ಜಂಕ್ಷನ್ ಕಡೆಗೆ ಹಾಗೂ [person] ಯಿಂದ bda ಕಡೆಗೆ ಎಡ ತಿರುವು ಪಡೆಯುವ ಸಂಚಾರವು [location] ಸಾಗುತ್ತಿದೆ sir 🙏ವ,226.32391145000003
FKID008022,unplanned,vehicle_breakdown,closed,12.9285748,77.5861157,Non-corridor,Unknown,Jayanagara,unknown,2024-01-23 19:34:53.105000+00:00,1,2,0,1,False,Low,Low,bmtc_bus,[location] sir,70.25211858333334
FKID008023,unplanned,vehicle_breakdown,closed,12.9532474,77.5418394,Mysore Road,Unknown,Byatarayanapura,unknown,2024-01-23 20:24:27.913000+00:00,1,2,0,1,False,High,High,private_car,still ಬಾಪೂಜಿ ನಗರ ಜಂಕ್ಷನ್ incoming side traffice no problem sir ಸ್ಟ್ರಾಟಿಂಗ್ ಪ್ರಾಬ್ಲಮ್ಆಗಿ ಆದಷ್ಟ್ ಬೇಗ ತಗಿಸಲಾಗುವುದು astram app ನಲ್ಲಿ upaload ಆಗಿದೆ ಸರ್ 🙏,9.713554783333333
FKID008025,unplanned,vehicle_breakdown,resolved,12.9516686,77.5369989,Mysore Road,Unknown,Chamarajpet,unknown,2024-01-23 20:44:38.122000+00:00,2,2,0,1,False,High,High,bmtc_bus,gear problem,134.86672011666667
FKID008026,unplanned,vehicle_breakdown,closed,12.9280908,77.5972749,Bannerghata Road,Unknown,Jayanagara,unknown,2024-01-23 20:46:11.754000+00:00,2,2,0,1,False,High,High,lcv,vehicle offroad at swagath ಜಂಕ್ಷನ್ traffic movement normal,31.053444266666666
FKID008027,unplanned,vehicle_breakdown,closed,12.9824849,77.5679961,Non-corridor,Unknown,Sheshadripuram,unknown,2024-01-23 21:15:30.496000+00:00,2,2,0,1,False,Low,Low,bmtc_bus,,14.164930416666666
FKID008028,unplanned,vehicle_breakdown,closed,12.9713356,77.5868435,Non-corridor,Unknown,Halasuru Gate,unknown,2024-01-23 21:25:58.525000+00:00,2,2,0,1,True,Low,Low,bmtc_bus,nuapatunga road,11.400871050000001
FKID008033,unplanned,vehicle_breakdown,closed,12.9456318,77.6025367,Non-corridor,Unknown,Adugodi,unknown,2024-01-23 22:14:23.983000+00:00,3,2,0,1,False,Low,Low,others,back wheel axel cut sir,35.590218150000005
FKID008034,unplanned,others,closed,12.9478318,77.5345213,Mysore Road,Unknown,Byatarayanapura,unknown,2024-01-24 04:59:12.625000+00:00,10,2,0,1,False,High,High,none,e vehicle diesel [person] sir [person] no 2 incoming side sir,121.99925558333332
FKID008037,unplanned,vehicle_breakdown,closed,12.9494317,77.5367908,Mysore Road,Unknown,Byatarayanapura,unknown,2024-01-24 00:11:28.110000+00:00,5,2,0,1,False,High,High,bmtc_bus,,36.24162716666667
FKID008045,unplanned,vehicle_breakdown,closed,13.0142707,77.5837176,Bellary Road 1,Unknown,Sadashivanagar,unknown,2024-01-24 02:59:52.036000+00:00,8,2,0,1,False,High,High,others,starting problem,153.29203903333334
FKID008047,unplanned,vehicle_breakdown,closed,13.1237757,77.6133367,Bellary Road 2,Unknown,Yelahanka,unknown,2024-01-24 03:55:56.487000+00:00,9,2,0,1,False,High,High,heavy_vehicle,traffic slow movement,21.891094866666666
FKID008051,unplanned,vehicle_breakdown,closed,12.9809718,77.5876651,Non-corridor,Unknown,Cubbon Park,unknown,2024-01-24 05:25:53.099000+00:00,10,2,0,1,False,Low,Low,bmtc_bus,exil joint cut,76.49049193333333
FKID008053,unplanned,water_logging,closed,13.1067934,77.6016224,Bellary Road 2,Unknown,Yelahanka,unknown,2024-01-24 05:42:25.982000+00:00,11,2,0,1,False,High,High,none,[location] downramp to wards city water logging sir,251.52996988333334
FKID008056,unplanned,others,closed,12.9796726,77.570413,Non-corridor,Unknown,Chamarajpet,unknown,2024-01-24 07:23:20.052000+00:00,12,2,0,1,False,Low,Low,none,signals of agide,4.450959783333333
FKID008060,unplanned,water_logging,closed,12.921083,77.6628039,ORR East 1,Unknown,Bellandur,unknown,2024-01-24 08:02:10.986000+00:00,13,2,0,1,False,High,High,none,[location] downramp water laging ibbluru downramp to agar,1373.8838876333332
FKID008061,unplanned,tree_fall,closed,12.9897527,77.6180398,Non-corridor,Unknown,Pulikeshinagar(F.Town),unknown,2024-01-24 08:28:44.513000+00:00,13,2,0,1,True,Low,Low,none,tree fall,2292.2994898666666
FKID008065,unplanned,vehicle_breakdown,closed,12.9522652,77.5408315,Mysore Road,Unknown,Byatarayanapura,unknown,2024-01-24 19:17:27.361000+00:00,0,3,0,1,False,High,High,ksrtc_bus,vehicles break down,6.084086783333333
FKID008069,unplanned,road_conditions,closed,12.9868819,77.519886,Magadi Road,Unknown,Kamakshipalya,unknown,2024-01-24 21:18:32.271000+00:00,2,3,0,1,False,High,High,none,spill of small jelly stones from hgvs transporting construction materials at night,5.467024883333334
FKID008071,unplanned,vehicle_breakdown,closed,12.9508961,77.5372969,West of Chord Road,Unknown,Byatarayanapura,unknown,2024-01-24 21:28:58.548000+00:00,2,3,0,1,False,High,High,others,city incoming side slow moving traffic,22.82533031666667
FKID008076,unplanned,vehicle_breakdown,closed,12.9329128,77.6880888,ORR East 1,Unknown,HAL Old Airport,unknown,2024-01-25 01:38:46.766000+00:00,7,3,0,1,False,High,High,lcv,ದೇವರ [person] ಡಿಜಲ ಖಾಲಿ ಆಗಿ ನಿಂತು ಹೊಗಿದ್ದೆ ಸಂಚಾರ ನಿಧಾನವಾಗಿ ರುತ್ತದೆ ದೇವರ ಬೇಸನಹಳ್ಳಿ ನಿಂದ್ ಕಾಡು ಬೇಸನಹಳ್ಳಿ,25.0730054
FKID008079,unplanned,construction,closed,13.0832903,77.5936325,Bellary Road 2,Unknown,Yelahanka,unknown,2024-01-25 02:52:42.892000+00:00,8,3,0,1,False,High,High,none,nhia road work @  yelahanka bypass on flyover towards airport sir,28.910718466666665
FKID008082,unplanned,vehicle_breakdown,closed,12.9614028,77.6361141,Non-corridor,Unknown,Halasur,unknown,2024-01-25 03:59:04.619000+00:00,9,3,0,1,False,Low,Low,bmtc_bus,ಗೇರ್ ಪ್ರಾಬ್ಲಮ್ ಸರ್,33.196245600000005
FKID008084,unplanned,vehicle_breakdown,closed,12.9577279,77.6059965,Hosur Road,Unknown,Ashok Nagar,unknown,2024-01-25 04:16:16.634000+00:00,9,3,0,1,False,High,High,bmtc_bus,self problem,10.165711216666667
FKID008085,unplanned,vehicle_breakdown,closed,13.0945429,77.6006646,Bellary Road 2,Unknown,Yelahanka,unknown,2024-01-25 04:29:29.176000+00:00,9,3,0,1,False,High,High,others,vehicle breakdown at surabilyout near royal [person] traffic no problem sir,23.137789549999997
FKID008086,unplanned,vehicle_breakdown,closed,12.9675056,77.5885402,Mysore Road,Unknown,Halasuru Gate,unknown,2024-01-25 04:47:05.912000+00:00,10,3,0,1,False,High,High,bmtc_bus,,11.579319183333332
FKID008087,unplanned,vehicle_breakdown,closed,13.0346653,77.5296648,Tumkur Road,Unknown,Peenya,unknown,2024-01-25 04:48:44.377000+00:00,10,3,0,1,False,High,High,ksrtc_bus,peenya tr ps srs jn city outgoing ksrtc bus off road traffic one side movement,54.305417883333334
FKID008092,unplanned,water_logging,closed,12.9574857,77.6058463,Hosur Road,Unknown,Ashok Nagar,unknown,2024-01-25 05:47:19.678000+00:00,11,3,0,1,True,High,High,none,[location] complnt,5282.47767055
FKID008093,unplanned,vehicle_breakdown,closed,12.9738692,77.5794406,Non-corridor,Unknown,Upparpet,unknown,2024-01-25 05:51:47.376000+00:00,11,3,0,1,False,Low,Low,others,good evening sir [person] off road front tyre puncture sir traffic no problem sir,53.374649950000006
FKID008097,unplanned,vehicle_breakdown,closed,12.9614377,77.6364376,Non-corridor,Unknown,Halasur,unknown,2024-01-25 07:29:29.599000+00:00,12,3,0,1,True,Low,Low,bmtc_bus,bmtc bus off road near [location] towards stock 24 jn,21.26601733333333
FKID008099,unplanned,tree_fall,closed,13.0180935,77.5579148,Tumkur Road,Unknown,Yeshwanthpura,unknown,2024-01-25 08:23:54.938000+00:00,13,3,0,1,False,High,High,none,tree fall sir,24.31025375
FKID008102,unplanned,water_logging,closed,13.0403696,77.5155094,Tumkur Road,Unknown,Peenya,unknown,2024-01-25 08:37:32.616000+00:00,14,3,0,1,False,High,High,none,chokkasandra on flyover towards outgoing side water logging sir traffic one side slow moving sir,5427.094597300001
FKID008105,unplanned,water_logging,closed,13.1066967,77.6023833,Bellary Road 2,Unknown,Yelahanka,unknown,2024-01-25 08:43:03.675000+00:00,14,3,0,1,False,High,High,none,kogilu onflyor to wards citvey water logging sir,146.49335698333334
FKID008107,unplanned,vehicle_breakdown,closed,12.9708219,77.5663003,Non-corridor,Unknown,Magadi Road,unknown,2024-01-25 08:59:36.608000+00:00,14,3,0,1,False,Low,Low,bmtc_bus,,49.27864815
FKID008109,unplanned,vehicle_breakdown,closed,13.045305,77.5072034,Tumkur Road,Unknown,Peenya,unknown,2024-01-25 11:38:37.503000+00:00,17,3,0,1,False,High,High,lcv,towards incoming h cross signal traffic one said movment sir,26.296394516666666
FKID008115,unplanned,tree_fall,closed,12.9513831,77.5969375,Non-corridor,Unknown,Wilson Garden,unknown,2024-01-26 22:20:51.607000+00:00,3,5,1,1,True,Low,Low,none,tree fell down to ready near 6th cross bts road wilson garden,125.77258660000001
FKID008117,unplanned,others,closed,12.9778586,77.5841983,Non-corridor,Unknown,Upparpet,unknown,2024-01-26 00:16:23.676000+00:00,5,4,0,1,True,Low,Low,none,[person] under pass hgv vehicle stuck,32.53826038333333
FKID008119,unplanned,vehicle_breakdown,closed,13.0560679,77.5461981,Non-corridor,Unknown,Jalahalli,unknown,2024-01-26 00:38:34.441000+00:00,6,4,0,1,False,Low,Low,bmtc_bus,wheel jam,63.358071466666665
FKID008125,unplanned,vehicle_breakdown,closed,12.9651612,77.5995936,Mysore Road,Unknown,Ashok Nagar,unknown,2024-01-26 18:51:48.419000+00:00,0,5,1,1,False,High,High,taxi,"uber cab vechile tyre blasted, traffic movement normal flowing",56.79307898333333
FKID008126,unplanned,vehicle_breakdown,closed,12.9801409,77.6074116,CBD 1,Unknown,Shivajinagar,unknown,2024-01-26 20:42:12.777000+00:00,2,5,1,1,False,High,High,others,eicher vehicle starting problem off road.,64.51499301666666
FKID008132,unplanned,accident,closed,13.0159838,77.5553144,Tumkur Road,Unknown,Yeshwanthpura,unknown,2024-01-27 04:12:46.011000+00:00,9,5,1,1,False,High,High,none,car accident m palya towards [location] mall,37.806749716666666
FKID008133,unplanned,vehicle_breakdown,resolved,12.9846033,77.57156,Non-corridor,Unknown,Sheshadripuram,unknown,2024-01-27 05:14:36.304000+00:00,10,5,1,1,False,Low,Low,bmtc_bus,bus wheel jam near kfm junction pf road,3.3119588500000003
FKID008135,unplanned,vehicle_breakdown,closed,12.98539,77.5977017,CBD 2,Unknown,Shivajinagar,unknown,2024-01-27 05:49:10.892000+00:00,11,5,1,1,False,High,High,bmtc_bus,,77.91042241666668
FKID008136,unplanned,vehicle_breakdown,closed,13.2673386,77.7194248,Non-corridor,Unknown,Devanahalli Airport,unknown,2024-01-27 06:33:49.965000+00:00,12,5,1,1,False,Low,Low,heavy_vehicle,,54.28464705
FKID008142,unplanned,vehicle_breakdown,closed,13.0182194,77.5582438,Tumkur Road,Unknown,Yeshwanthpura,unknown,2024-01-27 21:45:26.380000+00:00,3,6,1,1,False,High,High,bmtc_bus,,16.706654466666667
FKID008143,unplanned,others,closed,12.9592882,77.5229864,Non-corridor,Unknown,Byatarayanapura,unknown,2024-01-27 21:50:10.430000+00:00,3,6,1,1,False,Low,Low,none,traffic slow,124.58709098333334
FKID008144,unplanned,vehicle_breakdown,closed,12.9046828,77.6275596,Hosur Road,Unknown,Madiwala,unknown,2024-01-28 01:28:56.881000+00:00,6,6,1,1,False,High,High,private_car,[location] circle towards bommanahalli car offroad sir traffic slow movement  sir,38.88228771666666
FKID008149,unplanned,vehicle_breakdown,closed,12.90628,77.5863728,ORR West 1,Unknown,J.P. Nagar,unknown,2024-01-28 02:47:43.411000+00:00,8,6,1,1,False,High,High,private_car,,25.896753516666667
FKID008152,unplanned,vehicle_breakdown,closed,12.8769768,77.5953733,Bannerghata Road,Unknown,Hulimavu,unknown,2024-01-28 05:11:33.626000+00:00,10,6,1,1,False,High,High,private_car,[person] gate towards [location],70.00420463333333
FKID008157,unplanned,vehicle_breakdown,closed,12.9591044,77.5555818,Mysore Road,Unknown,Chamarajpet,unknown,2024-01-29 00:34:54.047000+00:00,6,0,0,1,False,High,High,bmtc_bus,,20.202111600000002
FKID008158,unplanned,vehicle_breakdown,closed,12.958969,77.555653,Mysore Road,Unknown,Chamarajpet,unknown,2024-01-29 00:55:07.456000+00:00,6,0,0,1,False,High,High,bmtc_bus,,11.277187116666665
FKID008160,unplanned,vehicle_breakdown,closed,13.0395914,77.5187106,Tumkur Road,Unknown,Peenya,unknown,2024-01-29 03:01:09.850000+00:00,8,0,0,1,False,High,High,private_car,[location] circle on flyover towards city private car 0ff road due to starting problem sir traffic one side moving sir,44.69857258333333
FKID008163,unplanned,vehicle_breakdown,closed,12.9637053,77.5850732,Mysore Road,Unknown,Halasuru Gate,unknown,2024-01-29 06:44:51.196000+00:00,12,0,0,1,False,High,High,bmtc_bus,,63.49284705
FKID008164,unplanned,vehicle_breakdown,closed,13.0319709,77.5347611,Tumkur Road,Unknown,Yeshwanthpura,unknown,2024-01-29 19:41:20.430000+00:00,1,1,0,1,False,High,High,private_bus,starting problem near srs downramp towards cmti junction traffic no problem sir,44.002377366666664
FKID008165,unplanned,vehicle_breakdown,closed,12.8690375,77.653127,Hosur Road,Unknown,Electronic City,unknown,2024-01-29 20:06:16.280000+00:00,1,1,0,1,False,High,High,private_bus,electronic city onflyover near [location] towards [location] vehicle puncher,54.72725916666666
FKID008166,unplanned,vehicle_breakdown,closed,12.8689677,77.6532202,Hosur Road,Unknown,Electronic City,unknown,2024-01-29 20:17:43.877000+00:00,1,1,0,1,False,High,High,private_bus,towards [location] near [location] vehicle puncher,43.12657125
FKID008168,unplanned,vehicle_breakdown,closed,12.9177748,77.6000238,Bannerghata Road,Unknown,Mico Layout,unknown,2024-01-29 21:10:59.778000+00:00,2,1,0,1,False,High,High,lcv,lcv is off road due starting problem [person] to [location] right side of the road traffic is moving little bit slow,21.635088383333333
FKID008169,unplanned,vehicle_breakdown,closed,12.8909512,77.5647569,Non-corridor,Unknown,K.S. Layout,unknown,2024-01-29 21:50:41.154000+00:00,3,1,0,1,False,Low,Low,bmtc_bus,bmtc bus off at vasantapura cross signal incoming side sir,13.002653716666666
FKID008170,unplanned,vehicle_breakdown,closed,12.9169757,77.583443,Non-corridor,Unknown,Jayanagara,unknown,2024-01-29 21:56:05.192000+00:00,3,1,0,1,False,Low,Low,bmtc_bus,bmtc bus off-road,15.77617945
FKID008172,unplanned,vehicle_breakdown,closed,12.9519525,77.5894857,Non-corridor,Unknown,Wilson Garden,unknown,2024-01-30 01:53:19.751000+00:00,7,1,0,1,True,Low,Low,truck,starting  problam,13.914063633333335
